mtllib master.mtl
v 0.0307656191289425 8.41094970703125 0.515742897987366
v 0 8.4173755645752 0.527506947517395
v 0 8.39402103424072 0.538769602775574
v 0.0313874930143356 8.38918399810791 0.525572180747986
v 0.0557961538434029 8.39206886291504 0.484614610671997
v 0.055053349584341 8.3740177154541 0.493200153112411
v 0 8.24869155883789 0.475079208612442
v 0.0221802648156881 8.25078105926514 0.471520632505417
v 0 8.26240730285645 0.482420980930328
v 0.0238213278353214 8.26727867126465 0.478793323040009
v 0 8.23972606658936 0.461052596569061
v 0.0209019649773836 8.24021053314209 0.457321345806122
v 0.0544487498700619 8.2486743927002 0.451983392238617
v 0.0581109151244164 8.2589864730835 0.458288639783859
v 0.0498710498213768 8.24064159393311 0.441981583833694
v 0.0483854562044144 8.21352195739746 0.435520946979523
v 0.0693046897649765 8.22880935668945 0.408555746078491
v 0.0452069751918316 8.2259578704834 0.434225380420685
v 0.0721549540758133 8.21701049804688 0.415310114622116
v 0.026170639321208 8.21125888824463 0.446075618267059
v 0.0285544991493225 8.18975162506104 0.437714874744415
v 0.0527731403708458 8.19469165802002 0.428144931793213
v 0.0569362565875053 8.1802339553833 0.412753373384476
v 0.078408271074295 8.20345020294189 0.409695893526077
v 0.0857153236865997 8.19248104095459 0.396740049123764
v 0.0270516313612461 8.17349720001221 0.422496169805527
v 0.0994311645627022 8.21659660339355 0.390400260686874
v 0.094283401966095 8.22687435150146 0.390452235937119
v 0.0607711561024189 8.16384029388428 0.394909024238586
v 0.0961144790053368 8.17537975311279 0.383577138185501
v 0.0258424263447523 8.15912437438965 0.400678813457489
v 0.126154571771622 8.23355960845947 0.397690236568451
v 0.147868439555168 8.21253681182861 0.383697867393494
v 0.15655742585659 8.23846530914307 0.398346722126007
v 0.126482784748077 8.22127723693848 0.385857284069061
v 0.109588481485844 8.14979553222656 0.371053129434586
v 0.129609450697899 8.19204902648926 0.378066539764404
v 0.15182426571846 8.16945362091064 0.364367991685867
v 0 8.2939510345459 0.469309568405151
v 0.0228021424263716 8.29629993438721 0.47095063328743
v 0 8.32349014282227 0.469240486621857
v 0.0205046534538269 8.32228088378906 0.46856689453125
v 0.0580936372280121 8.2883186340332 0.456077575683594
v 0.100294880568981 8.27764320373535 0.434950947761536
v 0.0906730592250824 8.24751758575439 0.429906725883484
v 0.0865790396928787 8.23898315429688 0.427056580781937
v 0.0696501806378365 8.34789848327637 0.453952699899673
v 0.054034162312746 8.3421802520752 0.4634710252285
v 0.0469171367585659 8.35808944702148 0.494184732437134
v 0 8.36748790740967 0.532447397708893
v 0.0276735089719296 8.3660192489624 0.521737158298492
v 0.0182071644812822 8.35214710235596 0.499868005514145
v 0 8.34770774841309 0.511735498905182
v 0.0176025610417128 8.34157562255859 0.477428704500198
v 0 8.33875942230225 0.483958274126053
v 0.124202571809292 8.38579845428467 0.430632263422012
v 0.0805157423019409 8.3672456741333 0.449841260910034
v 0.113216079771519 8.34936714172363 0.435054540634155
v 0.0860780775547028 8.3983907699585 0.444330960512161
v 0.187737628817558 8.19987392425537 0.371847778558731
v 0.193921849131584 8.2632884979248 0.397759169340134
v 0.228539645671844 8.23138332366943 0.369982063770294
v 0.0585082210600376 8.65417289733887 0.467150449752808
v 0.0871145501732826 8.58892726898193 0.421252429485321
v 0.109519377350807 8.62746715545654 0.429198741912842
v 0.0421494133770466 8.59932613372803 0.44728484749794
v 0 8.66211891174316 0.475493937730789
v 0 8.60264301300049 0.451447933912277
v 0.367926388978958 8.29687023162842 0.166697517037392
v 0.352327615022659 8.29901218414307 0.247748732566833
v 0.324412286281586 8.22138023376465 0.179048761725426
v 0.316137909889221 8.23046684265137 0.25419220328331
v 0.394390642642975 8.36999225616455 0.164089143276215
v 0.372642278671265 8.3660192489624 0.24714420735836
v 0.333464056253433 8.43851947784424 0.316103488206863
v 0.380640238523483 8.44781303405762 0.252499163150787
v 0.333757698535919 8.3648099899292 0.315222531557083
v 0.26920348405838 8.47196292877197 0.353174090385437
v 0.221716284751892 8.47628021240234 0.37029305100441
v 0.22717496752739 8.44332122802734 0.379673063755035
v 0.280621826648712 8.4345817565918 0.35531610250473
v 0.0750743225216866 8.54537868499756 0.418125718832016
v 0.0336677096784115 8.54955959320068 0.44127345085144
v 0 8.55159759521484 0.445989280939102
v 0 8.50703048706055 0.455749332904816
v 0.0305410493165255 8.50397205352783 0.448269426822662
v 0 8.43974590301514 0.504117429256439
v 0.0284854043275118 8.43292331695557 0.494875758886337
v 0.0545005761086941 8.41656398773193 0.468532353639603
v 0 8.46655559539795 0.48034805059433
v 0.028139915317297 8.45976638793945 0.472850859165192
v 0.0552951917052269 8.44793319702148 0.453935593366623
v 0.0868899896740913 8.43732738494873 0.435348093509674
v 0.121058642864227 8.5090160369873 0.38751545548439
v 0.139645829796791 8.4840030670166 0.393838107585907
v 0.144862696528435 8.50746154785156 0.37848111987114
v 0.123356126248837 8.52204132080078 0.376546323299408
v 0.108465641736984 8.5053186416626 0.399849504232407
v 0.107187338173389 8.54404830932617 0.393129676580429
v 0.0704966261982918 8.49963665008545 0.426417380571365
v 0.28291928768158 8.37398242950439 0.364540696144104
v 0.320473730564117 8.30538558959961 0.317865282297134
v 0.292351096868515 8.24485683441162 0.320266604423523
v 0.275301307439804 8.32165908813477 0.369515687227249
v 0.149302214384079 8.29312133789063 0.419282972812653
v 0.130749553442001 8.26220035552979 0.417693853378296
v 0.256385892629623 8.26852226257324 0.370431333780289
v 0.213614612817764 8.29495334625244 0.400713205337524
v 0.226138517260551 8.34235382080078 0.399814963340759
v 0.230007991194725 8.38954734802246 0.39283612370491
v 0.177131205797195 8.40918827056885 0.410473257303238
v 0.173451736569405 8.36463737487793 0.417676746845245
v 0.178616777062416 8.45999145507813 0.392767041921616
v 0.178599506616592 8.48851203918457 0.378999292850494
v 0.126983731985092 8.43197250366211 0.420768618583679
v 0.275007635354996 8.16644859313965 0.197463184595108
v 0.274904012680054 8.18161582946777 0.26457405090332
v 0.109743945300579 8.70875930786133 0.483716517686844
v 0 8.71934795379639 0.500662505626678
v 0.407691925764084 8.6679573059082 0.250840991735458
v 0.377496331930161 8.70141792297363 0.313201248645782
v 0.391903102397919 8.63183784484863 0.27815169095993
v 0.361811280250549 8.65875053405762 0.330147385597229
v 0.311957478523254 8.67557621002197 0.370310306549072
v 0.325414210557938 8.71910667419434 0.36849656701088
v 0.255850374698639 8.68329620361328 0.399642139673233
v 0.297567933797836 8.64152717590332 0.370033890008926
v 0.249113410711288 8.64992237091064 0.388828426599503
v 0.362744092941284 8.60077667236328 0.307069003582001
v 0.33817994594574 8.62558269500732 0.342343121767044
v 0.202127158641815 8.64418792724609 0.39711993932724
v 0.242272764444351 8.62985038757324 0.387601941823959
v 0.203595459461212 8.6263952255249 0.389001101255417
v 0.165280967950821 8.62810516357422 0.400436908006668
v 0.173158079385757 8.61147022247314 0.386081755161285
v 0.216447606682777 8.50497436523438 0.366820961236954
v 0.179204121232033 8.51747989654541 0.36889374256134
v 0.258821576833725 8.5000171661377 0.356387168169022
v 0.297723412513733 8.50870609283447 0.337851792573929
v 0.318642616271973 8.47999477386475 0.324118733406067
v 0.365214318037033 8.50941276550293 0.276096045970917
v 0.32539689540863 8.53282070159912 0.317848175764084
v 0.371001213788986 8.56178855895996 0.279067128896713
v 0.333343118429184 8.56479549407959 0.310800105333328
v 0.257923305034637 8.20156669616699 0.324187785387039
v 0.215221107006073 8.16539478302002 0.330700248479843
v 0.226933121681213 8.14000129699707 0.279049932956696
v 0.222217246890068 8.12200164794922 0.221198126673698
v 0.120004907250404 8.1165599822998 0.356490761041641
v 0.177200272679329 8.10830307006836 0.298069030046463
v 0.170670583844185 8.13822269439697 0.338629156351089
v 0.126517340540886 8.08223533630371 0.322529464960098
v 0.168545842170715 8.08772945404053 0.250063627958298
v 0.1164291203022 8.06033229827881 0.283333986997604
v 0 9.2798318862915 0.254900336265564
v 0.108880221843719 9.15569877624512 0.380087494850159
v 0.121093183755875 9.26490688323975 0.248733460903168
v 0 9.16317749023438 0.390849530696869
v 0.407346427440643 9.02973461151123 0.230923652648926
v 0.421200454235077 9.09853744506836 0.133288949728012
v 0.284439414739609 9.21850872039795 0.214202016592026
v 0.271449148654938 9.12294578552246 0.334137797355652
v 0 8.80041694641113 0.515069305896759
v 0.105148963630199 8.79563331604004 0.504704892635345
v 0 9.02505302429199 0.47039806842804
v 0.102886036038399 9.02237510681152 0.460378974676132
v 0 8.90147113800049 0.507900655269623
v 0.100536726415157 8.89696311950684 0.4994016289711
v 0.200226992368698 8.88607978820801 0.468860447406769
v 0.273297488689423 8.7805347442627 0.424672842025757
v 0.288896232843399 8.87561225891113 0.41470542550087
v 0.193576335906982 8.77341747283936 0.469482392072678
v 0.303026616573334 8.98791313171387 0.375043421983719
v 0.205409303307533 9.0128059387207 0.429630428552628
v 0.360429316759109 8.84923458099365 0.340926706790924
v 0.340753793716431 8.77298545837402 0.362208753824234
v 0.38431978225708 8.93982124328613 0.29727441072464
v 0.411561369895935 8.80204105377197 0.259443551301956
v 0.391194939613342 8.74849033355713 0.294009536504745
v 0.461121499538422 8.93721294403076 0.123770795762539
v 0.437991172075272 8.86599063873291 0.200624287128448
v 0.0932123959064484 8.04768753051758 0.24330934882164
v 0.143584400415421 8.07204437255859 0.201263591647148
v 0.204856500029564 8.10773277282715 0.162223443388939
v 0.405118048191071 8.58866786956787 0.226846814155579
v 0.408262014389038 8.52634239196777 0.194543838500977
v 0.428956687450409 8.63620758056641 0.158250451087952
v 0.431616902351379 8.54047298431396 0.107584774494171
v 0.37214133143425 8.29094505310059 0.0822951123118401
v 0.404789805412292 8.3671760559082 0.0764217972755432
v 0.321976572275162 8.21087837219238 0.101210460066795
v 0.26561039686203 8.15249061584473 0.128573045134544
v 0.305738717317581 8.19555568695068 0.0255834478884935
v 0.243706524372101 8.13863658905029 0.0657462328672409
v 0.176302000880241 8.09289455413818 0.111540585756302
v 0.363625049591064 8.27805805206299 -0.00165825721342117
v 0.405377149581909 8.35261344909668 -0.00989812146872282
v 0.426710993051529 8.46351528167725 0.085905484855175
v 0.442827939987183 8.53637886047363 0.0132668223232031
v 0.435037165880203 8.45012760162354 -0.00141642964445055
v 0.273815751075745 8.18367004394531 -0.0707902312278748
v 0.337368011474609 8.26779651641846 -0.0905692800879478
v 0.429492175579071 8.73328876495361 0.188221395015717
v 0.41886842250824 8.70264434814453 0.223512873053551
v 0.458478510379791 8.76693916320801 0.106531046330929
v 0.454073548316956 8.64503479003906 0.0443086959421635
v 0.261205434799194 8.6050443649292 0.323565989732742
v 0.282608360052109 8.62157535552979 0.375648111104965
v 0.2291269749403 8.61274909973145 0.332963287830353
v 0.304667711257935 8.5518913269043 0.288810074329376
v 0.293681204319 8.53268241882324 0.293940484523773
v 0.301851987838745 8.57198047637939 0.296928912401199
v 0.332341194152832 8.579270362854 0.325915366411209
v 0.270395398139954 8.517653465271 0.30357950925827
v 0.239146113395691 8.51222896575928 0.314496964216232
v 0.205651134252548 8.51708316802979 0.321510195732117
v 0.15087416768074 8.52853679656982 0.316466271877289
v 0.148973986506462 8.52501201629639 0.366924583911896
v 0.174989178776741 8.52572059631348 0.321993857622147
v 0.155935540795326 8.58441829681396 0.334604173898697
v 0.150252297520638 8.59355735778809 0.380847573280334
v 0.133237063884735 8.56978797912598 0.376788228750229
v 0.140941426157951 8.56486511230469 0.329991966485977
v 0.174004539847374 8.60000038146973 0.338076412677765
v 0.198188617825508 8.61033058166504 0.337886303663254
v 0.286823302507401 8.59043025970459 0.310541093349457
v 0.314652264118195 8.60141658782959 0.352552145719528
v 0.0553470179438591 8.31892871856689 0.454557240009308
v 0.0397482812404633 8.23561477661133 0.427333027124405
v 0.0205910243093967 8.23666858673096 0.437542200088501
v 0.0960453897714615 8.23191833496094 0.404789805412292
v 0.0798938721418381 8.23183155059814 0.420233160257339
v 0.263191998004913 8.72556686401367 0.41731396317482
v 0.194768279790878 8.72352886199951 0.453123539686203
v 0.112283267080784 8.20681858062744 0.38518351316452
v 0.131855100393295 8.5409049987793 0.329283684492111
v 0.118260204792023 8.57773303985596 0.395358294248581
v 0.138160243630409 8.60563182830811 0.399365693330765
v 0.162810742855072 8.32250499725342 0.420216053724289
v 0.145380929112434 8.66106510162354 0.434553623199463
v 0.197203978896141 8.68509387969971 0.426572769880295
v 0.113440662622452 8.24395847320557 0.413185238838196
v 0.104855306446552 8.23672103881836 0.409747689962387
v 0.111471369862556 8.22986316680908 0.380588561296463
v 0.113336995244026 8.23374938964844 0.394960999488831
v 0 8.23466491699219 0.445868402719498
v 0.0235449392348528 8.22435188293457 0.444780081510544
v 0.0288654398173094 8.35648345947266 0.481004387140274
v 0.0988438278436661 8.31892871856689 0.438302308320999
v 0.0353087708353996 8.34238719940186 0.470898985862732
v 0.0935233309864998 8.05219650268555 0.160876169800758
v 0.409246653318405 8.46033668518066 0.175421044230461
v 0.213597342371941 8.11944484710693 0.000829243217594922
v 0 8.21148300170898 0.450739800930023
v 0 8.18603801727295 0.441877990961075
v 0 8.1722354888916 0.423428952693939
v 0 8.15667152404785 0.400471299886703
v 0 8.22549152374268 0.448494046926498
v 0.0701856836676598 8.03519821166992 0.315118759870529
v 0.0310765542089939 8.02756309509277 0.32349693775177
v 0.0413375161588192 8.03112125396729 0.26156821846962
v 0 8.03511238098145 0.363866925239563
v 0 8.02295112609863 0.328437387943268
v 0 8.05361270904541 0.384907066822052
v 0.0401283130049706 8.04043292999268 0.359824866056442
v 0.040922936052084 8.0616455078125 0.380813032388687
v 0 8.12716579437256 0.396083861589432
v 0.0591301023960114 8.13383483886719 0.386686444282532
v 0 8.0848274230957 0.39686107635498
v 0.0394200645387173 8.08933544158936 0.39152330160141
v 0.0851279869675636 8.05770683288574 0.342446744441986
v 0.0851107239723206 8.08100986480713 0.36355596780777
v 0.0826232135295868 8.10172176361084 0.373799651861191
v 0.488967746496201 8.98191833496094 -0.00948353856801987
v 0.0551742762327194 8.03905010223389 0.206929609179497
v 0 8.03433513641357 0.206273123621941
v 0.115893617272377 8.05471801757813 0.0771300867199898
v 0 8.03474903106689 0.162240788340569
v 0.430407732725143 8.36391067504883 -0.105494439601898
v 0.440012216567993 8.43387317657471 -0.0922622308135033
v 0.377893656492233 8.31450748443604 -0.0951988473534584
v 0.490556955337524 8.79376697540283 -0.0172569379210472
v 0.473023504018784 8.61506366729736 -0.102436788380146
v 0.202334463596344 8.56201362609863 0.0396447479724884
v 0.174989178776741 8.52572059631348 0.321993857622147
v 0.205651134252548 8.51708316802979 0.321510195732117
v 0.198188617825508 8.61033058166504 0.337886303663254
v 0.174004539847374 8.60000038146973 0.338076412677765
v 0.15087416768074 8.52853679656982 0.316466271877289
v 0.155935540795326 8.58441829681396 0.334604173898697
v 0.140941426157951 8.56486511230469 0.329991966485977
v 0.286823302507401 8.59043025970459 0.310541093349457
v 0.261205434799194 8.6050443649292 0.323565989732742
v 0.301851987838745 8.57198047637939 0.296928912401199
v 0.2291269749403 8.61274909973145 0.332963287830353
v 0.304667711257935 8.5518913269043 0.288810074329376
v 0.293681204319 8.53268241882324 0.293940484523773
v 0.270395398139954 8.517653465271 0.30357950925827
v 0.239146113395691 8.51222896575928 0.314496964216232
v 0.131855100393295 8.5409049987793 0.329283684492111
v 0 8.02704429626465 0.122855365276337
v 0.305306851863861 8.28142738342285 -0.181380465626717
v 0.36941197514534 8.34067726135254 -0.172311514616013
v 0.449530392885208 8.52217960357666 -0.0877709612250328
v 0.398674696683884 8.34038352966309 -0.129143044352531
v 0 8.02714824676514 0.267735302448273
v 0 9.36084938049316 0.0980320870876312
v 0.121093183755875 9.26490688323975 0.248733460903168
v 0.177338466048241 9.32828617095947 0.0917096585035324
v 0 9.2798318862915 0.254900336265564
v 0.204061895608902 9.20959568023682 -0.478430271148682
v 0 8.97571659088135 -0.647943615913391
v 0 9.22445011138916 -0.497570276260376
v 0.22952426970005 8.96362495422363 -0.611460089683533
v 0 9.38546466827393 -0.0981182008981705
v 0.182468965649605 9.35438823699951 -0.098826564848423
v 0.189154133200645 9.33029079437256 -0.299468040466309
v 0 9.352126121521 -0.306792408227921
v 0.212871834635735 8.78202056884766 -0.637958884239197
v 0 8.78511238098145 -0.673475027084351
v 0 8.60001754760742 -0.634849548339844
v 0.185958385467529 8.60317897796631 -0.601561844348907
v 0.155538246035576 8.43506526947021 -0.508556723594666
v 0 8.42983150482178 -0.529700577259064
v 0.336469799280167 9.25392055511475 0.0502857752144337
v 0.335623294115067 9.27858829498291 -0.113285027444363
v 0.345210611820221 9.26115894317627 -0.274212926626205
v 0.345832526683807 9.16495800018311 -0.445315390825272
v 0.406413644552231 8.94063282012939 -0.505291938781738
v 0.399141132831573 8.78176116943359 -0.529717803001404
v 0.304512232542038 8.43247318267822 -0.446818232536316
v 0.35167121887207 8.58896255493164 -0.515293776988983
v 0.437732011079788 9.13819980621338 0.00490600569173694
v 0.44514274597168 9.16436958312988 -0.173589795827866
v 0.507796764373779 8.98243713378906 -0.168718487024307
v 0.488967746496201 8.98191833496094 -0.00948353856801987
v 0.444088965654373 9.11558818817139 -0.355782479047775
v 0.495393812656403 8.9876708984375 -0.341634750366211
v 0.117897443473339 8.30429744720459 -0.404651522636414
v 0 8.30611228942871 -0.418678313493729
v 0.241357192397118 8.29446887969971 -0.34325847029686
v 0.305306851863861 8.28142738342285 -0.181380465626717
v 0.383041441440582 8.37358474731445 -0.231165245175362
v 0.36941197514534 8.34067726135254 -0.172311514616013
v 0.329680949449539 8.33511447906494 -0.257163137197495
v 0.510128796100616 8.80591011047363 -0.165678188204765
v 0.490556955337524 8.79376697540283 -0.0172569379210472
v 0.544332027435303 8.46919822692871 -0.330354601144791
v 0.489123225212097 8.40509414672852 -0.28839510679245
v 0.45733842253685 8.48709487915039 -0.311421900987625
v 0.418540209531784 8.42547798156738 -0.281260848045349
v 0.567203283309937 8.45686435699463 -0.310247212648392
v 0.583665728569031 8.53879737854004 -0.339699983596802
v 0.608108937740326 8.52991771697998 -0.321285545825958
v 0.496119350194931 8.79513072967529 -0.338888168334961
v 0.466562926769257 8.35012626647949 -0.150822177529335
v 0.431668728590012 8.33639335632324 -0.142357900738716
v 0.437334686517715 8.33185005187988 -0.191503375768661
v 0.472988933324814 8.34570407867432 -0.188290327787399
v 0.449962258338928 8.3587121963501 -0.23520739376545
v 0.488432288169861 8.36468887329102 -0.22878135740757
v 0.440012216567993 8.43387317657471 -0.0922622308135033
v 0.453814417123795 8.37000942230225 -0.125083461403847
v 0.449340373277664 8.42112350463867 -0.14427524805069
v 0.430407732725143 8.36391067504883 -0.105494439601898
v 0.52026891708374 8.4002571105957 -0.275145769119263
v 0.462434351444244 8.52380275726318 -0.156885519623756
v 0.449530392885208 8.52217960357666 -0.0877709612250328
v 0.481729745864868 8.55888652801514 -0.307137757539749
v 0.619009077548981 8.57255077362061 -0.317658007144928
v 0.592544794082642 8.58609390258789 -0.335122287273407
v 0.393060564994812 8.43693065643311 -0.355989694595337
v 0.418540209531784 8.42547798156738 -0.281260848045349
v 0.443933486938477 8.56764507293701 -0.389691948890686
v 0.47234982252121 8.66752624511719 -0.376390695571899
v 0.490418791770935 8.60858535766602 -0.292696416378021
v 0.481729745864868 8.55888652801514 -0.307137757539749
v 0.600646376609802 8.64548301696777 -0.270654439926147
v 0.56571763753891 8.65805912017822 -0.282331824302673
v 0.567065119743347 8.65818023681641 -0.223357155919075
v 0.53490024805069 8.66833782196045 -0.229420498013496
v 0.430407732725143 8.36391067504883 -0.105494439601898
v 0.453814417123795 8.37000942230225 -0.125083461403847
v 0.615364193916321 8.61518478393555 -0.297395139932632
v 0.588450729846954 8.62667179107666 -0.319644421339035
v 0.490418791770935 8.60858535766602 -0.292696416378021
v 0.499574184417725 8.65285968780518 -0.255591124296188
v 0.284439414739609 9.21850872039795 0.214202016592026
v 0.421200454235077 9.09853744506836 0.133288949728012
v 0.45733842253685 8.48709487915039 -0.311421900987625
v 0.499574184417725 8.65285968780518 -0.255591124296188
v 0.501526176929474 8.66374206542969 -0.178772166371346
v 0.398674696683884 8.34038352966309 -0.129143044352531
v 0.473023504018784 8.61506366729736 -0.102436788380146
v 0.527886867523193 8.64613914489746 -0.182624295353889
v 0.508194088935852 8.51678943634033 -0.248888716101646
v 0.467599362134933 8.41089820861816 -0.191244214773178
v 0.472988933324814 8.34570407867432 -0.188290327787399
v 0.488432288169861 8.36468887329102 -0.22878135740757
v 0.501526176929474 8.66374206542969 -0.178772166371346
v 0.527886867523193 8.64613914489746 -0.182624295353889
v 0.473023504018784 8.61506366729736 -0.102436788380146
v 0.383041441440582 8.37358474731445 -0.231165245175362
v 0.600646376609802 8.64548301696777 -0.270654439926147
v 0.567065119743347 8.65818023681641 -0.223357155919075
v 0.619009077548981 8.57255077362061 -0.317658007144928
v 0.608108937740326 8.52991771697998 -0.321285545825958
v 0.567203283309937 8.45686435699463 -0.310247212648392
v 0.52026891708374 8.4002571105957 -0.275145769119263
v 0.466562926769257 8.35012626647949 -0.150822177529335
v 0.615364193916321 8.61518478393555 -0.297395139932632
v 0.36941197514534 8.34067726135254 -0.172311514616013
v 0.473023504018784 8.61506366729736 -0.102436788380146
v -0.0307656191289425 8.41094970703125 0.515742897987366
v -0.0313874930143356 8.38918399810791 0.525572180747986
v -0.0557961538434029 8.39206886291504 0.484614610671997
v -0.055053349584341 8.3740177154541 0.493200153112411
v -0.0238213278353214 8.26727867126465 0.478793323040009
v -0.0221802648156881 8.25078105926514 0.471520632505417
v -0.0209019649773836 8.24021053314209 0.457321345806122
v -0.0544487498700619 8.2486743927002 0.451983392238617
v -0.0581109151244164 8.2589864730835 0.458288639783859
v -0.0498710498213768 8.24064159393311 0.441981583833694
v -0.0693046897649765 8.22880935668945 0.408555746078491
v -0.0483854562044144 8.21352195739746 0.435520946979523
v -0.0452069751918316 8.2259578704834 0.434225380420685
v -0.0721549540758133 8.21701049804688 0.415310114622116
v -0.0285544991493225 8.18975162506104 0.437714874744415
v -0.026170639321208 8.21125888824463 0.446075618267059
v -0.0527731403708458 8.19469165802002 0.428144931793213
v -0.078408271074295 8.20345020294189 0.409695893526077
v -0.0569362565875053 8.1802339553833 0.412753373384476
v -0.0857153236865997 8.19248104095459 0.396740049123764
v -0.0270516313612461 8.17349720001221 0.422496169805527
v -0.0994311645627022 8.21659660339355 0.390400260686874
v -0.094283401966095 8.22687435150146 0.390452235937119
v -0.0607711561024189 8.16384029388428 0.394909024238586
v -0.0961144790053368 8.17537975311279 0.383577138185501
v -0.0258424263447523 8.15912437438965 0.400678813457489
v -0.15655742585659 8.23846530914307 0.398346722126007
v -0.147868439555168 8.21253681182861 0.383697867393494
v -0.126154571771622 8.23355960845947 0.397690236568451
v -0.126482784748077 8.22127723693848 0.385857284069061
v -0.109588481485844 8.14979553222656 0.371053129434586
v -0.129609450697899 8.19204902648926 0.378066539764404
v -0.15182426571846 8.16945362091064 0.364367991685867
v -0.0228021424263716 8.29629993438721 0.47095063328743
v -0.0205046534538269 8.32228088378906 0.46856689453125
v -0.0580936372280121 8.2883186340332 0.456077575683594
v -0.100294880568981 8.27764320373535 0.434950947761536
v -0.0906730592250824 8.24751758575439 0.429906725883484
v -0.0865790396928787 8.23898315429688 0.427056580781937
v -0.0696501806378365 8.34789848327637 0.453952699899673
v -0.054034162312746 8.3421802520752 0.4634710252285
v -0.0469171367585659 8.35808944702148 0.494184732437134
v -0.0276735089719296 8.3660192489624 0.521737158298492
v -0.0182071644812822 8.35214710235596 0.499868005514145
v -0.0176025610417128 8.34157562255859 0.477428704500198
v -0.124202571809292 8.38579845428467 0.430632263422012
v -0.113216079771519 8.34936714172363 0.435054540634155
v -0.0805157423019409 8.3672456741333 0.449841260910034
v -0.0860780775547028 8.3983907699585 0.444330960512161
v -0.193921849131584 8.2632884979248 0.397759169340134
v -0.187737628817558 8.19987392425537 0.371847778558731
v -0.228539645671844 8.23138332366943 0.369982063770294
v -0.0871145501732826 8.58892726898193 0.421252429485321
v -0.0585082210600376 8.65417289733887 0.467150449752808
v -0.109519377350807 8.62746715545654 0.429198741912842
v -0.0421494133770466 8.59932613372803 0.44728484749794
v -0.324412286281586 8.22138023376465 0.179048761725426
v -0.352327615022659 8.29901218414307 0.247748732566833
v -0.367926388978958 8.29687023162842 0.166697517037392
v -0.316137909889221 8.23046684265137 0.25419220328331
v -0.394390642642975 8.36999225616455 0.164089143276215
v -0.372642278671265 8.3660192489624 0.24714420735836
v -0.333464056253433 8.43851947784424 0.316103488206863
v -0.380640238523483 8.44781303405762 0.252499163150787
v -0.333757698535919 8.3648099899292 0.315222531557083
v -0.221716284751892 8.47628021240234 0.37029305100441
v -0.26920348405838 8.47196292877197 0.353174090385437
v -0.22717496752739 8.44332122802734 0.379673063755035
v -0.280621826648712 8.4345817565918 0.35531610250473
v -0.0750743225216866 8.54537868499756 0.418125718832016
v -0.0336677096784115 8.54955959320068 0.44127345085144
v -0.0305410493165255 8.50397205352783 0.448269426822662
v -0.0284854043275118 8.43292331695557 0.494875758886337
v -0.0545005761086941 8.41656398773193 0.468532353639603
v -0.028139915317297 8.45976638793945 0.472850859165192
v -0.0552951917052269 8.44793319702148 0.453935593366623
v -0.0868899896740913 8.43732738494873 0.435348093509674
v -0.139645829796791 8.4840030670166 0.393838107585907
v -0.121058642864227 8.5090160369873 0.38751545548439
v -0.144862696528435 8.50746154785156 0.37848111987114
v -0.123356126248837 8.52204132080078 0.376546323299408
v -0.107187338173389 8.54404830932617 0.393129676580429
v -0.108465641736984 8.5053186416626 0.399849504232407
v -0.0704966261982918 8.49963665008545 0.426417380571365
v -0.28291928768158 8.37398242950439 0.364540696144104
v -0.320473730564117 8.30538558959961 0.317865282297134
v -0.292351096868515 8.24485683441162 0.320266604423523
v -0.275301307439804 8.32165908813477 0.369515687227249
v -0.149302214384079 8.29312133789063 0.419282972812653
v -0.130749553442001 8.26220035552979 0.417693853378296
v -0.256385892629623 8.26852226257324 0.370431333780289
v -0.213614612817764 8.29495334625244 0.400713205337524
v -0.226138517260551 8.34235382080078 0.399814963340759
v -0.230007991194725 8.38954734802246 0.39283612370491
v -0.173451736569405 8.36463737487793 0.417676746845245
v -0.177131205797195 8.40918827056885 0.410473257303238
v -0.178599506616592 8.48851203918457 0.378999292850494
v -0.178616777062416 8.45999145507813 0.392767041921616
v -0.126983731985092 8.43197250366211 0.420768618583679
v -0.275007635354996 8.16644859313965 0.197463184595108
v -0.274904012680054 8.18161582946777 0.26457405090332
v -0.109743945300579 8.70875930786133 0.483716517686844
v -0.407691925764084 8.6679573059082 0.250840991735458
v -0.391903102397919 8.63183784484863 0.27815169095993
v -0.377496331930161 8.70141792297363 0.313201248645782
v -0.361811280250549 8.65875053405762 0.330147385597229
v -0.311957478523254 8.67557621002197 0.370310306549072
v -0.325414210557938 8.71910667419434 0.36849656701088
v -0.255850374698639 8.68329620361328 0.399642139673233
v -0.297567933797836 8.64152717590332 0.370033890008926
v -0.249113410711288 8.64992237091064 0.388828426599503
v -0.362744092941284 8.60077667236328 0.307069003582001
v -0.33817994594574 8.62558269500732 0.342343121767044
v -0.202127158641815 8.64418792724609 0.39711993932724
v -0.242272764444351 8.62985038757324 0.387601941823959
v -0.203595459461212 8.6263952255249 0.389001101255417
v -0.173158079385757 8.61147022247314 0.386081755161285
v -0.165280967950821 8.62810516357422 0.400436908006668
v -0.216447606682777 8.50497436523438 0.366820961236954
v -0.179204121232033 8.51747989654541 0.36889374256134
v -0.258821576833725 8.5000171661377 0.356387168169022
v -0.297723412513733 8.50870609283447 0.337851792573929
v -0.318642616271973 8.47999477386475 0.324118733406067
v -0.32539689540863 8.53282070159912 0.317848175764084
v -0.365214318037033 8.50941276550293 0.276096045970917
v -0.371001213788986 8.56178855895996 0.279067128896713
v -0.333343118429184 8.56479549407959 0.310800105333328
v -0.257923305034637 8.20156669616699 0.324187785387039
v -0.215221107006073 8.16539478302002 0.330700248479843
v -0.226933121681213 8.14000129699707 0.279049932956696
v -0.222217246890068 8.12200164794922 0.221198126673698
v -0.120004907250404 8.1165599822998 0.356490761041641
v -0.177200272679329 8.10830307006836 0.298069030046463
v -0.126517340540886 8.08223533630371 0.322529464960098
v -0.170670583844185 8.13822269439697 0.338629156351089
v -0.168545842170715 8.08772945404053 0.250063627958298
v -0.1164291203022 8.06033229827881 0.283333986997604
v 0 9.2798318862915 0.254900336265564
v -0.121093183755875 9.26490688323975 0.248733460903168
v -0.108880221843719 9.15569877624512 0.380087494850159
v 0 9.16317749023438 0.390849530696869
v -0.284439414739609 9.21850872039795 0.214202016592026
v -0.407346427440643 9.02973461151123 0.230923652648926
v -0.271449148654938 9.12294578552246 0.334137797355652
v -0.421200454235077 9.09853744506836 0.133288949728012
v -0.105148963630199 8.79563331604004 0.504704892635345
v -0.102886036038399 9.02237510681152 0.460378974676132
v -0.100536726415157 8.89696311950684 0.4994016289711
v -0.273297488689423 8.7805347442627 0.424672842025757
v -0.200226992368698 8.88607978820801 0.468860447406769
v -0.288896232843399 8.87561225891113 0.41470542550087
v -0.193576335906982 8.77341747283936 0.469482392072678
v -0.303026616573334 8.98791313171387 0.375043421983719
v -0.205409303307533 9.0128059387207 0.429630428552628
v -0.360429316759109 8.84923458099365 0.340926706790924
v -0.340753793716431 8.77298545837402 0.362208753824234
v -0.38431978225708 8.93982124328613 0.29727441072464
v -0.411561369895935 8.80204105377197 0.259443551301956
v -0.391194939613342 8.74849033355713 0.294009536504745
v -0.437991172075272 8.86599063873291 0.200624287128448
v -0.461121499538422 8.93721294403076 0.123770795762539
v -0.143584400415421 8.07204437255859 0.201263591647148
v -0.0932123959064484 8.04768753051758 0.24330934882164
v -0.204856500029564 8.10773277282715 0.162223443388939
v -0.428956687450409 8.63620758056641 0.158250451087952
v -0.408262014389038 8.52634239196777 0.194543838500977
v -0.405118048191071 8.58866786956787 0.226846814155579
v -0.431616902351379 8.54047298431396 0.107584774494171
v -0.404789805412292 8.3671760559082 0.0764217972755432
v -0.37214133143425 8.29094505310059 0.0822951123118401
v -0.321976572275162 8.21087837219238 0.101210460066795
v -0.26561039686203 8.15249061584473 0.128573045134544
v -0.305738717317581 8.19555568695068 0.0255834478884935
v -0.243706524372101 8.13863658905029 0.0657462328672409
v -0.176302000880241 8.09289455413818 0.111540585756302
v -0.363625049591064 8.27805805206299 -0.00165825721342117
v -0.405377149581909 8.35261344909668 -0.00989812146872282
v -0.442827939987183 8.53637886047363 0.0132668223232031
v -0.426710993051529 8.46351528167725 0.085905484855175
v -0.435037165880203 8.45012760162354 -0.00141642964445055
v -0.273815751075745 8.18367004394531 -0.0707902312278748
v -0.337368011474609 8.26779651641846 -0.0905692800879478
v -0.41886842250824 8.70264434814453 0.223512873053551
v -0.429492175579071 8.73328876495361 0.188221395015717
v -0.458478510379791 8.76693916320801 0.106531046330929
v -0.454073548316956 8.64503479003906 0.0443086959421635
v -0.261205434799194 8.6050443649292 0.323565989732742
v -0.282608360052109 8.62157535552979 0.375648111104965
v -0.2291269749403 8.61274909973145 0.332963287830353
v -0.304667711257935 8.5518913269043 0.288810074329376
v -0.293681204319 8.53268241882324 0.293940484523773
v -0.301851987838745 8.57198047637939 0.296928912401199
v -0.332341194152832 8.579270362854 0.325915366411209
v -0.239146113395691 8.51222896575928 0.314496964216232
v -0.270395398139954 8.517653465271 0.30357950925827
v -0.205651134252548 8.51708316802979 0.321510195732117
v -0.174989178776741 8.52572059631348 0.321993857622147
v -0.148973986506462 8.52501201629639 0.366924583911896
v -0.15087416768074 8.52853679656982 0.316466271877289
v -0.155935540795326 8.58441829681396 0.334604173898697
v -0.133237063884735 8.56978797912598 0.376788228750229
v -0.150252297520638 8.59355735778809 0.380847573280334
v -0.140941426157951 8.56486511230469 0.329991966485977
v -0.174004539847374 8.60000038146973 0.338076412677765
v -0.198188617825508 8.61033058166504 0.337886303663254
v -0.314652264118195 8.60141658782959 0.352552145719528
v -0.286823302507401 8.59043025970459 0.310541093349457
v -0.0553470179438591 8.31892871856689 0.454557240009308
v -0.0205910243093967 8.23666858673096 0.437542200088501
v -0.0397482812404633 8.23561477661133 0.427333027124405
v -0.0960453897714615 8.23191833496094 0.404789805412292
v -0.0798938721418381 8.23183155059814 0.420233160257339
v -0.263191998004913 8.72556686401367 0.41731396317482
v -0.194768279790878 8.72352886199951 0.453123539686203
v -0.112283267080784 8.20681858062744 0.38518351316452
v -0.131855100393295 8.5409049987793 0.329283684492111
v -0.118260204792023 8.57773303985596 0.395358294248581
v -0.138160243630409 8.60563182830811 0.399365693330765
v -0.162810742855072 8.32250499725342 0.420216053724289
v -0.145380929112434 8.66106510162354 0.434553623199463
v -0.197203978896141 8.68509387969971 0.426572769880295
v -0.113440662622452 8.24395847320557 0.413185238838196
v -0.104855306446552 8.23672103881836 0.409747689962387
v -0.111471369862556 8.22986316680908 0.380588561296463
v -0.113336995244026 8.23374938964844 0.394960999488831
v -0.0235449392348528 8.22435188293457 0.444780081510544
v -0.0288654398173094 8.35648345947266 0.481004387140274
v -0.0988438278436661 8.31892871856689 0.438302308320999
v -0.0353087708353996 8.34238719940186 0.470898985862732
v -0.0935233309864998 8.05219650268555 0.160876169800758
v -0.409246653318405 8.46033668518066 0.175421044230461
v -0.213597342371941 8.11944484710693 0.000829243217594922
v -0.0701856836676598 8.03519821166992 0.315118759870529
v -0.0413375161588192 8.03112125396729 0.26156821846962
v -0.0310765542089939 8.02756309509277 0.32349693775177
v -0.040922936052084 8.0616455078125 0.380813032388687
v -0.0401283130049706 8.04043292999268 0.359824866056442
v -0.0591301023960114 8.13383483886719 0.386686444282532
v -0.0394200645387173 8.08933544158936 0.39152330160141
v -0.0851279869675636 8.05770683288574 0.342446744441986
v -0.0851107239723206 8.08100986480713 0.36355596780777
v -0.0826232135295868 8.10172176361084 0.373799651861191
v -0.488967746496201 8.98191833496094 -0.00948353856801987
v -0.0551742762327194 8.03905010223389 0.206929609179497
v -0.115893617272377 8.05471801757813 0.0771300867199898
v 0 8.03474903106689 0.162240788340569
v -0.430407732725143 8.36391067504883 -0.105494439601898
v -0.440012216567993 8.43387317657471 -0.0922622308135033
v -0.377893656492233 8.31450748443604 -0.0951988473534584
v -0.490556955337524 8.79376697540283 -0.0172569379210472
v -0.473023504018784 8.61506366729736 -0.102436788380146
v -0.202334463596344 8.56201362609863 0.0396447479724884
v -0.205651134252548 8.51708316802979 0.321510195732117
v -0.174989178776741 8.52572059631348 0.321993857622147
v -0.174004539847374 8.60000038146973 0.338076412677765
v -0.198188617825508 8.61033058166504 0.337886303663254
v -0.15087416768074 8.52853679656982 0.316466271877289
v -0.140941426157951 8.56486511230469 0.329991966485977
v -0.155935540795326 8.58441829681396 0.334604173898697
v -0.261205434799194 8.6050443649292 0.323565989732742
v -0.286823302507401 8.59043025970459 0.310541093349457
v -0.301851987838745 8.57198047637939 0.296928912401199
v -0.2291269749403 8.61274909973145 0.332963287830353
v -0.304667711257935 8.5518913269043 0.288810074329376
v -0.293681204319 8.53268241882324 0.293940484523773
v -0.270395398139954 8.517653465271 0.30357950925827
v -0.239146113395691 8.51222896575928 0.314496964216232
v -0.131855100393295 8.5409049987793 0.329283684492111
v 0 8.02704429626465 0.122855365276337
v -0.305306851863861 8.28142738342285 -0.181380465626717
v -0.36941197514534 8.34067726135254 -0.172311514616013
v -0.449530392885208 8.52217960357666 -0.0877709612250328
v -0.398674696683884 8.34038352966309 -0.129143044352531
v -0.177338466048241 9.32828617095947 0.0917096585035324
v -0.121093183755875 9.26490688323975 0.248733460903168
v -0.204061895608902 9.20959568023682 -0.478430271148682
v -0.22952426970005 8.96362495422363 -0.611460089683533
v -0.182468965649605 9.35438823699951 -0.098826564848423
v -0.189154133200645 9.33029079437256 -0.299468040466309
v -0.212871834635735 8.78202056884766 -0.637958884239197
v -0.185958385467529 8.60317897796631 -0.601561844348907
v -0.155538246035576 8.43506526947021 -0.508556723594666
v -0.335623294115067 9.27858829498291 -0.113285027444363
v -0.336469799280167 9.25392055511475 0.0502857752144337
v -0.345210611820221 9.26115894317627 -0.274212926626205
v -0.345832526683807 9.16495800018311 -0.445315390825272
v -0.406413644552231 8.94063282012939 -0.505291938781738
v -0.399141132831573 8.78176116943359 -0.529717803001404
v -0.304512232542038 8.43247318267822 -0.446818232536316
v -0.35167121887207 8.58896255493164 -0.515293776988983
v -0.437732011079788 9.13819980621338 0.00490600569173694
v -0.44514274597168 9.16436958312988 -0.173589795827866
v -0.507796764373779 8.98243713378906 -0.168718487024307
v -0.488967746496201 8.98191833496094 -0.00948353856801987
v -0.444088965654373 9.11558818817139 -0.355782479047775
v -0.495393812656403 8.9876708984375 -0.341634750366211
v -0.117897443473339 8.30429744720459 -0.404651522636414
v -0.241357192397118 8.29446887969971 -0.34325847029686
v -0.305306851863861 8.28142738342285 -0.181380465626717
v -0.383041441440582 8.37358474731445 -0.231165245175362
v -0.329680949449539 8.33511447906494 -0.257163137197495
v -0.36941197514534 8.34067726135254 -0.172311514616013
v -0.510128796100616 8.80591011047363 -0.165678188204765
v -0.490556955337524 8.79376697540283 -0.0172569379210472
v -0.544332027435303 8.46919822692871 -0.330354601144791
v -0.45733842253685 8.48709487915039 -0.311421900987625
v -0.489123225212097 8.40509414672852 -0.28839510679245
v -0.418540209531784 8.42547798156738 -0.281260848045349
v -0.567203283309937 8.45686435699463 -0.310247212648392
v -0.583665728569031 8.53879737854004 -0.339699983596802
v -0.608108937740326 8.52991771697998 -0.321285545825958
v -0.496119350194931 8.79513072967529 -0.338888168334961
v -0.431668728590012 8.33639335632324 -0.142357900738716
v -0.466562926769257 8.35012626647949 -0.150822177529335
v -0.437334686517715 8.33185005187988 -0.191503375768661
v -0.472988933324814 8.34570407867432 -0.188290327787399
v -0.449962258338928 8.3587121963501 -0.23520739376545
v -0.488432288169861 8.36468887329102 -0.22878135740757
v -0.440012216567993 8.43387317657471 -0.0922622308135033
v -0.453814417123795 8.37000942230225 -0.125083461403847
v -0.430407732725143 8.36391067504883 -0.105494439601898
v -0.449340373277664 8.42112350463867 -0.14427524805069
v -0.52026891708374 8.4002571105957 -0.275145769119263
v -0.449530392885208 8.52217960357666 -0.0877709612250328
v -0.462434351444244 8.52380275726318 -0.156885519623756
v -0.481729745864868 8.55888652801514 -0.307137757539749
v -0.619009077548981 8.57255077362061 -0.317658007144928
v -0.592544794082642 8.58609390258789 -0.335122287273407
v -0.393060564994812 8.43693065643311 -0.355989694595337
v -0.418540209531784 8.42547798156738 -0.281260848045349
v -0.443933486938477 8.56764507293701 -0.389691948890686
v -0.490418791770935 8.60858535766602 -0.292696416378021
v -0.47234982252121 8.66752624511719 -0.376390695571899
v -0.481729745864868 8.55888652801514 -0.307137757539749
v -0.600646376609802 8.64548301696777 -0.270654439926147
v -0.567065119743347 8.65818023681641 -0.223357155919075
v -0.56571763753891 8.65805912017822 -0.282331824302673
v -0.53490024805069 8.66833782196045 -0.229420498013496
v -0.430407732725143 8.36391067504883 -0.105494439601898
v -0.453814417123795 8.37000942230225 -0.125083461403847
v -0.615364193916321 8.61518478393555 -0.297395139932632
v -0.588450729846954 8.62667179107666 -0.319644421339035
v -0.490418791770935 8.60858535766602 -0.292696416378021
v -0.499574184417725 8.65285968780518 -0.255591124296188
v -0.284439414739609 9.21850872039795 0.214202016592026
v -0.421200454235077 9.09853744506836 0.133288949728012
v -0.45733842253685 8.48709487915039 -0.311421900987625
v -0.499574184417725 8.65285968780518 -0.255591124296188
v -0.501526176929474 8.66374206542969 -0.178772166371346
v -0.398674696683884 8.34038352966309 -0.129143044352531
v -0.473023504018784 8.61506366729736 -0.102436788380146
v -0.527886867523193 8.64613914489746 -0.182624295353889
v -0.508194088935852 8.51678943634033 -0.248888716101646
v -0.467599362134933 8.41089820861816 -0.191244214773178
v -0.488432288169861 8.36468887329102 -0.22878135740757
v -0.472988933324814 8.34570407867432 -0.188290327787399
v -0.501526176929474 8.66374206542969 -0.178772166371346
v -0.527886867523193 8.64613914489746 -0.182624295353889
v -0.473023504018784 8.61506366729736 -0.102436788380146
v -0.383041441440582 8.37358474731445 -0.231165245175362
v -0.600646376609802 8.64548301696777 -0.270654439926147
v -0.567065119743347 8.65818023681641 -0.223357155919075
v -0.619009077548981 8.57255077362061 -0.317658007144928
v -0.608108937740326 8.52991771697998 -0.321285545825958
v -0.567203283309937 8.45686435699463 -0.310247212648392
v -0.52026891708374 8.4002571105957 -0.275145769119263
v -0.466562926769257 8.35012626647949 -0.150822177529335
v -0.615364193916321 8.61518478393555 -0.297395139932632
v -0.36941197514534 8.34067726135254 -0.172311514616013
v -0.473023504018784 8.61506366729736 -0.102436788380146
v 0.241823613643646 8.52295684814453 0.358149260282516
v 0.223288252949715 8.56201362609863 0.374283313751221
v 0.214841097593307 8.52012348175049 0.361725091934204
v 0.26205188035965 8.54118061065674 0.358736366033554
v 0.270412683486938 8.5665225982666 0.360187470912933
v 0.256886839866638 8.59371185302734 0.369446605443954
v 0.231839060783386 8.60882759094238 0.376753717660904
v 0.201004341244698 8.60134696960449 0.380415886640549
v 0.179463237524033 8.5799446105957 0.377340972423553
v 0.177822172641754 8.55375671386719 0.372832357883453
v 0.190294235944748 8.53086853027344 0.365335315465927
v 0.209105998277664 8.49384880065918 0.34343147277832
v 0.255608558654785 8.49894428253174 0.338888317346573
v 0.290882766246796 8.53033256530762 0.336780697107315
v 0.305116832256317 8.57393360137939 0.33500149846077
v 0.281796485185623 8.62067699432373 0.355091452598572
v 0.238420590758324 8.6466064453125 0.363262385129929
v 0.185405597090721 8.63404750823975 0.36975759267807
v 0.148283019661903 8.59716606140137 0.368617445230484
v 0.145657315850258 8.5518913269043 0.362899631261826
v 0.166991129517555 8.51224613189697 0.353260606527328
v 0.205772072076797 8.48101425170898 0.317778944969177
v 0.265541315078735 8.48771667480469 0.310333698987961
v 0.311093777418137 8.52753448486328 0.306049734354019
v 0.329128175973892 8.58455657958984 0.310454726219177
v 0.299208998680115 8.6435489654541 0.334604173898697
v 0.243533775210381 8.67680168151855 0.344623267650604
v 0.175507396459579 8.66077136993408 0.350496500730515
v 0.127812922000885 8.61345672607422 0.357129991054535
v 0.124548062682152 8.55527687072754 0.353830754756927
v 0.151841536164284 8.50436878204346 0.344329714775085
v -0.241823613643646 8.52295684814453 0.358149260282516
v -0.214841097593307 8.52012348175049 0.361725091934204
v -0.223288252949715 8.56201362609863 0.374283313751221
v -0.26205188035965 8.54118061065674 0.358736366033554
v -0.270412683486938 8.5665225982666 0.360187470912933
v -0.256886839866638 8.59371185302734 0.369446605443954
v -0.231839060783386 8.60882759094238 0.376753717660904
v -0.201004341244698 8.60134696960449 0.380415886640549
v -0.179463237524033 8.5799446105957 0.377340972423553
v -0.177822172641754 8.55375671386719 0.372832357883453
v -0.190294235944748 8.53086853027344 0.365335315465927
v -0.255608558654785 8.49894428253174 0.338888317346573
v -0.209105998277664 8.49384880065918 0.34343147277832
v -0.290882766246796 8.53033256530762 0.336780697107315
v -0.305116832256317 8.57393360137939 0.33500149846077
v -0.281796485185623 8.62067699432373 0.355091452598572
v -0.238420590758324 8.6466064453125 0.363262385129929
v -0.185405597090721 8.63404750823975 0.36975759267807
v -0.148283019661903 8.59716606140137 0.368617445230484
v -0.145657315850258 8.5518913269043 0.362899631261826
v -0.166991129517555 8.51224613189697 0.353260606527328
v -0.265541315078735 8.48771667480469 0.310333698987961
v -0.205772072076797 8.48101425170898 0.317778944969177
v -0.311093777418137 8.52753448486328 0.306049734354019
v -0.329128175973892 8.58455657958984 0.310454726219177
v -0.299208998680115 8.6435489654541 0.334604173898697
v -0.243533775210381 8.67680168151855 0.344623267650604
v -0.175507396459579 8.66077136993408 0.350496500730515
v -0.127812922000885 8.61345672607422 0.357129991054535
v -0.124548062682152 8.55527687072754 0.353830754756927
v -0.151841536164284 8.50436878204346 0.344329714775085
v 0 9.36084938049316 0.0980320870876312
v 0 9.2798318862915 0.254900336265564
v 0 9.22445011138916 -0.497570276260376
v 0 8.97571659088135 -0.647943615913391
v 0 9.38546466827393 -0.0981182008981705
v 0 9.352126121521 -0.306792408227921
v 0 8.78511238098145 -0.673475027084351
v 0 8.60001754760742 -0.634849548339844
v 0 8.42983150482178 -0.529700577259064
v 0 8.30611228942871 -0.418678313493729
vt 0.514500021934509 0.474900007247925
vt 0.502699971199036 0.476799994707108
vt 0.502699971199036 0.469500005245209
vt 0.513199985027313 0.467700004577637
vt 0.532400012016296 0.467200011014938
vt 0.527800023555756 0.459399998188019
vt 0.502699971199036 0.390199989080429
vt 0.51419997215271 0.390100002288818
vt 0.502699971199036 0.396299988031387
vt 0.514699995517731 0.397599995136261
vt 0.502699971199036 0.382999986410141
vt 0.514699995517731 0.382600009441376
vt 0.531499981880188 0.386900007724762
vt 0.532700002193451 0.392599999904633
vt 0.530499994754791 0.38060000538826
vt 0.526700019836426 0.361299991607666
vt 0.544099986553192 0.367500007152557
vt 0.526799976825714 0.366699993610382
vt 0.541499972343445 0.361400008201599
vt 0.515999972820282 0.362100005149841
vt 0.516700029373169 0.352899998426437
vt 0.528299987316132 0.352999985218048
vt 0.532000005245209 0.344500005245209
vt 0.544099986553192 0.354699999094009
vt 0.549700021743774 0.347600013017654
vt 0.516700029373169 0.343699991703033
vt 0.559599995613098 0.358500003814697
vt 0.558700025081635 0.36370000243187
vt 0.535700023174286 0.333400011062622
vt 0.556100010871887 0.337199985980988
vt 0.517400026321411 0.331900000572205
vt 0.574599981307983 0.370099991559982
vt 0.585500001907349 0.356499999761581
vt 0.590699970722198 0.37270000576973
vt 0.574299991130829 0.361099988222122
vt 0.56360000371933 0.321799993515015
vt 0.575399994850159 0.344799995422363
vt 0.587400019168854 0.330099999904633
vt 0.502699971199036 0.412900000810623
vt 0.515500009059906 0.412900000810623
vt 0.502699971199036 0.428900003433228
vt 0.514900028705597 0.42739999294281
vt 0.535700023174286 0.407599985599518
vt 0.559899985790253 0.399500012397766
vt 0.552799999713898 0.38400000333786
vt 0.550400018692017 0.379599988460541
vt 0.545099973678589 0.439900010824203
vt 0.533999979496002 0.438400000333786
vt 0.523299992084503 0.453299999237061
vt 0.502699971199036 0.462300002574921
vt 0.512099981307983 0.460299998521805
vt 0.51120001077652 0.450500011444092
vt 0.502699971199036 0.453299999237061
vt 0.513100028038025 0.439000010490417
vt 0.502699971199036 0.440600007772446
vt 0.583400011062622 0.456000000238419
vt 0.553200006484985 0.449499994516373
vt 0.573099970817566 0.437200009822845
vt 0.559899985790253 0.466699987649918
vt 0.605799973011017 0.347299993038177
vt 0.609899997711182 0.384400010108948
vt 0.626699984073639 0.362199991941452
vt 0.538100004196167 0.607200026512146
vt 0.560400009155273 0.568700015544891
vt 0.571799993515015 0.588900029659271
vt 0.529500007629395 0.578999996185303
vt 0.502699971199036 0.612200021743774
vt 0.502699971199036 0.580900013446808
vt 0.759700000286102 0.34400001168251
vt 0.721199989318848 0.368000000715256
vt 0.723399996757507 0.303600013256073
vt 0.694100022315979 0.333000004291534
vt 0.782999992370605 0.384799987077713
vt 0.739199995994568 0.404599994421005
vt 0.70660001039505 0.457399994134903
vt 0.750599980354309 0.450300008058548
vt 0.699199974536896 0.418000012636185
vt 0.669700026512146 0.483700007200241
vt 0.64300000667572 0.491899996995926
vt 0.642000019550323 0.474000006914139
vt 0.671999990940094 0.462900012731552
vt 0.553699970245361 0.547599971294403
vt 0.524699985980988 0.554499983787537
vt 0.502699971199036 0.556900024414063
vt 0.502699971199036 0.531899988651276
vt 0.523299992084503 0.528699994087219
vt 0.502699971199036 0.488900005817413
vt 0.517000019550323 0.485799998044968
vt 0.537299990653992 0.479600012302399
vt 0.502699971199036 0.505400002002716
vt 0.519400000572205 0.501500010490417
vt 0.539499998092651 0.49549999833107
vt 0.563700020313263 0.488599985837936
vt 0.589200019836426 0.523299992084503
vt 0.59850001335144 0.507099986076355
vt 0.603999972343445 0.518499970436096
vt 0.5935999751091 0.530200004577637
vt 0.579100012779236 0.522599995136261
vt 0.57779997587204 0.542699992656708
vt 0.550000011920929 0.523000001907349
vt 0.66540002822876 0.432099997997284
vt 0.685599982738495 0.387499988079071
vt 0.666100025177002 0.357800006866455
vt 0.655399978160858 0.406699985265732
vt 0.589200019836426 0.404799997806549
vt 0.577300012111664 0.388999998569489
vt 0.641799986362457 0.380400002002716
vt 0.620800018310547 0.400400012731552
vt 0.630599975585938 0.423400014638901
vt 0.637499988079071 0.445899993181229
vt 0.612800002098083 0.462599992752075
vt 0.606599986553192 0.439999997615814
vt 0.618099987506866 0.489399999380112
vt 0.620700001716614 0.503899991512299
vt 0.589399993419647 0.481200009584427
vt 0.685800015926361 0.276399999856949
vt 0.666899979114532 0.30919998884201
vt 0.565699994564056 0.63919997215271
vt 0.502699971199036 0.645600020885468
vt 0.787599980831146 0.57480001449585
vt 0.75220000743866 0.605000019073486
vt 0.765200018882751 0.559300005435944
vt 0.735300004482269 0.584399998188019
vt 0.698800027370453 0.60259997844696
vt 0.708999991416931 0.625699996948242
vt 0.66159999370575 0.613900005817413
vt 0.689199984073639 0.585600018501282
vt 0.65939998626709 0.594500005245209
vt 0.738600015640259 0.548399984836578
vt 0.717000007629395 0.570100009441376
vt 0.630500018596649 0.593200027942657
vt 0.655600011348724 0.584200024604797
vt 0.632700026035309 0.58270001411438
vt 0.608299970626831 0.585399985313416
vt 0.615499973297119 0.574500024318695
vt 0.641600012779236 0.506500005722046
vt 0.623399972915649 0.517300009727478
vt 0.665000021457672 0.498800009489059
vt 0.68860000371933 0.499900013208389
vt 0.700900018215179 0.482400000095367
vt 0.742200016975403 0.490000009536743
vt 0.708999991416931 0.511099994182587
vt 0.748499989509583 0.520699977874756
vt 0.717499971389771 0.529999971389771
vt 0.646200001239777 0.336800009012222
vt 0.622399985790253 0.319700002670288
vt 0.636799991130829 0.290199995040894
vt 0.647300004959106 0.25789999961853
vt 0.568000018596649 0.300999999046326
vt 0.605799973011017 0.279500007629395
vt 0.597800016403198 0.307799994945526
vt 0.573000013828278 0.274300009012222
vt 0.609099984169006 0.248799994587898
vt 0.57260000705719 0.248400002717972
vt 0.539499998092651 0.988099992275238
vt 0.601899981498718 0.913399994373322
vt 0.629899978637695 0.97409999370575
vt 0.527199983596802 0.929700016975403
vt 0.827300012111664 0.798600018024445
vt 0.89410001039505 0.843200027942657
vt 0.7814000248909 0.92849999666214
vt 0.716499984264374 0.875
vt 0.502699971199036 0.691200017929077
vt 0.562900006771088 0.687300026416779
vt 0.502699971199036 0.829699993133545
vt 0.573000013828278 0.821699976921082
vt 0.502699971199036 0.749800026416779
vt 0.563300013542175 0.745800018310547
vt 0.624499976634979 0.734899997711182
vt 0.669600009918213 0.669399976730347
vt 0.685800015926361 0.721499979496002
vt 0.616199970245361 0.671599984169006
vt 0.712000012397766 0.785700023174286
vt 0.641700029373169 0.80919998884201
vt 0.745599985122681 0.695999979972839
vt 0.722899973392487 0.654699981212616
vt 0.780399978160858 0.741299986839294
vt 0.799300014972687 0.6560999751091
vt 0.770399987697601 0.629199981689453
vt 0.896200001239777 0.725399971008301
vt 0.843800008296967 0.687699973583221
vt 0.564999997615814 0.222299993038177
vt 0.603900015354156 0.216000005602837
vt 0.653699994087219 0.223600000143051
vt 0.787699997425079 0.524699985980988
vt 0.796199977397919 0.482100009918213
vt 0.837100028991699 0.538699984550476
vt 0.849900007247925 0.470499992370605
vt 0.797500014305115 0.312799990177155
vt 0.827300012111664 0.357699990272522
vt 0.751500010490417 0.269699990749359
vt 0.703199982643127 0.240799993276596
vt 0.775499999523163 0.229200005531311
vt 0.717000007629395 0.202500000596046
vt 0.655799984931946 0.1858000010252
vt 0.83160001039505 0.274899989366531
vt 0.867699980735779 0.321700006723404
vt 0.84689998626709 0.418700009584427
vt 0.903599977493286 0.445800006389618
vt 0.892400026321411 0.387800008058548
vt 0.804700016975403 0.177000001072884
vt 0.862999975681305 0.227899998426437
vt 0.834500014781952 0.603100001811981
vt 0.809099972248077 0.590399980545044
vt 0.89029997587204 0.610899984836578
vt 0.907000005245209 0.521899998188019
vt 0.670199990272522 0.559499979019165
vt 0.679199993610382 0.576900005340576
vt 0.65200001001358 0.564899981021881
vt 0.699000000953674 0.520399987697601
vt 0.691200017929077 0.517199993133545
vt 0.696699976921082 0.536800026893616
vt 0.714100003242493 0.542999982833862
vt 0.676699995994568 0.513000011444092
vt 0.658500015735626 0.514400005340576
vt 0.640399992465973 0.520900011062622
vt 0.614700019359589 0.532800018787384
vt 0.609000027179718 0.52590000629425
vt 0.625500023365021 0.528699994087219
vt 0.614199995994568 0.553799986839294
vt 0.604099988937378 0.564599990844727
vt 0.59579998254776 0.552900016307831
vt 0.608900010585785 0.54559999704361
vt 0.622399985790253 0.560599982738495
vt 0.634999990463257 0.564999997615814
vt 0.685800015926361 0.549300014972687
vt 0.69980001449585 0.561500012874603
vt 0.536400020122528 0.424299985170364
vt 0.527400016784668 0.372399985790253
vt 0.51690000295639 0.374000012874603
vt 0.558000028133392 0.370799988508224
vt 0.547800004482269 0.374399989843369
vt 0.662999987602234 0.639400005340576
vt 0.617799997329712 0.643400013446808
vt 0.566500008106232 0.353199988603592
vt 0.606100022792816 0.53710001707077
vt 0.582799971103668 0.559800028800964
vt 0.593100011348724 0.574100017547607
vt 0.59799998998642 0.419400006532669
vt 0.59170001745224 0.607100009918213
vt 0.623199999332428 0.619000017642975
vt 0.566900014877319 0.375699996948242
vt 0.562300026416779 0.372999995946884
vt 0.566699981689453 0.362800002098083
vt 0.568000018596649 0.368600010871887
vt 0.502699971199036 0.372099995613098
vt 0.515900015830994 0.366299986839294
vt 0.51800000667572 0.445800006389618
vt 0.562200009822845 0.422100007534027
vt 0.523000001907349 0.438699990510941
vt 0.584699988365173 0.176100000739098
vt 0.796500027179718 0.439500004053116
vt 0.725799977779388 0.159099996089935
vt 0.502699971199036 0.360900014638901
vt 0.502699971199036 0.350199997425079
vt 0.502699971199036 0.340900003910065
vt 0.502699971199036 0.328299999237061
vt 0.502699971199036 0.36710000038147
vt 0.540700018405914 0.251300007104874
vt 0.520799994468689 0.250999987125397
vt 0.530700027942657 0.222000002861023
vt 0.502699971199036 0.26800000667572
vt 0.502699971199036 0.251700013875961
vt 0.502699971199036 0.280299991369247
vt 0.523000001907349 0.268700003623962
vt 0.522800028324127 0.282299995422363
vt 0.502699971199036 0.315200001001358
vt 0.534699976444244 0.316799998283386
vt 0.502699971199036 0.294900000095367
vt 0.522599995136261 0.295899987220764
vt 0.546999990940094 0.269899994134903
vt 0.546400010585785 0.285800009965897
vt 0.545700013637543 0.297800004482269
vt 0.977500021457672 0.721400022506714
vt 0.545899987220764 0.1925999969244
vt 0.502699971199036 0.183200001716614
vt 0.625800013542175 0.143099993467331
vt 0.519699990749359 0.153899997472763
vt 0.916999995708466 0.301899999380112
vt 0.930599987506866 0.353899985551834
vt 0.891799986362457 0.261999994516373
vt 0.971300005912781 0.608500003814697
vt 0.985000014305115 0.47979998588562
vt 0.647899985313416 0.540300011634827
vt 0.634700000286102 0.530200004577637
vt 0.643299996852875 0.524500012397766
vt 0.64630001783371 0.560699999332428
vt 0.638199985027313 0.558099985122681
vt 0.628899991512299 0.53549998998642
vt 0.63239997625351 0.553600013256073
vt 0.627300024032593 0.547500014305115
vt 0.672900021076202 0.547900021076202
vt 0.665700018405914 0.555299997329712
vt 0.67629998922348 0.539900004863739
vt 0.6560999751091 0.559899985790253
vt 0.675999999046326 0.533100008964539
vt 0.671899974346161 0.527599990367889
vt 0.663800001144409 0.52319997549057
vt 0.653599977493286 0.522000014781952
vt 0.623300015926361 0.540799975395203
vt 0.533500015735626 0.120700001716614
vt 0.905900001525879 0.179199993610382
vt 0.9307000041008 0.231099992990494
vt 0.952099978923798 0.416900008916855
vt 0.914499998092651 0.263599991798401
vt 0.502699971199036 0.223000004887581
vt 0.277599990367889 0.099200002849102
vt 0.269800007343292 0.13629999756813
vt 0.252099990844727 0.113399997353554
vt 0.289000004529953 0.128800004720688
vt 0.183400005102158 0.0538999997079372
vt 0.141800001263618 0.0104000000283122
vt 0.19539999961853 0.023199999704957
vt 0.139799997210503 0.049600001424551
vt 0.258899986743927 0.0734999999403954
vt 0.236000001430511 0.087399996817112
vt 0.213699996471405 0.0645999982953072
vt 0.232099995017052 0.0408999994397163
vt 0.109999999403954 0.045099999755621
vt 0.104800000786781 0.00939999986439943
vt 0.0710999965667725 0.0199999995529652
vt 0.0803000032901764 0.0505999997258186
vt 0.0491999983787537 0.0617000013589859
vt 0.0377999991178513 0.0368000008165836
vt 0.225400000810623 0.123499996960163
vt 0.214000001549721 0.101499997079372
vt 0.197699993848801 0.0842000022530556
vt 0.17399999499321 0.0696000009775162
vt 0.139500007033348 0.0764999985694885
vt 0.115500003099442 0.0785000026226044
vt 0.0573000013828278 0.0887999981641769
vt 0.0850000008940697 0.0815000012516975
vt 0.201399996876717 0.132200002670288
vt 0.1891999989748 0.10809999704361
vt 0.163699999451637 0.124399997293949
vt 0.177200004458427 0.145799994468689
vt 0.170499995350838 0.0892999991774559
vt 0.153500005602837 0.100500002503395
vt 0.0208999998867512 0.0724999979138374
vt 0.0119000002741814 0.0527999997138977
vt 0.0273000001907349 0.0974999964237213
vt 0.0221999995410442 0.133399993181229
vt 0.0445000007748604 0.128700003027916
vt 0.0344999991357327 0.137199997901917
vt 0.0364000014960766 0.119599997997284
vt 0.137899994850159 0.137299999594688
vt 0.148699998855591 0.165500000119209
vt 0.568599998950958 0.0548000000417233
vt 0.61489999294281 0.0781000033020973
vt 0.568599998950958 0.101400002837181
vt 0.613300025463104 0.114600002765656
vt 0.577300012111664 0.0346000008285046
vt 0.528599977493286 0.0368999987840652
vt 0.531499981880188 0.0196000002324581
vt 0.125200003385544 0.111400000751019
vt 0.708599984645844 0.070200003683567
vt 0.715499997138977 0.0907000005245209
vt 0.687399983406067 0.091899998486042
vt 0.685000002384186 0.0712999999523163
vt 0.657899975776672 0.0883999988436699
vt 0.657000005245209 0.0666999965906143
vt 0.800700008869171 0.137899994850159
vt 0.774100005626678 0.104400001466274
vt 0.805599987506866 0.106499999761581
vt 0.763499975204468 0.118500001728535
vt 0.620100021362305 0.0549000017344952
vt 0.863200008869171 0.120399996638298
vt 0.84799998998642 0.162799999117851
vt 0.523599982261658 0.09740000218153
vt 0.504299998283386 0.0181000009179115
vt 0.502499997615814 0.0370999984443188
vt 0.0617999993264675 0.11089999973774
vt 0.0588000006973743 0.123800002038479
vt 0.0860000029206276 0.108499996364117
vt 0.103299997746944 0.10980000346899
vt 0.097800001502037 0.125300005078316
vt 0.0878999978303909 0.123400002717972
vt 0.450700014829636 0.0421999990940094
vt 0.457500010728836 0.0586000010371208
vt 0.423299998044968 0.0676999986171722
vt 0.431499987840652 0.0812999978661537
vt 0.741699993610382 0.0846000015735626
vt 0.72979998588562 0.0750000029802322
vt 0.474900007247925 0.028999999165535
vt 0.480699986219406 0.0432999990880489
vt 0.492000013589859 0.102799996733665
vt 0.455199986696243 0.0995000004768372
vt 0.242200002074242 0.144600003957748
vt 0.209600001573563 0.151899993419647
vt 0.0733999982476234 0.122000001370907
vt 0.10809999704361 0.13120000064373
vt 0.116499997675419 0.144600003957748
vt 0.726300001144409 0.107299998402596
vt 0.903400003910065 0.166700005531311
vt 0.944199979305267 0.122000001370907
vt 0.88289999961853 0.0644000023603439
vt 0.81139999628067 0.0772999972105026
vt 0.776600003242493 0.067500002682209
vt 0.796800017356873 0.0483999997377396
vt 0.407099992036819 0.109899997711182
vt 0.401100009679794 0.0945999994874001
vt 0.350899994373322 0.130999997258186
vt 0.660099983215332 0.1266999989748
vt 0.972199976444244 0.0627000033855438
vt 0.964800000190735 0.0961999967694283
vt 0.945900022983551 0.0184000004082918
vt 0.922299981117249 0.00870000012218952
vt 0.87389999628067 0.00659999996423721
vt 0.828800022602081 0.0225000008940697
vt 0.769800007343292 0.0846000015735626
vt 0.963900029659271 0.0392000004649162
vt 0.702199995517731 0.12720000743866
vt 0.11540000140667 0.162300005555153
vt 0.490900009870529 0.474900007247925
vt 0.49219998717308 0.467700004577637
vt 0.47299998998642 0.467200011014938
vt 0.477600008249283 0.459399998188019
vt 0.490700006484985 0.397599995136261
vt 0.491200000047684 0.390100002288818
vt 0.490700006484985 0.382600009441376
vt 0.473899990320206 0.386900007724762
vt 0.472699999809265 0.392599999904633
vt 0.474900007247925 0.38060000538826
vt 0.461299985647202 0.367500007152557
vt 0.478700011968613 0.361299991607666
vt 0.47859999537468 0.366699993610382
vt 0.463899999856949 0.361400008201599
vt 0.48870000243187 0.352899998426437
vt 0.489399999380112 0.362100005149841
vt 0.477100014686584 0.352999985218048
vt 0.461299985647202 0.354699999094009
vt 0.473399996757507 0.344500005245209
vt 0.455700010061264 0.347600013017654
vt 0.48870000243187 0.343699991703033
vt 0.445800006389618 0.358500003814697
vt 0.446700006723404 0.36370000243187
vt 0.469700008630753 0.333400011062622
vt 0.449299991130829 0.337199985980988
vt 0.488000005483627 0.331900000572205
vt 0.414700001478195 0.37270000576973
vt 0.419900000095367 0.356499999761581
vt 0.43079999089241 0.370099991559982
vt 0.431100010871887 0.361099988222122
vt 0.441799998283386 0.321799993515015
vt 0.430000007152557 0.344799995422363
vt 0.418000012636185 0.330099999904633
vt 0.48989999294281 0.412900000810623
vt 0.490500003099442 0.42739999294281
vt 0.469700008630753 0.407599985599518
vt 0.445499986410141 0.399500012397766
vt 0.452600002288818 0.38400000333786
vt 0.455000013113022 0.379599988460541
vt 0.460299998521805 0.439900010824203
vt 0.471399992704391 0.438400000333786
vt 0.482100009918213 0.453299999237061
vt 0.49329999089241 0.460299998521805
vt 0.494199991226196 0.450500011444092
vt 0.492300003767014 0.439000010490417
vt 0.421999990940094 0.456000000238419
vt 0.432300001382828 0.437200009822845
vt 0.452199995517731 0.449499994516373
vt 0.445499986410141 0.466699987649918
vt 0.395500004291534 0.384400010108948
vt 0.399599999189377 0.347299993038177
vt 0.378699988126755 0.362199991941452
vt 0.444999992847443 0.568700015544891
vt 0.467299997806549 0.607200026512146
vt 0.433600008487701 0.588900029659271
vt 0.475899994373322 0.578999996185303
vt 0.282000005245209 0.303600013256073
vt 0.284200012683868 0.368000000715256
vt 0.245700001716614 0.34400001168251
vt 0.311300009489059 0.333000004291534
vt 0.222399994730949 0.384799987077713
vt 0.266200006008148 0.404599994421005
vt 0.298799991607666 0.457399994134903
vt 0.254799991846085 0.450300008058548
vt 0.306199997663498 0.418000012636185
vt 0.362399995326996 0.491899996995926
vt 0.335700005292892 0.483700007200241
vt 0.363400012254715 0.474000006914139
vt 0.333400011062622 0.462900012731552
vt 0.451700001955032 0.547599971294403
vt 0.480699986219406 0.554499983787537
vt 0.482100009918213 0.528699994087219
vt 0.488400012254715 0.485799998044968
vt 0.468100011348724 0.479600012302399
vt 0.486000001430511 0.501500010490417
vt 0.465900003910065 0.49549999833107
vt 0.441700011491776 0.488599985837936
vt 0.406899988651276 0.507099986076355
vt 0.416200011968613 0.523299992084503
vt 0.401399999856949 0.518499970436096
vt 0.411799997091293 0.530200004577637
vt 0.427599996328354 0.542699992656708
vt 0.42629998922348 0.522599995136261
vt 0.455399990081787 0.523000001907349
vt 0.340000003576279 0.432099997997284
vt 0.319799989461899 0.387499988079071
vt 0.339300006628036 0.357800006866455
vt 0.349999994039536 0.406699985265732
vt 0.416200011968613 0.404799997806549
vt 0.428099989891052 0.388999998569489
vt 0.363599985837936 0.380400002002716
vt 0.384600013494492 0.400400012731552
vt 0.374799996614456 0.423400014638901
vt 0.367900013923645 0.445899993181229
vt 0.398799985647202 0.439999997615814
vt 0.392599999904633 0.462599992752075
vt 0.384700000286102 0.503899991512299
vt 0.38730001449585 0.489399999380112
vt 0.416000008583069 0.481200009584427
vt 0.319599986076355 0.276399999856949
vt 0.338499993085861 0.30919998884201
vt 0.43970000743866 0.63919997215271
vt 0.217800006270409 0.57480001449585
vt 0.240199998021126 0.559300005435944
vt 0.253199994564056 0.605000019073486
vt 0.270099997520447 0.584399998188019
vt 0.306600004434586 0.60259997844696
vt 0.296400010585785 0.625699996948242
vt 0.343800008296967 0.613900005817413
vt 0.316199988126755 0.585600018501282
vt 0.345999985933304 0.594500005245209
vt 0.266799986362457 0.548399984836578
vt 0.288399994373322 0.570100009441376
vt 0.374900013208389 0.593200027942657
vt 0.349799990653992 0.584200024604797
vt 0.37270000576973 0.58270001411438
vt 0.389899998903275 0.574500024318695
vt 0.397100001573563 0.585399985313416
vt 0.36379998922348 0.506500005722046
vt 0.381999999284744 0.517300009727478
vt 0.340400010347366 0.498800009489059
vt 0.316799998283386 0.499900013208389
vt 0.304500013589859 0.482400000095367
vt 0.296400010585785 0.511099994182587
vt 0.263200014829636 0.490000009536743
vt 0.256900012493134 0.520699977874756
vt 0.287900000810623 0.529999971389771
vt 0.359200000762939 0.336800009012222
vt 0.382999986410141 0.319700002670288
vt 0.368600010871887 0.290199995040894
vt 0.35809999704361 0.25789999961853
vt 0.437400013208389 0.300999999046326
vt 0.399599999189377 0.279500007629395
vt 0.432399988174438 0.274300009012222
vt 0.407599985599518 0.307799994945526
vt 0.396299988031387 0.248799994587898
vt 0.432799994945526 0.248400002717972
vt 0.465900003910065 0.988099992275238
vt 0.375499993562698 0.97409999370575
vt 0.403499990701675 0.913399994373322
vt 0.478199988603592 0.929700016975403
vt 0.224000006914139 0.92849999666214
vt 0.178100004792213 0.798600018024445
vt 0.28889998793602 0.875
vt 0.111299999058247 0.843200027942657
vt 0.442499995231628 0.687300026416779
vt 0.432399988174438 0.821699976921082
vt 0.442099988460541 0.745800018310547
vt 0.335799992084503 0.669399976730347
vt 0.380899995565414 0.734899997711182
vt 0.319599986076355 0.721499979496002
vt 0.389200001955032 0.671599984169006
vt 0.29339998960495 0.785700023174286
vt 0.36370000243187 0.80919998884201
vt 0.259799987077713 0.695999979972839
vt 0.282499998807907 0.654699981212616
vt 0.224999994039536 0.741299986839294
vt 0.20610000193119 0.6560999751091
vt 0.234999999403954 0.629199981689453
vt 0.16159999370575 0.687699973583221
vt 0.109200000762939 0.725399971008301
vt 0.40149998664856 0.216000005602837
vt 0.440400004386902 0.222299993038177
vt 0.351700007915497 0.223600000143051
vt 0.168300002813339 0.538699984550476
vt 0.209199994802475 0.482100009918213
vt 0.217700004577637 0.524699985980988
vt 0.155499994754791 0.470499992370605
vt 0.178100004792213 0.357699990272522
vt 0.207900002598763 0.312799990177155
vt 0.253899991512299 0.269699990749359
vt 0.302199989557266 0.240799993276596
vt 0.229900002479553 0.229200005531311
vt 0.288399994373322 0.202500000596046
vt 0.349599987268448 0.1858000010252
vt 0.173800006508827 0.274899989366531
vt 0.137700006365776 0.321700006723404
vt 0.101800002157688 0.445800006389618
vt 0.158500000834465 0.418700009584427
vt 0.112999998033047 0.387800008058548
vt 0.200699999928474 0.177000001072884
vt 0.142399996519089 0.227899998426437
vt 0.196299999952316 0.590399980545044
vt 0.170900002121925 0.603100001811981
vt 0.115099996328354 0.610899984836578
vt 0.0983999967575073 0.521899998188019
vt 0.335200011730194 0.559499979019165
vt 0.326200008392334 0.576900005340576
vt 0.353399991989136 0.564899981021881
vt 0.306400001049042 0.520399987697601
vt 0.314200013875961 0.517199993133545
vt 0.308699995279312 0.536800026893616
vt 0.291299998760223 0.542999982833862
vt 0.34689998626709 0.514400005340576
vt 0.328700006008148 0.513000011444092
vt 0.365000009536743 0.520900011062622
vt 0.379900008440018 0.528699994087219
vt 0.39640000462532 0.52590000629425
vt 0.39070001244545 0.532800018787384
vt 0.391200006008148 0.553799986839294
vt 0.409599989652634 0.552900016307831
vt 0.401300013065338 0.564599990844727
vt 0.396499991416931 0.54559999704361
vt 0.382999986410141 0.560599982738495
vt 0.370400011539459 0.564999997615814
vt 0.305599987506866 0.561500012874603
vt 0.319599986076355 0.549300014972687
vt 0.46900001168251 0.424299985170364
vt 0.488499999046326 0.374000012874603
vt 0.477999985218048 0.372399985790253
vt 0.447400003671646 0.370799988508224
vt 0.457599997520447 0.374399989843369
vt 0.342400014400482 0.639400005340576
vt 0.387600004673004 0.643400013446808
vt 0.438899993896484 0.353199988603592
vt 0.399300009012222 0.53710001707077
vt 0.422600001096725 0.559800028800964
vt 0.412299990653992 0.574100017547607
vt 0.407400012016296 0.419400006532669
vt 0.413700014352798 0.607100009918213
vt 0.382200002670288 0.619000017642975
vt 0.438499987125397 0.375699996948242
vt 0.44310000538826 0.372999995946884
vt 0.438699990510941 0.362800002098083
vt 0.437400013208389 0.368600010871887
vt 0.489499986171722 0.366299986839294
vt 0.487399995326996 0.445800006389618
vt 0.443199992179871 0.422100007534027
vt 0.482400000095367 0.438699990510941
vt 0.420700013637543 0.176100000739098
vt 0.20890000462532 0.439500004053116
vt 0.279599994421005 0.159099996089935
vt 0.464700013399124 0.251300007104874
vt 0.474700003862381 0.222000002861023
vt 0.484600007534027 0.250999987125397
vt 0.482600003480911 0.282299995422363
vt 0.482400000095367 0.268700003623962
vt 0.470699995756149 0.316799998283386
vt 0.482800006866455 0.295899987220764
vt 0.458400011062622 0.269899994134903
vt 0.458999991416931 0.285800009965897
vt 0.459699988365173 0.297800004482269
vt 0.0278999991714954 0.721400022506714
vt 0.459500014781952 0.1925999969244
vt 0.379599988460541 0.143099993467331
vt 0.485700011253357 0.153899997472763
vt 0.0883999988436699 0.301899999380112
vt 0.0747999995946884 0.353899985551834
vt 0.113600000739098 0.261999994516373
vt 0.0340999998152256 0.608500003814697
vt 0.0204000007361174 0.47979998588562
vt 0.647899985313416 0.540300011634827
vt 0.643299996852875 0.524500012397766
vt 0.634700000286102 0.530200004577637
vt 0.638199985027313 0.558099985122681
vt 0.64630001783371 0.560699999332428
vt 0.628899991512299 0.53549998998642
vt 0.627300024032593 0.547500014305115
vt 0.63239997625351 0.553600013256073
vt 0.665700018405914 0.555299997329712
vt 0.672900021076202 0.547900021076202
vt 0.67629998922348 0.539900004863739
vt 0.6560999751091 0.559899985790253
vt 0.675999999046326 0.533100008964539
vt 0.671899974346161 0.527599990367889
vt 0.663800001144409 0.52319997549057
vt 0.653599977493286 0.522000014781952
vt 0.623300015926361 0.540799975395203
vt 0.47189998626709 0.120700001716614
vt 0.0995000004768372 0.179199993610382
vt 0.0746999979019165 0.231099992990494
vt 0.0533000007271767 0.416900008916855
vt 0.0908999964594841 0.263599991798401
vt 0.252099990844727 0.113399997353554
vt 0.269800007343292 0.13629999756813
vt 0.183400005102158 0.0538999997079372
vt 0.139799997210503 0.049600001424551
vt 0.236000001430511 0.087399996817112
vt 0.213699996471405 0.0645999982953072
vt 0.109999999403954 0.045099999755621
vt 0.0803000032901764 0.0505999997258186
vt 0.0491999983787537 0.0617000013589859
vt 0.214000001549721 0.101499997079372
vt 0.225400000810623 0.123499996960163
vt 0.197699993848801 0.0842000022530556
vt 0.17399999499321 0.0696000009775162
vt 0.139500007033348 0.0764999985694885
vt 0.115500003099442 0.0785000026226044
vt 0.0573000013828278 0.0887999981641769
vt 0.0850000008940697 0.0815000012516975
vt 0.201399996876717 0.132200002670288
vt 0.1891999989748 0.10809999704361
vt 0.163699999451637 0.124399997293949
vt 0.177200004458427 0.145799994468689
vt 0.170499995350838 0.0892999991774559
vt 0.153500005602837 0.100500002503395
vt 0.0208999998867512 0.0724999979138374
vt 0.0273000001907349 0.0974999964237213
vt 0.0221999995410442 0.133399993181229
vt 0.0445000007748604 0.128700003027916
vt 0.0364000014960766 0.119599997997284
vt 0.0344999991357327 0.137199997901917
vt 0.137899994850159 0.137299999594688
vt 0.148699998855591 0.165500000119209
vt 0.568599998950958 0.0548000000417233
vt 0.568599998950958 0.101400002837181
vt 0.61489999294281 0.0781000033020973
vt 0.613300025463104 0.114600002765656
vt 0.577300012111664 0.0346000008285046
vt 0.528599977493286 0.0368999987840652
vt 0.531499981880188 0.0196000002324581
vt 0.125200003385544 0.111400000751019
vt 0.715499997138977 0.0907000005245209
vt 0.708599984645844 0.070200003683567
vt 0.687399983406067 0.091899998486042
vt 0.685000002384186 0.0712999999523163
vt 0.657899975776672 0.0883999988436699
vt 0.657000005245209 0.0666999965906143
vt 0.800700008869171 0.137899994850159
vt 0.774100005626678 0.104400001466274
vt 0.763499975204468 0.118500001728535
vt 0.805599987506866 0.106499999761581
vt 0.620100021362305 0.0549000017344952
vt 0.84799998998642 0.162799999117851
vt 0.863200008869171 0.120399996638298
vt 0.523599982261658 0.09740000218153
vt 0.504299998283386 0.0181000009179115
vt 0.502499997615814 0.0370999984443188
vt 0.0617999993264675 0.11089999973774
vt 0.0588000006973743 0.123800002038479
vt 0.0860000029206276 0.108499996364117
vt 0.097800001502037 0.125300005078316
vt 0.103299997746944 0.10980000346899
vt 0.0878999978303909 0.123400002717972
vt 0.450700014829636 0.0421999990940094
vt 0.423299998044968 0.0676999986171722
vt 0.457500010728836 0.0586000010371208
vt 0.431499987840652 0.0812999978661537
vt 0.741699993610382 0.0846000015735626
vt 0.72979998588562 0.0750000029802322
vt 0.474900007247925 0.028999999165535
vt 0.480699986219406 0.0432999990880489
vt 0.492000013589859 0.102799996733665
vt 0.455199986696243 0.0995000004768372
vt 0.242200002074242 0.144600003957748
vt 0.209600001573563 0.151899993419647
vt 0.0733999982476234 0.122000001370907
vt 0.10809999704361 0.13120000064373
vt 0.116499997675419 0.144600003957748
vt 0.726300001144409 0.107299998402596
vt 0.903400003910065 0.166700005531311
vt 0.944199979305267 0.122000001370907
vt 0.88289999961853 0.0644000023603439
vt 0.81139999628067 0.0772999972105026
vt 0.796800017356873 0.0483999997377396
vt 0.776600003242493 0.067500002682209
vt 0.407099992036819 0.109899997711182
vt 0.401100009679794 0.0945999994874001
vt 0.350899994373322 0.130999997258186
vt 0.660099983215332 0.1266999989748
vt 0.972199976444244 0.0627000033855438
vt 0.964800000190735 0.0961999967694283
vt 0.945900022983551 0.0184000004082918
vt 0.922299981117249 0.00870000012218952
vt 0.87389999628067 0.00659999996423721
vt 0.828800022602081 0.0225000008940697
vt 0.769800007343292 0.0846000015735626
vt 0.963900029659271 0.0392000004649162
vt 0.702199995517731 0.12720000743866
vt 0.11540000140667 0.162300005555153
vt 0.921000003814697 0.947799980640411
vt 0.916499972343445 0.922699987888336
vt 0.906899988651276 0.945800006389618
vt 0.934300005435944 0.940400004386902
vt 0.942099988460541 0.927200019359589
vt 0.9375 0.911199986934662
vt 0.92629998922348 0.899699985980988
vt 0.909300029277802 0.900300025939941
vt 0.895099997520447 0.909500002861023
vt 0.891099989414215 0.923500001430511
vt 0.895099997520447 0.937099993228912
vt 0.8992999792099 0.965799987316132
vt 0.926400005817413 0.968999981880188
vt 0.95169997215271 0.956200003623962
vt 0.96450001001358 0.93120002746582
vt 0.957199990749359 0.90039998292923
vt 0.934700012207031 0.879999995231628
vt 0.903400003910065 0.880699992179871
vt 0.878000020980835 0.897700011730194
vt 0.870199978351593 0.924000024795532
vt 0.877399981021881 0.949599981307983
vt 0.892899990081787 0.983200013637543
vt 0.932099997997284 0.987200021743774
vt 0.967999994754791 0.9689000248909
vt 0.985300004482269 0.931699991226196
vt 0.973900020122528 0.889800012111664
vt 0.942799985408783 0.862100005149841
vt 0.900099992752075 0.862100005149841
vt 0.864000022411346 0.885999977588654
vt 0.851899981498718 0.922399997711182
vt 0.861999988555908 0.958899974822998
vt 0.921000003814697 0.947799980640411
vt 0.906899988651276 0.945800006389618
vt 0.916499972343445 0.922699987888336
vt 0.934300005435944 0.940400004386902
vt 0.942099988460541 0.927200019359589
vt 0.9375 0.911199986934662
vt 0.92629998922348 0.899699985980988
vt 0.909300029277802 0.900300025939941
vt 0.895099997520447 0.909500002861023
vt 0.891099989414215 0.923500001430511
vt 0.895099997520447 0.937099993228912
vt 0.926400005817413 0.968999981880188
vt 0.8992999792099 0.965799987316132
vt 0.95169997215271 0.956200003623962
vt 0.96450001001358 0.93120002746582
vt 0.957199990749359 0.90039998292923
vt 0.934700012207031 0.879999995231628
vt 0.903400003910065 0.880699992179871
vt 0.878000020980835 0.897700011730194
vt 0.870199978351593 0.924000024795532
vt 0.877399981021881 0.949599981307983
vt 0.932099997997284 0.987200021743774
vt 0.892899990081787 0.983200013637543
vt 0.967999994754791 0.9689000248909
vt 0.985300004482269 0.931699991226196
vt 0.973900020122528 0.889800012111664
vt 0.942799985408783 0.862100005149841
vt 0.900099992752075 0.862100005149841
vt 0.864000022411346 0.885999977588654
vt 0.851899981498718 0.922399997711182
vt 0.861999988555908 0.958899974822998
vt 0.277599990367889 0.099200002849102
vt 0.289000004529953 0.128800004720688
vt 0.19539999961853 0.023199999704957
vt 0.141800001263618 0.0104000000283122
vt 0.258899986743927 0.0734999999403954
vt 0.232099995017052 0.0408999994397163
vt 0.104800000786781 0.00939999986439943
vt 0.0710999965667725 0.0199999995529652
vt 0.0377999991178513 0.0368000008165836
vt 0.0119000002741814 0.0527999997138977

g Object002
usemtl LIAN
f 1/1/1 2/2/2 3/3/3
f 1/1/1 3/3/3 4/4/4
f 5/5/5 4/4/4 6/6/6
f 4/4/4 5/5/5 1/1/1
f 7/7/7 8/8/8 9/9/9
f 10/10/10 9/9/9 8/8/8
f 8/8/8 7/7/7 11/11/11
f 8/8/8 11/11/11 12/12/12
f 10/10/10 13/13/13 14/14/14
f 13/13/13 10/10/10 8/8/8
f 13/13/13 12/12/12 15/15/15
f 13/13/13 8/8/8 12/12/12
f 16/16/16 17/17/17 18/18/18
f 17/17/17 16/16/16 19/19/19
f 16/16/16 20/20/20 21/21/21
f 21/21/21 22/22/22 16/16/16
f 23/23/23 24/24/24 22/22/22
f 24/24/24 23/23/23 25/25/25
f 21/21/21 23/23/23 22/22/22
f 23/23/23 21/21/21 26/26/26
f 19/19/19 27/27/27 28/28/28
f 27/27/27 19/19/19 24/24/24
f 25/25/25 23/23/23 29/29/29
f 29/29/29 30/30/30 25/25/25
f 23/23/23 26/26/26 31/31/31
f 31/31/31 29/29/29 23/23/23
f 32/32/32 33/33/33 34/34/34
f 33/33/33 32/32/32 35/35/35
f 36/36/36 37/37/37 30/30/30
f 37/37/37 36/36/36 38/38/38
f 39/39/39 10/10/10 40/40/40
f 10/10/10 39/39/39 9/9/9
f 41/41/41 39/39/39 42/42/42
f 42/42/42 39/39/39 40/40/40
f 40/40/40 10/10/10 43/43/43
f 43/43/43 10/10/10 14/14/14
f 44/44/44 43/43/43 14/14/14
f 44/44/44 14/14/14 45/45/45
f 46/46/46 14/14/14 13/13/13
f 14/14/14 46/46/46 45/45/45
f 47/47/47 6/6/6 48/48/48
f 48/48/48 6/6/6 49/49/49
f 3/3/3 50/50/50 4/4/4
f 4/4/4 50/50/50 51/51/51
f 52/52/52 51/51/51 53/53/53
f 54/54/54 55/55/55 41/41/41
f 54/54/54 41/41/41 42/42/42
f 52/52/52 55/55/55 54/54/54
f 52/52/52 53/53/53 55/55/55
f 56/56/56 57/57/57 58/58/58
f 57/57/57 56/56/56 59/59/59
f 34/34/34 60/60/60 61/61/61
f 60/60/60 62/62/62 61/61/61
f 63/63/63 64/64/64 65/65/65
f 64/64/64 63/63/63 66/66/66
f 67/67/67 66/66/66 63/63/63
f 66/66/66 67/67/67 68/68/68
f 69/69/69 70/70/70 71/71/71
f 70/70/70 72/72/72 71/71/71
f 73/73/73 74/74/74 69/69/69
f 74/74/74 70/70/70 69/69/69
f 75/75/75 74/74/74 76/76/76
f 74/74/74 75/75/75 77/77/77
f 78/78/78 79/79/79 80/80/80
f 80/80/80 81/81/81 78/78/78
f 66/66/66 82/82/82 64/64/64
f 82/82/82 66/66/66 83/83/83
f 68/68/68 83/83/83 66/66/66
f 83/83/83 68/68/68 84/84/84
f 83/83/83 84/84/84 85/85/85
f 83/83/83 85/85/85 86/86/86
f 87/87/87 1/1/1 88/88/88
f 1/1/1 87/87/87 2/2/2
f 89/89/89 88/88/88 5/5/5
f 5/5/5 88/88/88 1/1/1
f 59/59/59 5/5/5 57/57/57
f 5/5/5 59/59/59 89/89/89
f 90/90/90 87/87/87 91/91/91
f 91/91/91 87/87/87 88/88/88
f 86/86/86 90/90/90 91/91/91
f 90/90/90 86/86/86 85/85/85
f 89/89/89 92/92/92 91/91/91
f 89/89/89 91/91/91 88/88/88
f 93/93/93 89/89/89 59/59/59
f 93/93/93 92/92/92 89/89/89
f 94/94/94 95/95/95 96/96/96
f 96/96/96 97/97/97 94/94/94
f 82/82/82 98/98/98 99/99/99
f 98/98/98 82/82/82 100/100/100
f 100/100/100 91/91/91 92/92/92
f 91/91/91 100/100/100 86/86/86
f 75/75/75 81/81/81 101/101/101
f 75/75/75 101/101/101 77/77/77
f 74/74/74 102/102/102 70/70/70
f 102/102/102 74/74/74 77/77/77
f 70/70/70 103/103/103 72/72/72
f 103/103/103 70/70/70 102/102/102
f 77/77/77 101/101/101 104/104/104
f 77/77/77 104/104/104 102/102/102
f 34/34/34 61/61/61 105/105/105
f 34/34/34 105/105/105 106/106/106
f 104/104/104 107/107/107 102/102/102
f 103/103/103 102/102/102 107/107/107
f 107/107/107 104/104/104 108/108/108
f 104/104/104 109/109/109 108/108/108
f 110/110/110 111/111/111 112/112/112
f 110/110/110 112/112/112 109/109/109
f 104/104/104 101/101/101 109/109/109
f 101/101/101 110/110/110 109/109/109
f 113/113/113 114/114/114 95/95/95
f 114/114/114 96/96/96 95/95/95
f 79/79/79 114/114/114 113/113/113
f 113/113/113 80/80/80 79/79/79
f 80/80/80 110/110/110 81/81/81
f 81/81/81 110/110/110 101/101/101
f 80/80/80 113/113/113 111/111/111
f 80/80/80 111/111/111 110/110/110
f 113/113/113 115/115/115 111/111/111
f 115/115/115 113/113/113 95/95/95
f 72/72/72 116/116/116 71/71/71
f 116/116/116 72/72/72 117/117/117
f 118/118/118 119/119/119 63/63/63
f 119/119/119 67/67/67 63/63/63
f 120/120/120 121/121/121 122/122/122
f 122/122/122 121/121/121 123/123/123
f 121/121/121 124/124/124 123/123/123
f 124/124/124 121/121/121 125/125/125
f 126/126/126 127/127/127 124/124/124
f 127/127/127 126/126/126 128/128/128
f 129/129/129 122/122/122 123/123/123
f 129/129/129 123/123/123 130/130/130
f 130/130/130 123/123/123 124/124/124
f 124/124/124 127/127/127 130/130/130
f 131/131/131 132/132/132 128/128/128
f 132/132/132 131/131/131 133/133/133
f 134/134/134 133/133/133 131/131/131
f 134/134/134 135/135/135 133/133/133
f 136/136/136 137/137/137 114/114/114
f 136/136/136 114/114/114 79/79/79
f 136/136/136 79/79/79 138/138/138
f 138/138/138 79/79/79 78/78/78
f 139/139/139 138/138/138 78/78/78
f 78/78/78 140/140/140 139/139/139
f 140/140/140 141/141/141 142/142/142
f 140/140/140 142/142/142 139/139/139
f 141/141/141 143/143/143 142/142/142
f 143/143/143 144/144/144 142/142/142
f 72/72/72 145/145/145 117/117/117
f 145/145/145 72/72/72 103/103/103
f 117/117/117 146/146/146 147/147/147
f 146/146/146 117/117/117 145/145/145
f 117/117/117 148/148/148 116/116/116
f 117/117/117 147/147/147 148/148/148
f 62/62/62 146/146/146 145/145/145
f 146/146/146 62/62/62 60/60/60
f 149/149/149 150/150/150 151/151/151
f 150/150/150 149/149/149 152/152/152
f 148/148/148 147/147/147 153/153/153
f 147/147/147 150/150/150 153/153/153
f 153/153/153 150/150/150 154/154/154
f 150/150/150 152/152/152 154/154/154
f 149/149/149 38/38/38 36/36/36
f 38/38/38 149/149/149 151/151/151
f 155/155/155 156/156/156 157/157/157
f 156/156/156 155/155/155 158/158/158
f 159/159/159 160/160/160 161/161/161
f 159/159/159 161/161/161 162/162/162
f 163/163/163 119/119/119 164/164/164
f 164/164/164 119/119/119 118/118/118
f 156/156/156 165/165/165 166/166/166
f 165/165/165 156/156/156 158/158/158
f 166/166/166 167/167/167 168/168/168
f 167/167/167 166/166/166 165/165/165
f 169/169/169 170/170/170 171/171/171
f 170/170/170 169/169/169 172/172/172
f 173/173/173 169/169/169 171/171/171
f 169/169/169 173/173/173 174/174/174
f 175/175/175 170/170/170 176/176/176
f 170/170/170 175/175/175 171/171/171
f 177/177/177 171/171/171 175/175/175
f 171/171/171 177/177/177 173/173/173
f 178/178/178 176/176/176 179/179/179
f 176/176/176 178/178/178 175/175/175
f 180/180/180 159/159/159 181/181/181
f 181/181/181 159/159/159 177/177/177
f 153/153/153 182/182/182 183/183/183
f 182/182/182 153/153/153 154/154/154
f 184/184/184 148/148/148 183/183/183
f 148/148/148 153/153/153 183/183/183
f 185/185/185 186/186/186 187/187/187
f 186/186/186 188/188/188 187/187/187
f 73/73/73 189/189/189 190/190/190
f 189/189/189 73/73/73 69/69/69
f 69/69/69 191/191/191 189/189/189
f 191/191/191 69/69/69 71/71/71
f 71/71/71 192/192/192 191/191/191
f 192/192/192 71/71/71 116/116/116
f 193/193/193 191/191/191 194/194/194
f 191/191/191 192/192/192 194/194/194
f 192/192/192 195/195/195 194/194/194
f 195/195/195 192/192/192 184/184/184
f 189/189/189 193/193/193 196/196/196
f 193/193/193 189/189/189 191/191/191
f 197/197/197 190/190/190 189/189/189
f 197/197/197 189/189/189 196/196/196
f 188/188/188 198/198/198 199/199/199
f 199/199/199 198/198/198 200/200/200
f 196/196/196 201/201/201 202/202/202
f 201/201/201 196/196/196 193/193/193
f 177/177/177 178/178/178 181/181/181
f 178/178/178 177/177/177 175/175/175
f 203/203/203 178/178/178 204/204/204
f 204/204/204 178/178/178 179/179/179
f 181/181/181 203/203/203 205/205/205
f 203/203/203 181/181/181 178/178/178
f 187/187/187 205/205/205 203/203/203
f 205/205/205 187/187/187 206/206/206
f 132/132/132 207/207/207 208/208/208
f 207/207/207 132/132/132 209/209/209
f 210/210/210 142/142/142 144/144/144
f 142/142/142 210/210/210 211/211/211
f 210/210/210 144/144/144 212/212/212
f 213/213/213 212/212/212 144/144/144
f 138/138/138 214/214/214 215/215/215
f 214/214/214 138/138/138 139/139/139
f 142/142/142 211/211/211 139/139/139
f 214/214/214 139/139/139 211/211/211
f 136/136/136 215/215/215 216/216/216
f 215/215/215 136/136/136 138/138/138
f 217/217/217 218/218/218 219/219/219
f 219/219/219 218/218/218 137/137/137
f 220/220/220 221/221/221 222/222/222
f 220/220/220 222/222/222 223/223/223
f 221/221/221 224/224/224 135/135/135
f 224/224/224 221/221/221 220/220/220
f 209/209/209 132/132/132 133/133/133
f 133/133/133 225/225/225 209/209/209
f 226/226/226 227/227/227 207/207/207
f 227/227/227 208/208/208 207/207/207
f 212/212/212 213/213/213 226/226/226
f 213/213/213 227/227/227 226/226/226
f 42/42/42 40/40/40 228/228/228
f 228/228/228 40/40/40 43/43/43
f 229/229/229 15/15/15 230/230/230
f 15/15/15 12/12/12 230/230/230
f 231/231/231 17/17/17 28/28/28
f 17/17/17 231/231/231 232/232/232
f 172/172/172 233/233/233 170/170/170
f 233/233/233 172/172/172 234/234/234
f 176/176/176 170/170/170 125/125/125
f 170/170/170 233/233/233 125/125/125
f 179/179/179 125/125/125 121/121/121
f 125/125/125 179/179/179 176/176/176
f 204/204/204 121/121/121 120/120/120
f 121/121/121 204/204/204 179/179/179
f 185/185/185 122/122/122 143/143/143
f 143/143/143 122/122/122 129/129/129
f 137/137/137 96/96/96 114/114/114
f 96/96/96 137/137/137 218/218/218
f 25/25/25 30/30/30 235/235/235
f 30/30/30 37/37/37 235/235/235
f 222/222/222 236/236/236 223/223/223
f 236/236/236 222/222/222 97/97/97
f 99/99/99 94/94/94 97/97/97
f 94/94/94 99/99/99 98/98/98
f 221/221/221 237/237/237 222/222/222
f 237/237/237 221/221/221 238/238/238
f 127/127/127 128/128/128 208/208/208
f 208/208/208 128/128/128 132/132/132
f 227/227/227 130/130/130 127/127/127
f 227/227/227 127/127/127 208/208/208
f 213/213/213 129/129/129 130/130/130
f 213/213/213 130/130/130 227/227/227
f 143/143/143 213/213/213 144/144/144
f 213/213/213 143/143/143 129/129/129
f 233/233/233 124/124/124 125/125/125
f 124/124/124 233/233/233 126/126/126
f 239/239/239 112/112/112 58/58/58
f 112/112/112 56/56/56 58/58/58
f 111/111/111 56/56/56 112/112/112
f 111/111/111 115/115/115 56/56/56
f 146/146/146 151/151/151 150/150/150
f 150/150/150 147/147/147 146/146/146
f 82/82/82 86/86/86 100/100/100
f 86/86/86 82/82/82 83/83/83
f 238/238/238 240/240/240 65/65/65
f 240/240/240 238/238/238 134/134/134
f 65/65/65 237/237/237 238/238/238
f 237/237/237 65/65/65 64/64/64
f 99/99/99 237/237/237 64/64/64
f 64/64/64 82/82/82 99/99/99
f 241/241/241 128/128/128 126/126/126
f 128/128/128 241/241/241 131/131/131
f 19/19/19 16/16/16 22/22/22
f 22/22/22 24/24/24 19/19/19
f 232/232/232 15/15/15 17/17/17
f 17/17/17 15/15/15 229/229/229
f 106/106/106 32/32/32 34/34/34
f 32/32/32 106/106/106 242/242/242
f 24/24/24 25/25/25 27/27/27
f 25/25/25 235/235/235 27/27/27
f 243/243/243 46/46/46 231/231/231
f 231/231/231 46/46/46 232/232/232
f 35/35/35 244/244/244 235/235/235
f 235/235/235 244/244/244 27/27/27
f 245/245/245 35/35/35 32/32/32
f 35/35/35 245/245/245 244/244/244
f 12/12/12 11/11/11 246/246/246
f 12/12/12 246/246/246 230/230/230
f 18/18/18 247/247/247 20/20/20
f 20/20/20 16/16/16 18/18/18
f 229/229/229 230/230/230 247/247/247
f 247/247/247 18/18/18 229/229/229
f 52/52/52 248/248/248 49/49/49
f 49/49/49 51/51/51 52/52/52
f 6/6/6 4/4/4 51/51/51
f 6/6/6 51/51/51 49/49/49
f 58/58/58 47/47/47 249/249/249
f 47/47/47 58/58/58 57/57/57
f 6/6/6 47/47/47 57/57/57
f 57/57/57 5/5/5 6/6/6
f 192/192/192 116/116/116 184/184/184
f 116/116/116 148/148/148 184/184/184
f 250/250/250 49/49/49 248/248/248
f 49/49/49 250/250/250 48/48/48
f 33/33/33 35/35/35 37/37/37
f 37/37/37 35/35/35 235/235/235
f 38/38/38 151/151/151 146/146/146
f 146/146/146 60/60/60 38/38/38
f 15/15/15 232/232/232 46/46/46
f 46/46/46 13/13/13 15/15/15
f 219/219/219 137/137/137 216/216/216
f 216/216/216 137/137/137 136/136/136
f 115/115/115 93/93/93 59/59/59
f 115/115/115 59/59/59 56/56/56
f 105/105/105 239/239/239 249/249/249
f 239/239/239 58/58/58 249/249/249
f 61/61/61 108/108/108 105/105/105
f 108/108/108 239/239/239 105/105/105
f 242/242/242 45/45/45 243/243/243
f 243/243/243 45/45/45 46/46/46
f 106/106/106 44/44/44 242/242/242
f 242/242/242 44/44/44 45/45/45
f 103/103/103 62/62/62 145/145/145
f 62/62/62 103/103/103 107/107/107
f 109/109/109 239/239/239 108/108/108
f 239/239/239 109/109/109 112/112/112
f 107/107/107 61/61/61 62/62/62
f 61/61/61 107/107/107 108/108/108
f 157/157/157 162/162/162 161/161/161
f 162/162/162 157/157/157 156/156/156
f 174/174/174 168/168/168 169/169/169
f 168/168/168 174/174/174 166/166/166
f 32/32/32 242/242/242 245/245/245
f 243/243/243 245/245/245 242/242/242
f 195/195/195 184/184/184 183/183/183
f 195/195/195 183/183/183 251/251/251
f 198/198/198 190/190/190 200/200/200
f 200/200/200 190/190/190 197/197/197
f 76/76/76 73/73/73 252/252/252
f 73/73/73 76/76/76 74/74/74
f 73/73/73 198/198/198 252/252/252
f 198/198/198 73/73/73 190/190/190
f 186/186/186 143/143/143 141/141/141
f 143/143/143 186/186/186 185/185/185
f 252/252/252 188/188/188 186/186/186
f 188/188/188 252/252/252 198/198/198
f 201/201/201 193/193/193 253/253/253
f 193/193/193 194/194/194 253/253/253
f 131/131/131 240/240/240 134/134/134
f 241/241/241 240/240/240 131/131/131
f 225/225/225 133/133/133 135/135/135
f 135/135/135 224/224/224 225/225/225
f 221/221/221 135/135/135 238/238/238
f 135/135/135 134/134/134 238/238/238
f 65/65/65 118/118/118 63/63/63
f 118/118/118 65/65/65 240/240/240
f 93/93/93 98/98/98 100/100/100
f 98/98/98 93/93/93 115/115/115
f 115/115/115 95/95/95 98/98/98
f 98/98/98 95/95/95 94/94/94
f 240/240/240 234/234/234 118/118/118
f 234/234/234 240/240/240 241/241/241
f 254/254/254 21/21/21 20/20/20
f 21/21/21 254/254/254 255/255/255
f 21/21/21 256/256/256 26/26/26
f 256/256/256 21/21/21 255/255/255
f 256/256/256 31/31/31 26/26/26
f 31/31/31 256/256/256 257/257/257
f 247/247/247 258/258/258 254/254/254
f 254/254/254 20/20/20 247/247/247
f 258/258/258 230/230/230 246/246/246
f 230/230/230 258/258/258 247/247/247
f 167/167/167 163/163/163 168/168/168
f 168/168/168 163/163/163 164/164/164
f 259/259/259 260/260/260 261/261/261
f 262/262/262 263/263/263 260/260/260
f 264/264/264 265/265/265 266/266/266
f 30/30/30 29/29/29 36/36/36
f 267/267/267 268/268/268 31/31/31
f 269/269/269 270/270/270 267/267/267
f 34/34/34 33/33/33 60/60/60
f 245/245/245 231/231/231 244/244/244
f 54/54/54 42/42/42 250/250/250
f 52/52/52 54/54/54 248/248/248
f 228/228/228 249/249/249 47/47/47
f 250/250/250 228/228/228 48/48/48
f 233/233/233 241/241/241 126/126/126
f 140/140/140 75/75/75 141/141/141
f 75/75/75 140/140/140 81/81/81
f 172/172/172 118/118/118 234/234/234
f 187/187/187 120/120/120 185/185/185
f 252/252/252 186/186/186 76/76/76
f 154/154/154 152/152/152 271/271/271
f 182/182/182 154/154/154 259/259/259
f 271/271/271 152/152/152 272/272/272
f 36/36/36 268/268/268 273/273/273
f 274/274/274 160/160/160 180/180/180
f 172/172/172 168/168/168 164/164/164
f 162/162/162 174/174/174 173/173/173
f 159/159/159 162/162/162 173/173/173
f 275/275/275 182/182/182 261/261/261
f 276/276/276 275/275/275 261/261/261
f 251/251/251 183/183/183 275/275/275
f 277/277/277 195/195/195 251/251/251
f 278/278/278 251/251/251 275/275/275
f 253/253/253 195/195/195 277/277/277
f 279/279/279 280/280/280 197/197/197
f 202/202/202 281/281/281 196/196/196
f 197/197/197 281/281/281 279/279/279
f 187/187/187 188/188/188 206/206/206
f 282/282/282 180/180/180 205/205/205
f 282/282/282 274/274/274 180/180/180
f 282/282/282 206/206/206 283/283/283
f 283/283/283 206/206/206 199/199/199
f 284/284/284 285/285/285 286/286/286
f 284/284/284 287/287/287 288/288/288
f 284/284/284 289/289/289 285/285/285
f 284/284/284 290/290/290 291/291/291
f 284/284/284 292/292/292 293/293/293
f 292/292/292 284/284/284 294/294/294
f 287/287/287 284/284/284 295/295/295
f 284/284/284 293/293/293 295/295/295
f 294/294/294 284/284/284 296/296/296
f 297/297/297 284/284/284 298/298/298
f 284/284/284 286/286/286 299/299/299
f 17/17/17 229/229/229 18/18/18
f 300/300/300 284/284/284 291/291/291
f 99/99/99 97/97/97 222/222/222
f 277/277/277 251/251/251 301/301/301
f 302/302/302 303/303/303 202/202/202
f 298/298/298 284/284/284 299/299/299
f 19/19/19 28/28/28 17/17/17
f 37/37/37 38/38/38 33/33/33
f 44/44/44 249/249/249 43/43/43
f 105/105/105 44/44/44 106/106/106
f 156/156/156 166/166/166 174/174/174
f 284/284/284 297/297/297 296/296/296
f 280/280/280 304/304/304 200/200/200
f 284/284/284 288/288/288 290/290/290
f 92/92/92 93/93/93 100/100/100
f 96/96/96 218/218/218 97/97/97
f 284/284/284 300/300/300 289/289/289
f 42/42/42 228/228/228 250/250/250
f 234/234/234 241/241/241 233/233/233
f 27/27/27 244/244/244 28/28/28
f 245/245/245 243/243/243 231/231/231
f 231/231/231 28/28/28 244/244/244
f 236/236/236 218/218/218 217/217/217
f 218/218/218 236/236/236 97/97/97
f 186/186/186 141/141/141 76/76/76
f 75/75/75 76/76/76 141/141/141
f 253/253/253 194/194/194 195/195/195
f 187/187/187 203/203/203 204/204/204
f 282/282/282 205/205/205 206/206/206
f 160/160/160 159/159/159 180/180/180
f 120/120/120 187/187/187 204/204/204
f 172/172/172 169/169/169 168/168/168
f 249/249/249 228/228/228 43/43/43
f 105/105/105 249/249/249 44/44/44
f 54/54/54 250/250/250 248/248/248
f 120/120/120 122/122/122 185/185/185
f 140/140/140 78/78/78 81/81/81
f 172/172/172 164/164/164 118/118/118
f 281/281/281 303/303/303 305/305/305
f 302/302/302 202/202/202 201/201/201
f 197/197/197 280/280/280 200/200/200
f 200/200/200 304/304/304 199/199/199
f 267/267/267 31/31/31 257/257/257
f 31/31/31 268/268/268 29/29/29
f 36/36/36 29/29/29 268/268/268
f 159/159/159 173/173/173 177/177/177
f 156/156/156 174/174/174 162/162/162
f 264/264/264 262/262/262 265/265/265
f 265/265/265 260/260/260 259/259/259
f 273/273/273 270/270/270 266/266/266
f 261/261/261 260/260/260 306/306/306
f 182/182/182 259/259/259 261/261/261
f 306/306/306 260/260/260 263/263/263
f 265/265/265 259/259/259 271/271/271
f 262/262/262 260/260/260 265/265/265
f 268/268/268 270/270/270 273/273/273
f 267/267/267 270/270/270 268/268/268
f 264/264/264 270/270/270 269/269/269
f 264/264/264 266/266/266 270/270/270
f 271/271/271 266/266/266 265/265/265
f 273/273/273 266/266/266 272/272/272
f 154/154/154 271/271/271 259/259/259
f 36/36/36 273/273/273 149/149/149
f 272/272/272 266/266/266 271/271/271
f 272/272/272 149/149/149 273/273/273
f 272/272/272 152/152/152 149/149/149
f 228/228/228 47/47/47 48/48/48
f 99/99/99 222/222/222 237/237/237
f 205/205/205 180/180/180 181/181/181
f 283/283/283 199/199/199 304/304/304
f 206/206/206 188/188/188 199/199/199
f 33/33/33 38/38/38 60/60/60
f 301/301/301 251/251/251 278/278/278
f 278/278/278 275/275/275 276/276/276
f 275/275/275 183/183/183 182/182/182
f 276/276/276 261/261/261 306/306/306
f 202/202/202 303/303/303 281/281/281
f 281/281/281 305/305/305 279/279/279
f 196/196/196 281/281/281 197/197/197
f 307/307/307 308/308/308 309/309/309
f 308/308/308 307/307/307 310/310/310
f 311/311/311 312/312/312 313/313/313
f 312/312/312 311/311/311 314/314/314
f 315/315/315 309/309/309 316/316/316
f 309/309/309 315/315/315 307/307/307
f 317/317/317 315/315/315 316/316/316
f 315/315/315 317/317/317 318/318/318
f 311/311/311 318/318/318 317/317/317
f 318/318/318 311/311/311 313/313/313
f 312/312/312 314/314/314 319/319/319
f 312/312/312 319/319/319 320/320/320
f 321/321/321 322/322/322 323/323/323
f 321/321/321 323/323/323 324/324/324
f 316/316/316 325/325/325 326/326/326
f 325/325/325 316/316/316 309/309/309
f 317/317/317 326/326/326 327/327/327
f 326/326/326 317/317/317 316/316/316
f 328/328/328 317/317/317 327/327/327
f 317/317/317 328/328/328 311/311/311
f 314/314/314 329/329/329 330/330/330
f 314/314/314 330/330/330 319/319/319
f 331/331/331 322/322/322 332/332/332
f 322/322/322 331/331/331 323/323/323
f 326/326/326 325/325/325 333/333/333
f 333/333/333 334/334/334 326/326/326
f 333/333/333 335/335/335 334/334/334
f 335/335/335 333/333/333 336/336/336
f 337/337/337 334/334/334 335/335/335
f 337/337/337 335/335/335 338/338/338
f 323/323/323 339/339/339 324/324/324
f 324/324/324 339/339/339 340/340/340
f 341/341/341 323/323/323 331/331/331
f 323/323/323 341/341/341 339/339/339
f 342/342/342 343/343/343 344/344/344
f 343/343/343 342/342/342 345/345/345
f 335/335/335 336/336/336 346/346/346
f 336/336/336 347/347/347 346/346/346
f 348/348/348 349/349/349 350/350/350
f 349/349/349 351/351/351 350/350/350
f 352/352/352 353/353/353 354/354/354
f 353/353/353 352/352/352 348/348/348
f 346/346/346 338/338/338 335/335/335
f 338/338/338 346/346/346 355/355/355
f 356/356/356 357/357/357 358/358/358
f 358/358/358 359/359/359 356/356/356
f 360/360/360 359/359/359 358/358/358
f 359/359/359 360/360/360 361/361/361
f 362/362/362 363/363/363 364/364/364
f 363/363/363 362/362/362 365/365/365
f 349/349/349 348/348/348 366/366/366
f 352/352/352 366/366/366 348/348/348
f 367/367/367 368/368/368 362/362/362
f 367/367/367 362/362/362 364/364/364
f 320/320/320 319/319/319 322/322/322
f 320/320/320 322/322/322 321/321/321
f 319/319/319 330/330/330 332/332/332
f 319/319/319 332/332/332 322/322/322
f 348/348/348 369/369/369 353/353/353
f 369/369/369 348/348/348 350/350/350
f 370/370/370 354/354/354 353/353/353
f 370/370/370 353/353/353 371/371/371
f 360/360/360 349/349/349 361/361/361
f 349/349/349 366/366/366 361/361/361
f 345/345/345 372/372/372 373/373/373
f 345/345/345 373/373/373 343/343/343
f 374/374/374 331/331/331 332/332/332
f 331/331/331 374/374/374 372/372/372
f 341/341/341 331/331/331 372/372/372
f 372/372/372 345/345/345 341/341/341
f 374/374/374 375/375/375 376/376/376
f 374/374/374 376/376/376 377/377/377
f 378/378/378 379/379/379 380/380/380
f 380/380/380 379/379/379 381/381/381
f 382/382/382 357/357/357 383/383/383
f 383/383/383 357/357/357 356/356/356
f 384/384/384 371/371/371 385/385/385
f 384/384/384 370/370/370 371/371/371
f 385/385/385 378/378/378 384/384/384
f 378/378/378 385/385/385 379/379/379
f 379/379/379 385/385/385 386/386/386
f 379/379/379 386/386/386 387/387/387
f 309/309/309 388/388/388 325/325/325
f 333/333/333 325/325/325 389/389/389
f 314/314/314 311/311/311 328/328/328
f 328/328/328 327/327/327 337/337/337
f 377/377/377 390/390/390 374/374/374
f 330/330/330 329/329/329 355/355/355
f 376/376/376 375/375/375 391/391/391
f 346/346/346 392/392/392 391/391/391
f 382/382/382 393/393/393 357/357/357
f 334/334/334 327/327/327 326/326/326
f 394/394/394 367/367/367 395/395/395
f 395/395/395 367/367/367 396/396/396
f 392/392/392 346/346/346 347/347/347
f 388/388/388 309/309/309 308/308/308
f 397/397/397 398/398/398 399/399/399
f 363/363/363 397/397/397 364/364/364
f 364/364/364 397/397/397 367/367/367
f 400/400/400 381/381/381 387/387/387
f 401/401/401 400/400/400 402/402/402
f 338/338/338 329/329/329 337/337/337
f 360/360/360 358/358/358 403/403/403
f 351/351/351 349/349/349 360/360/360
f 372/372/372 390/390/390 373/373/373
f 355/355/355 375/375/375 330/330/330
f 330/330/330 375/375/375 332/332/332
f 353/353/353 369/369/369 371/371/371
f 379/379/379 387/387/387 381/381/381
f 404/404/404 405/405/405 396/396/396
f 406/406/406 396/396/396 407/407/407
f 408/408/408 407/407/407 396/396/396
f 408/408/408 396/396/396 409/409/409
f 399/399/399 409/409/409 397/397/397
f 333/333/333 389/389/389 336/336/336
f 375/375/375 374/374/374 332/332/332
f 396/396/396 405/405/405 395/395/395
f 410/410/410 398/398/398 397/397/397
f 397/397/397 396/396/396 367/367/367
f 329/329/329 338/338/338 355/355/355
f 367/367/367 394/394/394 368/368/368
f 409/409/409 396/396/396 397/397/397
f 390/390/390 372/372/372 374/374/374
f 375/375/375 355/355/355 391/391/391
f 380/380/380 381/381/381 401/401/401
f 363/363/363 410/410/410 397/397/397
f 371/371/371 369/369/369 386/386/386
f 411/411/411 396/396/396 406/406/406
f 411/411/411 404/404/404 396/396/396
f 401/401/401 381/381/381 400/400/400
f 357/357/357 412/412/412 358/358/358
f 389/389/389 325/325/325 388/388/388
f 371/371/371 386/386/386 385/385/385
f 392/392/392 347/347/347 413/413/413
f 346/346/346 391/391/391 355/355/355
f 337/337/337 329/329/329 328/328/328
f 314/314/314 328/328/328 329/329/329
f 337/337/337 327/327/327 334/334/334
f 357/357/357 393/393/393 412/412/412
f 403/403/403 358/358/358 412/412/412
f 351/351/351 360/360/360 403/403/403
f 414/414/414 3/3/3 2/2/2
f 3/3/3 414/414/414 415/415/415
f 416/416/416 417/417/417 415/415/415
f 416/416/416 415/415/415 414/414/414
f 9/9/9 418/418/418 419/419/419
f 9/9/9 419/419/419 7/7/7
f 420/420/420 11/11/11 419/419/419
f 7/7/7 419/419/419 11/11/11
f 421/421/421 418/418/418 422/422/422
f 418/418/418 421/421/421 419/419/419
f 421/421/421 420/420/420 419/419/419
f 423/423/423 420/420/420 421/421/421
f 424/424/424 425/425/425 426/426/426
f 425/425/425 424/424/424 427/427/427
f 425/425/425 428/428/428 429/429/429
f 428/428/428 425/425/425 430/430/430
f 430/430/430 431/431/431 432/432/432
f 431/431/431 433/433/433 432/432/432
f 428/428/428 432/432/432 434/434/434
f 432/432/432 428/428/428 430/430/430
f 427/427/427 435/435/435 431/431/431
f 435/435/435 427/427/427 436/436/436
f 433/433/433 437/437/437 432/432/432
f 437/437/437 433/433/433 438/438/438
f 437/437/437 439/439/439 432/432/432
f 434/434/434 432/432/432 439/439/439
f 440/440/440 441/441/441 442/442/442
f 442/442/442 441/441/441 443/443/443
f 444/444/444 438/438/438 445/445/445
f 444/444/444 445/445/445 446/446/446
f 39/39/39 447/447/447 418/418/418
f 39/39/39 418/418/418 9/9/9
f 448/448/448 39/39/39 41/41/41
f 39/39/39 448/448/448 447/447/447
f 447/447/447 449/449/449 418/418/418
f 449/449/449 422/422/422 418/418/418
f 450/450/450 422/422/422 449/449/449
f 422/422/422 450/450/450 451/451/451
f 452/452/452 422/422/422 451/451/451
f 422/422/422 452/452/452 421/421/421
f 417/417/417 453/453/453 454/454/454
f 417/417/417 454/454/454 455/455/455
f 3/3/3 415/415/415 50/50/50
f 415/415/415 456/456/456 50/50/50
f 457/457/457 53/53/53 456/456/456
f 458/458/458 41/41/41 55/55/55
f 41/41/41 458/458/458 448/448/448
f 457/457/457 55/55/55 53/53/53
f 457/457/457 458/458/458 55/55/55
f 459/459/459 460/460/460 461/461/461
f 459/459/459 461/461/461 462/462/462
f 440/440/440 463/463/463 464/464/464
f 464/464/464 463/463/463 465/465/465
f 466/466/466 467/467/467 468/468/468
f 467/467/467 466/466/466 469/469/469
f 67/67/67 469/469/469 68/68/68
f 469/469/469 67/67/67 467/467/467
f 470/470/470 471/471/471 472/472/472
f 471/471/471 470/470/470 473/473/473
f 474/474/474 472/472/472 475/475/475
f 475/475/475 472/472/472 471/471/471
f 476/476/476 477/477/477 475/475/475
f 476/476/476 475/475/475 478/478/478
f 479/479/479 480/480/480 481/481/481
f 480/480/480 482/482/482 481/481/481
f 483/483/483 469/469/469 466/466/466
f 469/469/469 483/483/483 484/484/484
f 484/484/484 68/68/68 469/469/469
f 68/68/68 484/484/484 84/84/84
f 484/484/484 85/85/85 84/84/84
f 85/85/85 484/484/484 485/485/485
f 87/87/87 486/486/486 414/414/414
f 87/87/87 414/414/414 2/2/2
f 416/416/416 486/486/486 487/487/487
f 486/486/486 416/416/416 414/414/414
f 461/461/461 416/416/416 462/462/462
f 462/462/462 416/416/416 487/487/487
f 488/488/488 87/87/87 90/90/90
f 87/87/87 488/488/488 486/486/486
f 485/485/485 90/90/90 85/85/85
f 90/90/90 485/485/485 488/488/488
f 489/489/489 487/487/487 488/488/488
f 487/487/487 486/486/486 488/488/488
f 490/490/490 487/487/487 489/489/489
f 490/490/490 462/462/462 487/487/487
f 491/491/491 492/492/492 493/493/493
f 493/493/493 492/492/492 494/494/494
f 483/483/483 495/495/495 496/496/496
f 483/483/483 496/496/496 497/497/497
f 497/497/497 488/488/488 485/485/485
f 488/488/488 497/497/497 489/489/489
f 482/482/482 476/476/476 498/498/498
f 476/476/476 478/478/478 498/498/498
f 475/475/475 499/499/499 478/478/478
f 499/499/499 475/475/475 471/471/471
f 471/471/471 500/500/500 499/499/499
f 500/500/500 471/471/471 473/473/473
f 498/498/498 478/478/478 501/501/501
f 478/478/478 499/499/499 501/501/501
f 440/440/440 502/502/502 463/463/463
f 502/502/502 440/440/440 503/503/503
f 501/501/501 499/499/499 504/504/504
f 499/499/499 500/500/500 504/504/504
f 504/504/504 505/505/505 501/501/501
f 501/501/501 505/505/505 506/506/506
f 507/507/507 508/508/508 509/509/509
f 508/508/508 507/507/507 506/506/506
f 498/498/498 506/506/506 507/507/507
f 498/498/498 501/501/501 506/506/506
f 510/510/510 511/511/511 491/491/491
f 510/510/510 491/491/491 493/493/493
f 481/481/481 511/511/511 479/479/479
f 510/510/510 479/479/479 511/511/511
f 482/482/482 507/507/507 481/481/481
f 507/507/507 482/482/482 498/498/498
f 511/511/511 481/481/481 509/509/509
f 481/481/481 507/507/507 509/509/509
f 509/509/509 512/512/512 511/511/511
f 511/511/511 512/512/512 491/491/491
f 473/473/473 470/470/470 513/513/513
f 513/513/513 514/514/514 473/473/473
f 119/119/119 515/515/515 467/467/467
f 119/119/119 467/467/467 67/67/67
f 516/516/516 517/517/517 518/518/518
f 517/517/517 519/519/519 518/518/518
f 518/518/518 520/520/520 521/521/521
f 520/520/520 518/518/518 519/519/519
f 522/522/522 520/520/520 523/523/523
f 523/523/523 524/524/524 522/522/522
f 525/525/525 519/519/519 517/517/517
f 519/519/519 525/525/525 526/526/526
f 519/519/519 526/526/526 520/520/520
f 526/526/526 523/523/523 520/520/520
f 527/527/527 524/524/524 528/528/528
f 527/527/527 528/528/528 529/529/529
f 530/530/530 531/531/531 529/529/529
f 531/531/531 527/527/527 529/529/529
f 532/532/532 510/510/510 533/533/533
f 510/510/510 532/532/532 479/479/479
f 534/534/534 479/479/479 532/532/532
f 479/479/479 534/534/534 480/480/480
f 534/534/534 535/535/535 480/480/480
f 535/535/535 536/536/536 480/480/480
f 536/536/536 537/537/537 538/538/538
f 537/537/537 536/536/536 535/535/535
f 538/538/538 537/537/537 539/539/539
f 539/539/539 537/537/537 540/540/540
f 473/473/473 541/541/541 500/500/500
f 541/541/541 473/473/473 514/514/514
f 514/514/514 542/542/542 541/541/541
f 542/542/542 514/514/514 543/543/543
f 514/514/514 544/544/544 543/543/543
f 514/514/514 513/513/513 544/544/544
f 465/465/465 542/542/542 464/464/464
f 542/542/542 465/465/465 541/541/541
f 545/545/545 546/546/546 547/547/547
f 546/546/546 545/545/545 548/548/548
f 543/543/543 544/544/544 549/549/549
f 543/543/543 549/549/549 546/546/546
f 546/546/546 549/549/549 550/550/550
f 546/546/546 550/550/550 547/547/547
f 444/444/444 446/446/446 545/545/545
f 446/446/446 548/548/548 545/545/545
f 551/551/551 552/552/552 553/553/553
f 551/551/551 553/553/553 554/554/554
f 555/555/555 556/556/556 557/557/557
f 556/556/556 555/555/555 558/558/558
f 559/559/559 119/119/119 163/163/163
f 119/119/119 559/559/559 515/515/515
f 553/553/553 165/165/165 554/554/554
f 165/165/165 553/553/553 560/560/560
f 560/560/560 167/167/167 165/165/165
f 167/167/167 560/560/560 561/561/561
f 562/562/562 563/563/563 564/564/564
f 563/563/563 562/562/562 565/565/565
f 566/566/566 563/563/563 567/567/567
f 563/563/563 566/566/566 564/564/564
f 568/568/568 562/562/562 564/564/564
f 562/562/562 568/568/568 569/569/569
f 570/570/570 564/564/564 566/566/566
f 564/564/564 570/570/570 568/568/568
f 571/571/571 569/569/569 568/568/568
f 569/569/569 571/571/571 572/572/572
f 556/556/556 573/573/573 570/570/570
f 573/573/573 556/556/556 574/574/574
f 575/575/575 576/576/576 549/549/549
f 549/549/549 576/576/576 550/550/550
f 544/544/544 577/577/577 575/575/575
f 544/544/544 575/575/575 549/549/549
f 578/578/578 579/579/579 580/580/580
f 579/579/579 578/578/578 581/581/581
f 474/474/474 582/582/582 583/583/583
f 474/474/474 583/583/583 472/472/472
f 472/472/472 583/583/583 584/584/584
f 472/472/472 584/584/584 470/470/470
f 470/470/470 584/584/584 585/585/585
f 585/585/585 513/513/513 470/470/470
f 586/586/586 587/587/587 584/584/584
f 584/584/584 587/587/587 585/585/585
f 587/587/587 588/588/588 585/585/585
f 585/585/585 588/588/588 577/577/577
f 586/586/586 583/583/583 589/589/589
f 583/583/583 586/586/586 584/584/584
f 590/590/590 583/583/583 582/582/582
f 583/583/583 590/590/590 589/589/589
f 581/581/581 591/591/591 592/592/592
f 591/591/591 593/593/593 592/592/592
f 594/594/594 589/589/589 595/595/595
f 589/589/589 594/594/594 586/586/586
f 570/570/570 571/571/571 568/568/568
f 571/571/571 570/570/570 573/573/573
f 571/571/571 596/596/596 572/572/572
f 596/596/596 571/571/571 597/597/597
f 573/573/573 597/597/597 571/571/571
f 597/597/597 573/573/573 598/598/598
f 578/578/578 597/597/597 598/598/598
f 598/598/598 599/599/599 578/578/578
f 600/600/600 528/528/528 601/601/601
f 528/528/528 600/600/600 602/602/602
f 540/540/540 537/537/537 603/603/603
f 603/603/603 537/537/537 604/604/604
f 605/605/605 606/606/606 540/540/540
f 605/605/605 540/540/540 603/603/603
f 534/534/534 607/607/607 608/608/608
f 534/534/534 608/608/608 535/535/535
f 535/535/535 608/608/608 604/604/604
f 535/535/535 604/604/604 537/537/537
f 607/607/607 532/532/532 609/609/609
f 532/532/532 607/607/607 534/534/534
f 610/610/610 611/611/611 612/612/612
f 611/611/611 610/610/610 533/533/533
f 613/613/613 614/614/614 615/615/615
f 614/614/614 613/613/613 616/616/616
f 530/530/530 617/617/617 615/615/615
f 615/615/615 617/617/617 613/613/613
f 528/528/528 602/602/602 529/529/529
f 529/529/529 602/602/602 618/618/618
f 600/600/600 619/619/619 620/620/620
f 619/619/619 600/600/600 601/601/601
f 606/606/606 605/605/605 620/620/620
f 620/620/620 619/619/619 606/606/606
f 448/448/448 621/621/621 447/447/447
f 621/621/621 449/449/449 447/447/447
f 622/622/622 423/423/423 623/623/623
f 420/420/420 423/423/423 622/622/622
f 436/436/436 424/424/424 624/624/624
f 624/624/624 424/424/424 625/625/625
f 562/562/562 626/626/626 565/565/565
f 565/565/565 626/626/626 627/627/627
f 562/562/562 569/569/569 521/521/521
f 521/521/521 626/626/626 562/562/562
f 572/572/572 521/521/521 569/569/569
f 521/521/521 572/572/572 518/518/518
f 596/596/596 518/518/518 572/572/572
f 518/518/518 596/596/596 516/516/516
f 517/517/517 539/539/539 525/525/525
f 539/539/539 517/517/517 580/580/580
f 533/533/533 510/510/510 493/493/493
f 533/533/533 493/493/493 611/611/611
f 433/433/433 628/628/628 438/438/438
f 438/438/438 628/628/628 445/445/445
f 614/614/614 616/616/616 629/629/629
f 614/614/614 629/629/629 494/494/494
f 495/495/495 492/492/492 496/496/496
f 492/492/492 495/495/495 494/494/494
f 615/615/615 614/614/614 630/630/630
f 630/630/630 631/631/631 615/615/615
f 524/524/524 523/523/523 601/601/601
f 601/601/601 528/528/528 524/524/524
f 619/619/619 523/523/523 526/526/526
f 523/523/523 619/619/619 601/601/601
f 619/619/619 526/526/526 606/606/606
f 606/606/606 526/526/526 525/525/525
f 606/606/606 539/539/539 540/540/540
f 539/539/539 606/606/606 525/525/525
f 626/626/626 520/520/520 522/522/522
f 520/520/520 626/626/626 521/521/521
f 508/508/508 632/632/632 460/460/460
f 508/508/508 460/460/460 459/459/459
f 509/509/509 459/459/459 512/512/512
f 509/509/509 508/508/508 459/459/459
f 542/542/542 546/546/546 548/548/548
f 546/546/546 542/542/542 543/543/543
f 483/483/483 485/485/485 484/484/484
f 485/485/485 483/483/483 497/497/497
f 631/631/631 633/633/633 531/531/531
f 633/633/633 631/631/631 468/468/468
f 630/630/630 468/468/468 631/631/631
f 468/468/468 630/630/630 466/466/466
f 495/495/495 466/466/466 630/630/630
f 466/466/466 495/495/495 483/483/483
f 634/634/634 524/524/524 527/527/527
f 524/524/524 634/634/634 522/522/522
f 427/427/427 430/430/430 425/425/425
f 430/430/430 427/427/427 431/431/431
f 423/423/423 625/625/625 424/424/424
f 424/424/424 623/623/623 423/423/423
f 503/503/503 440/440/440 442/442/442
f 503/503/503 442/442/442 635/635/635
f 431/431/431 435/435/435 433/433/433
f 628/628/628 433/433/433 435/435/435
f 452/452/452 624/624/624 625/625/625
f 624/624/624 452/452/452 636/636/636
f 443/443/443 628/628/628 637/637/637
f 628/628/628 435/435/435 637/637/637
f 442/442/442 443/443/443 638/638/638
f 638/638/638 443/443/443 637/637/637
f 622/622/622 246/246/246 420/420/420
f 11/11/11 420/420/420 246/246/246
f 426/426/426 429/429/429 639/639/639
f 429/429/429 426/426/426 425/425/425
f 623/623/623 639/639/639 622/622/622
f 639/639/639 623/623/623 426/426/426
f 457/457/457 455/455/455 640/640/640
f 455/455/455 457/457/457 456/456/456
f 455/455/455 456/456/456 417/417/417
f 415/415/415 417/417/417 456/456/456
f 460/460/460 641/641/641 453/453/453
f 460/460/460 453/453/453 461/461/461
f 453/453/453 417/417/417 461/461/461
f 417/417/417 416/416/416 461/461/461
f 585/585/585 577/577/577 513/513/513
f 513/513/513 577/577/577 544/544/544
f 642/642/642 640/640/640 455/455/455
f 455/455/455 454/454/454 642/642/642
f 445/445/445 443/443/443 441/441/441
f 443/443/443 445/445/445 628/628/628
f 548/548/548 446/446/446 542/542/542
f 446/446/446 464/464/464 542/542/542
f 625/625/625 423/423/423 452/452/452
f 423/423/423 421/421/421 452/452/452
f 533/533/533 610/610/610 609/609/609
f 609/609/609 532/532/532 533/533/533
f 490/490/490 512/512/512 462/462/462
f 512/512/512 459/459/459 462/462/462
f 502/502/502 641/641/641 632/632/632
f 632/632/632 641/641/641 460/460/460
f 502/502/502 505/505/505 463/463/463
f 505/505/505 502/502/502 632/632/632
f 451/451/451 635/635/635 636/636/636
f 636/636/636 452/452/452 451/451/451
f 635/635/635 450/450/450 503/503/503
f 450/450/450 635/635/635 451/451/451
f 500/500/500 465/465/465 504/504/504
f 465/465/465 500/500/500 541/541/541
f 506/506/506 505/505/505 632/632/632
f 506/506/506 632/632/632 508/508/508
f 463/463/463 504/504/504 465/465/465
f 504/504/504 463/463/463 505/505/505
f 552/552/552 555/555/555 557/557/557
f 552/552/552 557/557/557 553/553/553
f 567/567/567 561/561/561 560/560/560
f 561/561/561 567/567/567 563/563/563
f 638/638/638 636/636/636 635/635/635
f 635/635/635 442/442/442 638/638/638
f 588/588/588 575/575/575 577/577/577
f 575/575/575 588/588/588 643/643/643
f 593/593/593 582/582/582 592/592/592
f 582/582/582 593/593/593 590/590/590
f 477/477/477 644/644/644 474/474/474
f 477/477/477 474/474/474 475/475/475
f 592/592/592 474/474/474 644/644/644
f 474/474/474 592/592/592 582/582/582
f 539/539/539 580/580/580 579/579/579
f 539/539/539 579/579/579 538/538/538
f 581/581/581 644/644/644 579/579/579
f 644/644/644 581/581/581 592/592/592
f 586/586/586 594/594/594 645/645/645
f 586/586/586 645/645/645 587/587/587
f 633/633/633 527/527/527 531/531/531
f 633/633/633 634/634/634 527/527/527
f 529/529/529 618/618/618 530/530/530
f 530/530/530 618/618/618 617/617/617
f 631/631/631 530/530/530 615/615/615
f 530/530/530 631/631/631 531/531/531
f 468/468/468 515/515/515 633/633/633
f 515/515/515 468/468/468 467/467/467
f 490/490/490 497/497/497 496/496/496
f 496/496/496 512/512/512 490/490/490
f 512/512/512 496/496/496 491/491/491
f 491/491/491 496/496/496 492/492/492
f 515/515/515 627/627/627 633/633/633
f 633/633/633 627/627/627 634/634/634
f 254/254/254 428/428/428 255/255/255
f 428/428/428 254/254/254 429/429/429
f 428/428/428 256/256/256 255/255/255
f 256/256/256 428/428/428 434/434/434
f 439/439/439 256/256/256 434/434/434
f 256/256/256 439/439/439 257/257/257
f 639/639/639 254/254/254 258/258/258
f 254/254/254 639/639/639 429/429/429
f 622/622/622 258/258/258 246/246/246
f 258/258/258 622/622/622 639/639/639
f 561/561/561 163/163/163 167/167/167
f 163/163/163 561/561/561 559/559/559
f 646/646/646 647/647/647 648/648/648
f 262/262/262 648/648/648 263/263/263
f 264/264/264 649/649/649 650/650/650
f 438/438/438 444/444/444 437/437/437
f 267/267/267 439/439/439 651/651/651
f 269/269/269 267/267/267 652/652/652
f 440/440/440 464/464/464 441/441/441
f 638/638/638 637/637/637 624/624/624
f 458/458/458 642/642/642 448/448/448
f 457/457/457 640/640/640 458/458/458
f 621/621/621 453/453/453 641/641/641
f 642/642/642 454/454/454 621/621/621
f 626/626/626 522/522/522 634/634/634
f 536/536/536 538/538/538 476/476/476
f 476/476/476 482/482/482 536/536/536
f 565/565/565 627/627/627 515/515/515
f 578/578/578 580/580/580 516/516/516
f 644/644/644 477/477/477 579/579/579
f 550/550/550 653/653/653 547/547/547
f 576/576/576 646/646/646 550/550/550
f 653/653/653 654/654/654 547/547/547
f 444/444/444 655/655/655 651/651/651
f 656/656/656 574/574/574 558/558/558
f 565/565/565 559/559/559 561/561/561
f 557/557/557 566/566/566 567/567/567
f 556/556/556 566/566/566 557/557/557
f 657/657/657 647/647/647 576/576/576
f 276/276/276 647/647/647 657/657/657
f 643/643/643 657/657/657 575/575/575
f 658/658/658 643/643/643 588/588/588
f 659/659/659 657/657/657 643/643/643
f 645/645/645 658/658/658 588/588/588
f 660/660/660 590/590/590 661/661/661
f 595/595/595 589/589/589 662/662/662
f 590/590/590 660/660/660 662/662/662
f 578/578/578 599/599/599 581/581/581
f 663/663/663 598/598/598 574/574/574
f 663/663/663 574/574/574 656/656/656
f 663/663/663 664/664/664 599/599/599
f 664/664/664 591/591/591 599/599/599
f 665/665/665 666/666/666 667/667/667
f 665/665/665 668/668/668 669/669/669
f 665/665/665 667/667/667 670/670/670
f 665/665/665 671/671/671 672/672/672
f 665/665/665 673/673/673 674/674/674
f 674/674/674 675/675/675 665/665/665
f 669/669/669 676/676/676 665/665/665
f 665/665/665 676/676/676 673/673/673
f 675/675/675 677/677/677 665/665/665
f 678/678/678 679/679/679 665/665/665
f 665/665/665 680/680/680 666/666/666
f 424/424/424 426/426/426 623/623/623
f 681/681/681 671/671/671 665/665/665
f 495/495/495 614/614/614 494/494/494
f 658/658/658 682/682/682 643/643/643
f 683/683/683 595/595/595 684/684/684
f 679/679/679 680/680/680 665/665/665
f 427/427/427 424/424/424 436/436/436
f 445/445/445 441/441/441 446/446/446
f 450/450/450 449/449/449 641/641/641
f 502/502/502 503/503/503 450/450/450
f 553/553/553 567/567/567 560/560/560
f 665/665/665 677/677/677 678/678/678
f 661/661/661 593/593/593 685/685/685
f 665/665/665 672/672/672 668/668/668
f 489/489/489 497/497/497 490/490/490
f 493/493/493 494/494/494 611/611/611
f 665/665/665 670/670/670 681/681/681
f 448/448/448 642/642/642 621/621/621
f 627/627/627 626/626/626 634/634/634
f 435/435/435 436/436/436 637/637/637
f 638/638/638 624/624/624 636/636/636
f 624/624/624 637/637/637 436/436/436
f 629/629/629 612/612/612 611/611/611
f 611/611/611 494/494/494 629/629/629
f 579/579/579 477/477/477 538/538/538
f 476/476/476 538/538/538 477/477/477
f 645/645/645 588/588/588 587/587/587
f 578/578/578 596/596/596 597/597/597
f 663/663/663 599/599/599 598/598/598
f 558/558/558 574/574/574 556/556/556
f 516/516/516 596/596/596 578/578/578
f 565/565/565 561/561/561 563/563/563
f 641/641/641 449/449/449 621/621/621
f 502/502/502 450/450/450 641/641/641
f 458/458/458 640/640/640 642/642/642
f 516/516/516 580/580/580 517/517/517
f 536/536/536 482/482/482 480/480/480
f 565/565/565 515/515/515 559/559/559
f 662/662/662 686/686/686 684/684/684
f 683/683/683 594/594/594 595/595/595
f 590/590/590 593/593/593 661/661/661
f 593/593/593 591/591/591 685/685/685
f 267/267/267 257/257/257 439/439/439
f 439/439/439 437/437/437 651/651/651
f 444/444/444 651/651/651 437/437/437
f 556/556/556 570/570/570 566/566/566
f 553/553/553 557/557/557 567/567/567
f 264/264/264 650/650/650 262/262/262
f 650/650/650 646/646/646 648/648/648
f 655/655/655 649/649/649 652/652/652
f 647/647/647 306/306/306 648/648/648
f 576/576/576 647/647/647 646/646/646
f 306/306/306 263/263/263 648/648/648
f 650/650/650 653/653/653 646/646/646
f 262/262/262 650/650/650 648/648/648
f 651/651/651 655/655/655 652/652/652
f 267/267/267 651/651/651 652/652/652
f 264/264/264 269/269/269 652/652/652
f 264/264/264 652/652/652 649/649/649
f 653/653/653 650/650/650 649/649/649
f 655/655/655 654/654/654 649/649/649
f 550/550/550 646/646/646 653/653/653
f 444/444/444 545/545/545 655/655/655
f 654/654/654 653/653/653 649/649/649
f 654/654/654 655/655/655 545/545/545
f 654/654/654 545/545/545 547/547/547
f 621/621/621 454/454/454 453/453/453
f 495/495/495 630/630/630 614/614/614
f 598/598/598 573/573/573 574/574/574
f 664/664/664 685/685/685 591/591/591
f 599/599/599 591/591/591 581/581/581
f 441/441/441 464/464/464 446/446/446
f 682/682/682 659/659/659 643/643/643
f 659/659/659 276/276/276 657/657/657
f 657/657/657 576/576/576 575/575/575
f 276/276/276 306/306/306 647/647/647
f 595/595/595 662/662/662 684/684/684
f 662/662/662 660/660/660 686/686/686
f 589/589/589 590/590/590 662/662/662
f 846/846/846 687/687/687 688/688/688
f 846/846/846 688/688/688 847/847/847
f 689/689/689 848/848/848 849/849/849
f 689/689/689 849/849/849 690/690/690
f 850/850/850 691/691/691 687/687/687
f 850/850/850 687/687/687 846/846/846
f 692/692/692 850/850/850 851/851/851
f 850/850/850 692/692/692 691/691/691
f 689/689/689 851/851/851 848/848/848
f 851/851/851 689/689/689 692/692/692
f 690/690/690 849/849/849 693/693/693
f 849/849/849 852/852/852 693/693/693
f 694/694/694 853/853/853 695/695/695
f 853/853/853 854/854/854 695/695/695
f 691/691/691 696/696/696 697/697/697
f 691/691/691 697/697/697 687/687/687
f 692/692/692 698/698/698 696/696/696
f 692/692/692 696/696/696 691/691/691
f 699/699/699 692/692/692 689/689/689
f 692/692/692 699/699/699 698/698/698
f 700/700/700 690/690/690 701/701/701
f 690/690/690 693/693/693 701/701/701
f 694/694/694 702/702/702 703/703/703
f 702/702/702 694/694/694 695/695/695
f 697/697/697 696/696/696 704/704/704
f 696/696/696 705/705/705 704/704/704
f 705/705/705 706/706/706 704/704/704
f 704/704/704 706/706/706 707/707/707
f 708/708/708 706/706/706 705/705/705
f 706/706/706 708/708/708 709/709/709
f 695/695/695 854/854/854 710/710/710
f 854/854/854 855/855/855 710/710/710
f 695/695/695 711/711/711 702/702/702
f 711/711/711 695/695/695 710/710/710
f 712/712/712 713/713/713 714/714/714
f 713/713/713 712/712/712 715/715/715
f 706/706/706 716/716/716 707/707/707
f 707/707/707 716/716/716 717/717/717
f 718/718/718 719/719/719 720/720/720
f 720/720/720 719/719/719 721/721/721
f 722/722/722 723/723/723 718/718/718
f 723/723/723 722/722/722 724/724/724
f 709/709/709 716/716/716 706/706/706
f 716/716/716 709/709/709 725/725/725
f 726/726/726 727/727/727 728/728/728
f 727/727/727 729/729/729 728/728/728
f 730/730/730 728/728/728 729/729/729
f 729/729/729 731/731/731 730/730/730
f 732/732/732 733/733/733 734/734/734
f 733/733/733 732/732/732 735/735/735
f 736/736/736 722/722/722 718/718/718
f 718/718/718 720/720/720 736/736/736
f 737/737/737 738/738/738 732/732/732
f 738/738/738 735/735/735 732/732/732
f 693/693/693 852/852/852 694/694/694
f 852/852/852 853/853/853 694/694/694
f 701/701/701 693/693/693 703/703/703
f 693/693/693 694/694/694 703/703/703
f 723/723/723 739/739/739 718/718/718
f 718/718/718 739/739/739 719/719/719
f 740/740/740 723/723/723 724/724/724
f 723/723/723 740/740/740 741/741/741
f 720/720/720 730/730/730 731/731/731
f 720/720/720 731/731/731 736/736/736
f 742/742/742 714/714/714 743/743/743
f 743/743/743 714/714/714 713/713/713
f 703/703/703 702/702/702 744/744/744
f 702/702/702 742/742/742 744/744/744
f 711/711/711 742/742/742 702/702/702
f 742/742/742 711/711/711 714/714/714
f 745/745/745 746/746/746 744/744/744
f 745/745/745 744/744/744 747/747/747
f 748/748/748 749/749/749 750/750/750
f 749/749/749 751/751/751 750/750/750
f 752/752/752 753/753/753 726/726/726
f 753/753/753 727/727/727 726/726/726
f 754/754/754 741/741/741 740/740/740
f 754/754/754 755/755/755 741/741/741
f 748/748/748 750/750/750 755/755/755
f 748/748/748 755/755/755 754/754/754
f 756/756/756 755/755/755 750/750/750
f 756/756/756 750/750/750 757/757/757
f 687/687/687 697/697/697 758/758/758
f 704/704/704 759/759/759 697/697/697
f 690/690/690 699/699/699 689/689/689
f 699/699/699 708/708/708 698/698/698
f 747/747/747 744/744/744 760/760/760
f 701/701/701 725/725/725 700/700/700
f 745/745/745 761/761/761 746/746/746
f 716/716/716 761/761/761 762/762/762
f 752/752/752 726/726/726 763/763/763
f 705/705/705 696/696/696 698/698/698
f 764/764/764 765/765/765 738/738/738
f 765/765/765 766/766/766 738/738/738
f 762/762/762 717/717/717 716/716/716
f 758/758/758 688/688/688 687/687/687
f 767/767/767 768/768/768 769/769/769
f 733/733/733 735/735/735 767/767/767
f 735/735/735 738/738/738 767/767/767
f 770/770/770 757/757/757 751/751/751
f 771/771/771 772/772/772 770/770/770
f 709/709/709 708/708/708 700/700/700
f 730/730/730 773/773/773 728/728/728
f 721/721/721 730/730/730 720/720/720
f 742/742/742 743/743/743 760/760/760
f 725/725/725 701/701/701 746/746/746
f 701/701/701 703/703/703 746/746/746
f 723/723/723 741/741/741 739/739/739
f 750/750/750 751/751/751 757/757/757
f 774/774/774 766/766/766 775/775/775
f 776/776/776 777/777/777 766/766/766
f 778/778/778 766/766/766 777/777/777
f 778/778/778 779/779/779 766/766/766
f 768/768/768 767/767/767 779/779/779
f 704/704/704 707/707/707 759/759/759
f 746/746/746 703/703/703 744/744/744
f 766/766/766 765/765/765 775/775/775
f 780/780/780 767/767/767 769/769/769
f 767/767/767 738/738/738 766/766/766
f 700/700/700 725/725/725 709/709/709
f 738/738/738 737/737/737 764/764/764
f 779/779/779 767/767/767 766/766/766
f 760/760/760 744/744/744 742/742/742
f 746/746/746 761/761/761 725/725/725
f 749/749/749 771/771/771 751/751/751
f 733/733/733 767/767/767 780/780/780
f 741/741/741 756/756/756 739/739/739
f 781/781/781 776/776/776 766/766/766
f 781/781/781 766/766/766 774/774/774
f 771/771/771 770/770/770 751/751/751
f 726/726/726 728/728/728 782/782/782
f 759/759/759 758/758/758 697/697/697
f 741/741/741 755/755/755 756/756/756
f 762/762/762 783/783/783 717/717/717
f 716/716/716 725/725/725 761/761/761
f 708/708/708 699/699/699 700/700/700
f 690/690/690 700/700/700 699/699/699
f 708/708/708 705/705/705 698/698/698
f 726/726/726 782/782/782 763/763/763
f 773/773/773 782/782/782 728/728/728
f 721/721/721 773/773/773 730/730/730
f 51/51/51 50/50/50 53/53/53
f 53/53/53 50/50/50 456/456/456
f 784/784/784 785/785/785 786/786/786
f 787/787/787 785/785/785 784/784/784
f 788/788/788 785/785/785 787/787/787
f 789/789/789 785/785/785 788/788/788
f 790/790/790 785/785/785 789/789/789
f 791/791/791 785/785/785 790/790/790
f 792/792/792 785/785/785 791/791/791
f 793/793/793 785/785/785 792/792/792
f 794/794/794 785/785/785 793/793/793
f 786/786/786 785/785/785 794/794/794
f 795/795/795 784/784/784 786/786/786
f 784/784/784 795/795/795 796/796/796
f 796/796/796 797/797/797 787/787/787
f 796/796/796 787/787/787 784/784/784
f 797/797/797 798/798/798 788/788/788
f 788/788/788 787/787/787 797/797/797
f 798/798/798 789/789/789 788/788/788
f 789/789/789 798/798/798 799/799/799
f 799/799/799 790/790/790 789/789/789
f 790/790/790 799/799/799 800/800/800
f 800/800/800 801/801/801 790/790/790
f 801/801/801 791/791/791 790/790/790
f 791/791/791 802/802/802 792/792/792
f 802/802/802 791/791/791 801/801/801
f 792/792/792 802/802/802 803/803/803
f 792/792/792 803/803/803 793/793/793
f 803/803/803 804/804/804 793/793/793
f 804/804/804 794/794/794 793/793/793
f 794/794/794 795/795/795 786/786/786
f 795/795/795 794/794/794 804/804/804
f 796/796/796 795/795/795 805/805/805
f 796/796/796 805/805/805 806/806/806
f 796/796/796 806/806/806 797/797/797
f 797/797/797 806/806/806 807/807/807
f 807/807/807 808/808/808 798/798/798
f 798/798/798 797/797/797 807/807/807
f 808/808/808 799/799/799 798/798/798
f 799/799/799 808/808/808 809/809/809
f 809/809/809 800/800/800 799/799/799
f 809/809/809 810/810/810 800/800/800
f 801/801/801 800/800/800 811/811/811
f 810/810/810 811/811/811 800/800/800
f 801/801/801 812/812/812 802/802/802
f 812/812/812 801/801/801 811/811/811
f 812/812/812 813/813/813 802/802/802
f 802/802/802 813/813/813 803/803/803
f 804/804/804 803/803/803 814/814/814
f 813/813/813 814/814/814 803/803/803
f 805/805/805 804/804/804 814/814/814
f 804/804/804 805/805/805 795/795/795
f 815/815/815 816/816/816 817/817/817
f 818/818/818 815/815/815 817/817/817
f 819/819/819 818/818/818 817/817/817
f 820/820/820 819/819/819 817/817/817
f 821/821/821 820/820/820 817/817/817
f 822/822/822 821/821/821 817/817/817
f 823/823/823 822/822/822 817/817/817
f 824/824/824 823/823/823 817/817/817
f 825/825/825 824/824/824 817/817/817
f 816/816/816 825/825/825 817/817/817
f 815/815/815 826/826/826 827/827/827
f 815/815/815 827/827/827 816/816/816
f 826/826/826 818/818/818 828/828/828
f 818/818/818 826/826/826 815/815/815
f 829/829/829 828/828/828 819/819/819
f 819/819/819 828/828/828 818/818/818
f 820/820/820 829/829/829 819/819/819
f 829/829/829 820/820/820 830/830/830
f 830/830/830 820/820/820 821/821/821
f 830/830/830 821/821/821 831/831/831
f 832/832/832 831/831/831 821/821/821
f 832/832/832 821/821/821 822/822/822
f 833/833/833 822/822/822 823/823/823
f 822/822/822 833/833/833 832/832/832
f 833/833/833 823/823/823 834/834/834
f 823/823/823 824/824/824 834/834/834
f 835/835/835 834/834/834 824/824/824
f 835/835/835 824/824/824 825/825/825
f 827/827/827 825/825/825 816/816/816
f 825/825/825 827/827/827 835/835/835
f 836/836/836 837/837/837 826/826/826
f 827/827/827 826/826/826 837/837/837
f 826/826/826 828/828/828 836/836/836
f 828/828/828 838/838/838 836/836/836
f 839/839/839 838/838/838 829/829/829
f 829/829/829 838/838/838 828/828/828
f 830/830/830 839/839/839 829/829/829
f 839/839/839 830/830/830 840/840/840
f 840/840/840 831/831/831 841/841/841
f 830/830/830 831/831/831 840/840/840
f 842/842/842 841/841/841 831/831/831
f 842/842/842 831/831/831 832/832/832
f 843/843/843 832/832/832 833/833/833
f 832/832/832 843/843/843 842/842/842
f 844/844/844 843/843/843 833/833/833
f 833/833/833 834/834/834 844/844/844
f 845/845/845 844/844/844 834/834/834
f 845/845/845 834/834/834 835/835/835
f 837/837/837 835/835/835 827/827/827
f 835/835/835 837/837/837 845/845/845
