mtllib master.mtl
v -0.645939767360687 2.65028238296509 -0.603237211704254
v -0.650310218334198 2.33720183372498 -0.601354360580444
v -0.79506927728653 2.63457989692688 -0.545160889625549
v -0.801564395427704 2.33008456230164 -0.551811456680298
v -0.513376414775848 2.01814460754395 -0.536005437374115
v -0.654991507530212 2.02389693260193 -0.565371870994568
v -0.484217345714569 2.33051681518555 -0.568187534809113
v -0.658256351947784 1.72781491279602 -0.539512097835541
v -0.789385914802551 2.02154755592346 -0.532602369785309
v -0.770004153251648 1.72226965427399 -0.50696724653244
v -0.80496746301651 2.55477261543274 -0.133893176913261
v -0.890734612941742 2.30033850669861 -0.279394924640656
v -0.809735178947449 2.28411793708801 -0.157990738749504
v -0.89023369550705 2.58341312408447 -0.262535125017166
v -0.661918520927429 2.54143667221069 -0.0714808702468872
v -0.505965709686279 2.28289127349854 -0.128779873251915
v -0.497777611017227 2.55114483833313 -0.11249016970396
v -0.666582584381104 2.27693152427673 -0.09141556173563
v -0.407726496458054 2.0173671245575 -0.260047644376755
v -0.380329310894012 2.30078744888306 -0.251635015010834
v -0.518921494483948 2.01019859313965 -0.147539734840393
v -0.878798007965088 2.01653790473938 -0.417278856039047
v -0.869210660457611 2.01071667671204 -0.286978453397751
v -0.896089613437653 2.31652450561523 -0.419006258249283
v -0.798092246055603 2.00570726394653 -0.179687291383743
v -0.66984748840332 2.00486063957214 -0.117136925458908
v -0.356197088956833 2.62260890007019 -0.433568596839905
v -0.373039543628693 2.58545160293579 -0.244863539934158
v -0.35991108417511 2.31586813926697 -0.431841105222702
v -0.380329310894012 2.30078744888306 -0.251635015010834
v -0.4696204662323 2.6439254283905 -0.56946587562561
v -0.890561819076538 2.61041283607483 -0.406033217906952
v -0.373039543628693 2.58545160293579 -0.244863539934158
v -0.541637241840363 1.7329797744751 -0.508055448532104
v -0.838600635528564 1.72102570533752 -0.409177154302597
v -0.83495569229126 1.72226965427399 -0.295131802558899
v -0.77594655752182 1.72581088542938 -0.194819658994675
v -0.664198756217957 1.73113131523132 -0.138401716947556
v -0.53405374288559 1.74002754688263 -0.175265178084373
v -0.393717020750046 2.00933504104614 -0.422910302877426
v -0.407726496458054 2.0173671245575 -0.260047644376755
v -0.446559190750122 1.74894106388092 -0.278565734624863
v -0.442430645227432 1.73379147052765 -0.41458398103714
v -0.446559190750122 1.74894106388092 -0.278565734624863
v 0.79506927728653 2.63457989692688 -0.545160889625549
v 0.650310218334198 2.33720183372498 -0.601354360580444
v 0.645939767360687 2.65028238296509 -0.603237211704254
v 0.801564395427704 2.33008456230164 -0.551811456680298
v 0.513376414775848 2.01814460754395 -0.536005437374115
v 0.484217345714569 2.33051681518555 -0.568187534809113
v 0.654991507530212 2.02389693260193 -0.565371870994568
v 0.658256351947784 1.72781491279602 -0.539512097835541
v 0.789385914802551 2.02154755592346 -0.532602369785309
v 0.770004153251648 1.72226965427399 -0.50696724653244
v 0.80496746301651 2.55477261543274 -0.133893176913261
v 0.890734612941742 2.30033850669861 -0.279394924640656
v 0.89023369550705 2.58341312408447 -0.262535125017166
v 0.809735178947449 2.28411793708801 -0.157990738749504
v 0.661918520927429 2.54143667221069 -0.0714808702468872
v 0.497777611017227 2.55114483833313 -0.11249016970396
v 0.505965709686279 2.28289127349854 -0.128779873251915
v 0.666582584381104 2.27693152427673 -0.09141556173563
v 0.380329310894012 2.30078744888306 -0.251635015010834
v 0.407726496458054 2.0173671245575 -0.260047644376755
v 0.518921494483948 2.01019859313965 -0.147539734840393
v 0.878798007965088 2.01653790473938 -0.417278856039047
v 0.896089613437653 2.31652450561523 -0.419006258249283
v 0.869210660457611 2.01071667671204 -0.286978453397751
v 0.798092246055603 2.00570726394653 -0.179687291383743
v 0.66984748840332 2.00486063957214 -0.117136925458908
v 0.356197088956833 2.62260890007019 -0.433568596839905
v 0.35991108417511 2.31586813926697 -0.431841105222702
v 0.373039543628693 2.58545160293579 -0.244863539934158
v 0.380329310894012 2.30078744888306 -0.251635015010834
v 0.4696204662323 2.6439254283905 -0.56946587562561
v 0.890561819076538 2.61041283607483 -0.406033217906952
v 0.373039543628693 2.58545160293579 -0.244863539934158
v 0.541637241840363 1.7329797744751 -0.508055448532104
v 0.838600635528564 1.72102570533752 -0.409177154302597
v 0.83495569229126 1.72226965427399 -0.295131802558899
v 0.77594655752182 1.72581088542938 -0.194819658994675
v 0.664198756217957 1.73113131523132 -0.138401716947556
v 0.53405374288559 1.74002754688263 -0.175265178084373
v 0.393717020750046 2.00933504104614 -0.422910302877426
v 0.407726496458054 2.0173671245575 -0.260047644376755
v 0.446559190750122 1.74894106388092 -0.278565734624863
v 0.442430645227432 1.73379147052765 -0.41458398103714
v 0.446559190750122 1.74894106388092 -0.278565734624863
v -0.750743329524994 5.77146291732788 0.146434977650642
v -0.813380002975464 5.49633502960205 0.140803560614586
v -0.678191006183624 5.71509742736816 0.320957779884338
v -0.737061977386475 5.42198610305786 0.326606392860413
v -0.491196066141129 5.82067823410034 -0.414756923913956
v -0.346609830856323 5.80468225479126 -0.486289978027344
v -0.366803556680679 5.64432382583618 -0.544164061546326
v -0.541740834712982 5.66493225097656 -0.453974634408951
v -0.53667950630188 5.66254901885986 0.427937716245651
v -0.568723380565643 5.35489273071289 0.436125785112381
v -0.604135811328888 5.02611017227173 0.431945413351059
v -0.80396842956543 4.72648620605469 0.280846029520035
v -0.622412085533142 4.68217754364014 0.401386946439743
v -0.786435008049011 5.08655309677124 0.303285330533981
v -0.391177624464035 4.63099384307861 0.384440988302231
v -0.620598256587982 4.31164312362671 0.350911378860474
v -0.406914621591568 4.27657604217529 0.328126579523087
v -0.54481565952301 4.58119201660156 -0.435537934303284
v -0.759138584136963 4.31233358383179 -0.362156420946121
v -0.752073407173157 4.64464092254639 -0.356818705797195
v -0.562400996685028 4.26588344573975 -0.442896753549576
v -0.274472147226334 3.97676229476929 0.11784590780735
v -0.295788675546646 3.73924016952515 0.0399040728807449
v -0.218555063009262 3.97387742996216 -0.0668341889977455
v -0.251860022544861 3.74378323554993 -0.113353952765465
v -0.832813739776611 3.76161026954651 -0.0223525855690241
v -0.712238729000092 3.52462339401245 0.0523589216172695
v -0.739601194858551 3.7501745223999 0.124686531722546
v -0.807092189788818 3.5441951751709 -0.0789433717727661
v -0.36633712053299 3.97064733505249 -0.393250286579132
v -0.566339552402496 3.74900007247925 -0.428213536739349
v -0.565942227840424 3.98804235458374 -0.430528372526169
v -0.392801463603973 3.7389805316925 -0.408658981323242
v -0.710217595100403 3.56096863746643 -0.373108327388763
v -0.72794109582901 3.76178288459778 -0.363002836704254
v -0.564473927021027 3.55094957351685 -0.430372834205627
v -0.765910148620605 4.01512861251831 0.194803088903427
v -0.602321982383728 3.99835538864136 0.277927279472351
v -0.797470390796661 4.34076738357544 0.25859734416008
v -0.413617014884949 3.73341846466064 0.160133495926857
v -0.562090039253235 3.50646829605103 0.133358329534531
v -0.409885793924332 3.51097679138184 0.0891878455877304
v -0.583907544612885 3.73623418807983 0.196530565619469
v -0.245675772428513 3.96986985206604 -0.253949820995331
v -0.276234120130539 3.74186563491821 -0.276164650917053
v -0.334293216466904 4.23200798034668 -0.382591992616653
v -0.202144429087639 4.22445917129517 -0.233289808034897
v -0.236952260136604 4.24935150146484 0.185284852981567
v -0.170359626412392 4.2334246635437 -0.0227501299232244
v -0.883721113204956 5.14587354660034 0.113406285643578
v -0.906661510467529 4.73757696151733 0.0960283204913139
v -0.170117795467377 4.88240480422974 0.258977323770523
v -0.195632010698318 4.5870304107666 0.239491760730743
v -0.368721008300781 4.95523309707642 0.409143328666687
v -0.10184957832098 4.83129024505615 0.043548908084631
v -0.12696647644043 4.55179071426392 0.0149770360440016
v -0.127605617046356 4.80180263519287 -0.187167286872864
v -0.161722466349602 4.53311729431152 -0.210522338747978
v -0.698160111904144 3.32793760299683 0.00995038356631994
v -0.713810622692108 3.1547966003418 -0.0447747781872749
v -0.558220565319061 3.302734375 0.0957002267241478
v -0.58375209569931 3.13154554367065 0.0339272245764732
v -0.807264924049377 3.21962761878967 -0.29489004611969
v -0.839187860488892 3.02421975135803 -0.2095547914505
v -0.797263085842133 3.19041681289673 -0.166766285896301
v -0.83575028181076 3.05883765220642 -0.337022244930267
v -0.781733453273773 3.35815072059631 -0.122060276567936
v -0.583164751529694 3.24992680549622 -0.461553037166595
v -0.609888195991516 3.10715436935425 -0.512546896934509
v -0.710010290145874 3.23888850212097 -0.412044763565063
v -0.747737467288971 3.08599281311035 -0.4585300385952
v -0.754975497722626 2.98421263694763 -0.0896362066268921
v -0.491075158119202 2.97213792800903 -0.0559167265892029
v -0.453123480081558 3.1419792175293 -0.0127826314419508
v -0.622394859790802 2.96396732330322 -0.0247538238763809
v -0.42099317908287 3.31496453285217 0.0363455787301064
v -0.305030435323715 3.52388072013855 -0.0225254185497761
v -0.321026504039764 3.33230805397034 -0.0673523843288422
v -0.355281561613083 3.16428065299988 -0.109588086605072
v -0.345901548862457 3.03468823432922 -0.260462284088135
v -0.31228569149971 3.19174695014954 -0.228107437491417
v -0.392265975475311 2.99898242950439 -0.14455147087574
v -0.467789381742477 2.90739393234253 -0.535677254199982
v -0.632863104343414 2.91316318511963 -0.568049371242523
v -0.781146049499512 2.89248585700989 -0.508435606956482
v -0.867984235286713 2.82784509658813 -0.235414609313011
v -0.865082204341888 2.86175489425659 -0.376580476760864
v -0.791199803352356 2.79035997390747 -0.114943288266659
v -0.655388832092285 2.7719452381134 -0.0529282279312611
v -0.513877391815186 2.7809624671936 -0.0820700973272324
v -0.409332990646362 2.80953431129456 -0.169098228216171
v -0.0883237570524216 5.14113998413086 -0.132476821541786
v -0.0758689418435097 5.11880445480347 0.0871665850281715
v -0.0758689418435097 5.11880445480347 0.0871665850281715
v -0.133340701460838 5.15055465698242 0.272485822439194
v -0.10184957832098 4.83129024505615 0.043548908084631
v -0.889387249946594 4.99954175949097 -0.154052346944809
v -0.732259690761566 4.91899156570435 -0.334552079439163
v -0.906177878379822 4.70354604721069 -0.159113764762878
v -0.280120879411697 3.54106855392456 -0.308329492807388
v -0.274921298027039 3.35110235214233 -0.196599021553993
v -0.298431664705276 3.3681697845459 -0.3210089802742
v -0.257370561361313 3.53483247756958 -0.15883731842041
v -0.518161416053772 4.85445499420166 -0.41349583864212
v -0.890199065208435 4.35149478912354 0.0727597698569298
v -0.12696647644043 4.55179071426392 0.0149770360440016
v -0.310471892356873 4.53854131698608 -0.369826227426529
v -0.893273949623108 4.34284019470215 -0.16775093972683
v -0.85946798324585 4.02464723587036 0.031681552529335
v -0.865894019603729 4.02291917800903 -0.189551115036011
v -0.413530647754669 3.98336148262024 0.248750880360603
v -0.744559109210968 4.01024007797241 -0.358217895030975
v -0.177925795316696 5.44706869125366 -0.586296141147614
v 0 5.30813074111938 -0.466718137264252
v -0.185630157589912 5.25504732131958 -0.524125695228577
v 0 5.45297622680664 -0.536178350448608
v -0.356369763612747 5.24247121810913 -0.542868375778198
v -0.385908961296082 5.45250988006592 -0.582132995128632
v -0.286339610815048 4.81111335754395 -0.356300443410873
v -0.257370561361313 3.53483247756958 -0.15883731842041
v -0.403166055679321 3.54452347755432 -0.407760709524155
v -0.836216747760773 3.76644706726074 -0.21580807864666
v -0.345901548862457 3.03468823432922 -0.260462284088135
v -0.37535434961319 2.87990999221802 -0.428230822086334
v -0.369826555252075 3.06916785240173 -0.382350087165833
v -0.358200937509537 2.84515404701233 -0.288429468870163
v -0.458357602357864 3.0976185798645 -0.479172855615616
v -0.698833823204041 3.38960695266724 -0.381348222494125
v -0.56575220823288 3.38787961006165 -0.438629984855652
v -0.813380002975464 3.55863666534424 -0.237435564398766
v -0.795051872730255 3.37887978553772 -0.259788602590561
v -0.40617173910141 3.38017535209656 -0.411716520786285
v -0.432964324951172 3.23938941955566 -0.434294164180756
v -0.337644428014755 3.21848726272583 -0.340027928352356
v -0.31228569149971 3.19174695014954 -0.228107437491417
v 0 5.23490524291992 -0.129660993814468
v 0 5.13018798828125 0.0837463065981865
v -0.218555063009262 3.97387742996216 -0.0668341889977455
v -0.251860022544861 3.74378323554993 -0.113353952765465
v -0.170359626412392 4.2334246635437 -0.0227501299232244
v -0.274921298027039 3.35110235214233 -0.196599021553993
v -0.358200937509537 2.84515404701233 -0.288429468870163
v 0 5.14630508422852 0.279136419296265
v 0 5.13018798828125 0.0837463065981865
v 0 5.7888069152832 -0.465802609920502
v -0.168822214007378 5.63986730575562 -0.539327144622803
v -0.157904833555222 5.7970986366272 -0.490729570388794
v 0 5.62912321090698 -0.531669735908508
v -0.797332048416138 5.56503534317017 -0.0713081955909729
v -0.735075414180756 5.81115961074829 -0.0634484514594078
v -0.532602727413177 5.08197546005249 -0.412856727838516
v -0.745370924472809 5.13279628753662 -0.297671258449554
v -0.875567734241486 5.16603183746338 -0.128693610429764
v -0.585704028606415 5.49935817718506 -0.475843906402588
v -2.03203368186951 5.91205883026123 -0.535660088062286
v -2.26347517967224 5.65277147293091 -0.410092890262604
v -2.06162452697754 5.93710708618164 -0.43432879447937
v -2.2492413520813 5.63641262054443 -0.507675647735596
v -2.08810615539551 5.52178049087524 -0.547890305519104
v -1.83349967002869 5.76913118362427 -0.564473688602448
v -2.0514497756958 5.50139617919922 -0.480485856533051
v -1.79511570930481 5.74539661407471 -0.484562546014786
v -1.94389986991882 5.85811233520508 -0.289465934038162
v -2.22182679176331 5.62651443481445 -0.321009039878845
v -2.15039730072021 5.57037258148193 -0.285406589508057
v -2.02429485321045 5.91482353210449 -0.333705723285675
v -1.8962744474411 5.8114709854126 -0.605914890766144
v -2.14131116867065 5.55524110794067 -0.580607950687408
v -2.0514497756958 5.50139617919922 -0.480485856533051
v -1.80373585224152 5.75391292572021 -0.385269612073898
v -2.04649209976196 5.49894332885742 -0.392991304397583
v -1.79511570930481 5.74539661407471 -0.484562546014786
v -0.750708699226379 7.4415135383606 -0.498399406671524
v -0.613671243190765 7.35080575942993 -0.547596752643585
v -0.700198531150818 7.31022787094116 -0.541965246200562
v -0.653022289276123 7.50881385803223 -0.499781340360641
v -2.2009596824646 5.59761524200439 -0.5686194896698
v -1.96842920780182 5.86384677886963 -0.599937975406647
v -2.18743348121643 5.35218048095703 -0.469343841075897
v -2.1624550819397 5.34290456771851 -0.390918254852295
v -2.22738909721375 5.36423778533936 -0.541446924209595
v -2.27086877822876 5.39452028274536 -0.572592616081238
v -2.31885695457458 5.44281911849976 -0.560258805751801
v -2.36774349212646 5.46292638778687 -0.492716014385223
v -2.36912512779236 5.46810865402222 -0.39490869641304
v -2.32823657989502 5.44591093063354 -0.302128165960312
v -2.24708199501038 5.39358758926392 -0.255193740129471
v -1.82703900337219 6.26587295532227 -0.450687527656555
v -1.77426564693451 6.22935438156128 -0.558600425720215
v -1.79392397403717 6.2393741607666 -0.331719130277634
v -1.70420110225677 6.17247009277344 -0.279377937316895
v -1.60644543170929 6.10074710845947 -0.293335646390915
v -1.47516047954559 6.26632118225098 -0.292333573102951
v -1.56512522697449 6.33103132247925 -0.288446992635727
v -1.61169683933258 6.11565494537354 -0.619043409824371
v -1.54145920276642 6.06229448318481 -0.565251052379608
v -1.35838580131531 6.19446039199829 -0.454557001590729
v -1.40027618408203 6.23840665817261 -0.543053507804871
v -1.49274563789368 6.02159643173218 -0.473472476005554
v -1.69547748565674 6.17580413818359 -0.62294739484787
v -1.52527332305908 6.04178905487061 -0.361171871423721
v -1.49274563789368 6.02159643173218 -0.473472476005554
v -1.64512276649475 6.39226913452148 -0.33686688542366
v -1.86098301410675 5.79618310928345 -0.310316205024719
v -1.39623379707336 6.21284008026123 -0.35053089261055
v -1.46227371692657 6.29007434844971 -0.605569362640381
v -0.839723467826843 7.34907817840576 -0.489814013242722
v -0.781802594661713 7.24665880203247 -0.537370324134827
v -0.628596305847168 7.18500661849976 -0.132874056696892
v -0.73243236541748 7.20639181137085 -0.120039239525795
v -0.675202488899231 7.13016033172607 -0.164209797978401
v -0.669951140880585 7.27688884735107 -0.0659014955163002
v -2.08472037315369 5.51960372924805 -0.31843513250351
v -2.17812275886536 5.35700035095215 -0.303199142217636
v -2.18743348121643 5.35218048095703 -0.469343841075897
v -1.35838580131531 6.19446039199829 -0.454557001590729
v -0.584840416908264 7.20051908493042 -0.0839876756072044
v -0.614241361618042 7.30428600311279 0.00233216537162662
v -0.650258421897888 7.20407676696777 -0.49917671084404
v -0.719044804573059 7.15018081665039 -0.502804338932037
v -0.657012641429901 7.08797597885132 -0.274990200996399
v -0.614414036273956 7.13888359069824 -0.245658323168755
v -0.579122543334961 7.13824415206909 -0.204338043928146
v -0.572851955890656 7.09410858154297 -0.341271907091141
v -0.614414036273956 7.13888359069824 -0.245658323168755
v -0.598694443702698 7.13636207580566 -0.377876192331314
v -0.579122543334961 7.13824415206909 -0.204338043928146
v -2.36774349212646 5.46292638778687 -0.492716014385223
v -2.43922448158264 5.35071229934692 -0.389363616704941
v -2.36912512779236 5.46810865402222 -0.39490869641304
v -2.43948340415955 5.34789609909058 -0.492664188146591
v -2.31885695457458 5.44281911849976 -0.560258805751801
v -2.40168738365173 5.33133029937744 -0.569016814231873
v -2.17812275886536 5.35700035095215 -0.303199142217636
v -2.24982857704163 5.27758979797363 -0.211351349949837
v -2.19322037696838 5.26211214065552 -0.253483533859253
v -2.24708199501038 5.39358758926392 -0.255193740129471
v -2.47335886955261 5.09539747238159 -0.598970592021942
v -2.33967256546021 5.16395902633667 -0.543709874153137
v -2.44739508628845 5.04894685745239 -0.537007451057434
v -2.4054012298584 5.19287633895874 -0.602235376834869
v -2.28026580810547 5.14017248153687 -0.432929486036301
v -2.40572953224182 5.03371047973633 -0.432463049888611
v -2.47335886955261 5.09539747238159 -0.598970592021942
v -2.53511452674866 5.0513653755188 -0.603116452693939
v -2.52378249168396 5.12609386444092 -0.597398579120636
v -2.49403619766235 5.02479696273804 -0.600939810276031
v -2.41552424430847 5.07864141464233 -0.181950464844704
v -2.40550470352173 4.98387432098389 -0.209727555513382
v -2.36762237548828 5.02284526824951 -0.205806359648705
v -2.46140480041504 5.01562452316284 -0.181915923953056
v -2.51386690139771 5.2273211479187 -0.495341718196869
v -2.52229714393616 5.2020149230957 -0.387221544981003
v -2.48612451553345 5.21332883834839 -0.576703906059265
v -2.4054012298584 5.19287633895874 -0.602235376834869
v -2.33200263977051 5.29997730255127 -0.588830471038818
v -2.1686737537384 5.247239112854 -0.304028302431107
v -2.18971371650696 5.15996885299683 -0.210142135620117
v -2.17014193534851 5.13063669204712 -0.295615762472153
v -2.25387072563171 5.19222021102905 -0.174919813871384
v -2.22187852859497 5.25914096832275 -0.456699013710022
v -2.26549625396729 5.27372026443481 -0.542397022247314
v -2.39735150337219 5.32848024368286 -0.287963181734085
v -2.46904015541077 5.20735263824463 -0.279567897319794
v -2.18992114067078 5.0265588760376 -0.249596789479256
v -2.19163107872009 5.05115795135498 -0.177752748131752
v -2.26461553573608 5.07406377792358 -0.147574499249458
v -2.25513195991516 4.94747686386108 -0.148248180747032
v -2.21603989601135 4.8783106803894 -0.171983197331429
v -2.20866394042969 4.94037771224976 -0.170687571167946
v -2.25995135307312 4.87680768966675 -0.156902626156807
v -2.21120309829712 4.83165264129639 -0.217259272933006
v -2.2227942943573 4.82391357421875 -0.178409233689308
v -2.200026512146 4.91617584228516 -0.223460763692856
v -2.26214528083801 4.82619380950928 -0.16336327791214
v -2.24081134796143 4.89722585678101 -0.247178435325623
v -2.21120309829712 4.83165264129639 -0.217259272933006
v -2.24367880821228 4.83610916137695 -0.23950856924057
v -2.200026512146 4.91617584228516 -0.223460763692856
v -2.22728562355042 4.78136682510376 -0.21340699493885
v -2.23481702804565 4.77920770645142 -0.184558838605881
v -2.2666711807251 4.78825950622559 -0.173088729381561
v -2.24903392791748 4.7893648147583 -0.227813959121704
v -2.22728562355042 4.78136682510376 -0.21340699493885
v -2.28634667396545 4.83246469497681 -0.221059530973434
v -2.27409911155701 4.79019403457642 -0.220627754926682
v -2.49032211303711 4.98468637466431 -0.529769539833069
v -2.57158064842224 4.95604515075684 -0.509247541427612
v -2.56285715103149 5.02982378005981 -0.511147737503052
v -2.52435278892517 4.93533325195313 -0.518869400024414
v -2.45216298103333 4.97141933441162 -0.302145332098007
v -2.53274774551392 4.95341920852661 -0.262293368577957
v -2.51868629455566 5.01168584823608 -0.264970898628235
v -2.47026681900024 4.93403768539429 -0.277684926986694
v -2.44133186340332 4.93944501876831 -0.202005952596664
v -2.48467350006104 4.95642518997192 -0.180568501353264
v -2.56524109840393 5.00014638900757 -0.572558045387268
v -2.55734658241272 5.06245517730713 -0.570744216442108
v -2.54418325424194 4.99035215377808 -0.603669166564941
v -2.55520462989807 5.03350305557251 -0.530667781829834
v -2.54838109016418 4.98707008361816 -0.536592900753021
v -2.51041221618652 4.83439922332764 -0.268564105033875
v -2.55731177330017 4.84372758865356 -0.254744529724121
v -2.56753849983215 4.84925508499146 -0.206410959362984
v -2.52880930900574 4.96672105789185 -0.210971385240555
v -2.48710918426514 4.83509016036987 -0.190846666693687
v -2.53074407577515 4.84327793121338 -0.175265327095985
v -2.48323965072632 4.83148002624512 -0.233825340867043
v -2.47676181793213 4.75994682312012 -0.233531713485718
v -2.51041221618652 4.83439922332764 -0.268564105033875
v -2.50298428535461 4.75326156616211 -0.267320334911346
v -2.54905486106873 4.73149585723877 -0.212785199284554
v -2.54086685180664 4.73847484588623 -0.255556523799896
v -2.52017211914063 4.7386474609375 -0.180620297789574
v -2.50388216972351 4.66127586364746 -0.260289698839188
v -2.50541973114014 4.64973640441895 -0.223011568188667
v -2.48389577865601 4.66056776046753 -0.191520571708679
v -2.47458529472351 4.68279933929443 -0.270308673381805
v -2.4335241317749 4.6365909576416 -0.240873262286186
v -2.45195579528809 4.62574243545532 -0.265247344970703
v -2.45022821426392 4.69316434860229 -0.238541170954704
v -2.58448457717896 4.8679461479187 -0.510249495506287
v -2.54107427597046 4.86784219741821 -0.516658246517181
v -2.59977221488953 4.87057161331177 -0.47017303109169
v -2.59056520462036 4.96798181533813 -0.465249806642532
v -2.55940222740173 4.95471525192261 -0.428541779518127
v -2.52794551849365 4.87330150604248 -0.438232719898224
v -2.50928926467896 4.93476343154907 -0.436297982931137
v -2.57380890846252 4.87178087234497 -0.434639632701874
v -2.54107427597046 4.86784219741821 -0.516658246517181
v -2.49476146697998 4.80173349380493 -0.480675756931305
v -2.51044654846191 4.7854437828064 -0.517487406730652
v -2.51794362068176 4.8706750869751 -0.480969458818436
v -2.53926014900208 4.76229572296143 -0.510525822639465
v -2.55105876922607 4.75374555587769 -0.47386971116066
v -2.53461360931396 4.77267789840698 -0.440875768661499
v -2.4908230304718 4.71416997909546 -0.477117359638214
v -2.48529529571533 4.72524261474609 -0.511717796325684
v -2.48432779312134 4.73325777053833 -0.444192349910736
v -2.46705341339111 4.76258945465088 -0.443155914545059
v -2.50566172599792 4.79898691177368 -0.438457250595093
v -2.51455783843994 4.9196310043335 -0.605811178684235
v -2.48285961151123 4.87946844100952 -0.572437167167664
v -2.4897346496582 4.86476755142212 -0.603185534477234
v -2.49773287773132 4.9219799041748 -0.572454452514648
v -2.51455783843994 4.9196310043335 -0.605811178684235
v -2.51364254951477 4.8373703956604 -0.602684497833252
v -2.55295896530151 4.92008018493652 -0.605586647987366
v -2.4897346496582 4.86476755142212 -0.603185534477234
v -2.57525968551636 4.92280960083008 -0.578327715396881
v -2.5293447971344 4.82500219345093 -0.576202929019928
v -2.52404141426086 4.84193086624146 -0.544331729412079
v -2.55826210975647 4.92441558837891 -0.543243527412415
v -2.45408058166504 4.85032606124878 -0.598348677158356
v -2.45295763015747 4.864577293396 -0.568429470062256
v -2.45408058166504 4.85032606124878 -0.598348677158356
v -2.46534323692322 4.82197904586792 -0.597899556159973
v -2.47341060638428 4.81132078170776 -0.572022557258606
v -2.4757251739502 4.82552051544189 -0.543329834938049
v -2.42322850227356 4.8303050994873 -0.592907249927521
v -2.41790795326233 4.83408784866333 -0.565389215946198
v -2.51847910881042 4.93674993515015 -0.402509421110153
v -2.59279322624207 4.82911348342896 -0.383507579565048
v -2.5791642665863 4.95050048828125 -0.385632336139679
v -2.54224872589111 4.81681394577026 -0.39544415473938
v -2.60846138000488 4.8270058631897 -0.337713330984116
v -2.57890462875366 4.96347332000732 -0.335657596588135
v -2.54458093643188 4.94656181335449 -0.299156934022903
v -2.52402400970459 4.83600568771362 -0.312406331300735
v -2.49369072914124 4.93277645111084 -0.307344973087311
v -2.57325649261475 4.83175611495972 -0.302249044179916
v -2.545565366745 4.72211599349976 -0.394701361656189
v -2.55297613143921 4.69411420822144 -0.351100951433182
v -2.53203964233398 4.71320247650146 -0.31289005279541
v -2.52402400970459 4.83600568771362 -0.312406331300735
v -2.49586725234985 4.7585301399231 -0.3596171438694
v -2.5136079788208 4.83441638946533 -0.357855200767517
v -2.50265598297119 4.74681854248047 -0.318486928939819
v -2.46332240104675 4.7010064125061 -0.403614908456802
v -2.50846004486084 4.74255132675171 -0.396946996450424
v -2.44983100891113 4.71689891815186 -0.367027848958969
v -2.4871609210968 4.64624691009521 -0.362588346004486
v -2.48313570022583 4.66609525680542 -0.401524722576141
v -2.47460246086121 4.66459226608276 -0.324705690145493
v -2.41386580467224 4.67074203491211 -0.372296541929245
v -2.42252016067505 4.65597248077393 -0.400125473737717
v -2.18992114067078 5.0265588760376 -0.249596789479256
v -2.23847937583923 4.99610424041748 -0.263140052556992
v -2.24146795272827 4.94768476486206 -0.253949910402298
v -2.26326823234558 5.03624963760376 -0.272830873727798
v -2.28696870803833 4.98910856246948 -0.239474028348923
v -2.31726765632629 5.02222299575806 -0.232857957482338
v -2.2837381362915 4.9027886390686 -0.226846501231194
v -2.50928926467896 4.93476343154907 -0.436297982931137
v -2.46577548980713 4.98986864089966 -0.485996276140213
v -2.47474074363708 4.98226737976074 -0.42360132932663
v -2.49759459495544 4.93075561523438 -0.481694996356964
v -2.45708608627319 4.77017307281494 -0.481556802988052
v -2.46705341339111 4.76258945465088 -0.443155914545059
v -2.50566172599792 4.79898691177368 -0.438457250595093
v -2.50289797782898 4.96475172042847 -0.535884618759155
v -2.51502442359924 4.92346572875977 -0.541136026382446
v -2.5009458065033 4.87119340896606 -0.54407262802124
v -2.46447968482971 4.8529691696167 -0.541947901248932
v -2.47382521629333 5.00208139419556 -0.566667497158051
v -2.49032211303711 4.98468637466431 -0.529769539833069
v -2.50289797782898 4.96475172042847 -0.535884618759155
v -2.48659086227417 4.96264362335205 -0.57122790813446
v -2.4388964176178 4.97304344177246 -0.372469276189804
v -2.49369072914124 4.93277645111084 -0.307344973087311
v -2.47956013679504 4.9146556854248 -0.361776471138
v -2.45216298103333 4.97141933441162 -0.302145332098007
v -2.28658843040466 4.95164012908936 -0.232806161046028
v -2.33701229095459 5.03398704528809 -0.200209483504295
v -2.31726765632629 5.02222299575806 -0.232857957482338
v -2.30826783180237 4.99853992462158 -0.201073184609413
v -2.28696870803833 4.98910856246948 -0.239474028348923
v -2.43749713897705 4.92951202392578 -0.24541649222374
v -2.47026681900024 4.93403768539429 -0.277684926986694
v -2.54224872589111 4.81681394577026 -0.39544415473938
v -2.51847910881042 4.93674993515015 -0.402509421110153
v -2.52794551849365 4.87330150604248 -0.438232719898224
v -2.32823657989502 5.44591093063354 -0.302128165960312
v -2.48710918426514 4.83509016036987 -0.190846666693687
v -2.4816677570343 4.75459146499634 -0.190898701548576
v -2.45408058166504 4.68399143218994 -0.198810160160065
v -2.43608069419861 4.62664079666138 -0.211074993014336
v -2.44133186340332 4.93944501876831 -0.202005952596664
v -2.45542788505554 4.70143842697144 -0.328747898340225
v -2.41555857658386 4.65654230117798 -0.343241065740585
v -2.52435278892517 4.93533325195313 -0.518869400024414
v -2.46693253517151 4.75286436080933 -0.51695191860199
v -2.46447968482971 4.8529691696167 -0.541947901248932
v -2.5009458065033 4.87119340896606 -0.54407262802124
v -2.43357563018799 4.83289623260498 -0.541343331336975
v -2.22738909721375 5.36423778533936 -0.541446924209595
v -2.33200263977051 5.29997730255127 -0.588830471038818
v -2.27086877822876 5.39452028274536 -0.572592616081238
v -2.18743348121643 5.35218048095703 -0.469343841075897
v -2.50633549690247 4.97271490097046 -0.604774713516235
v -2.42264103889465 4.71886825561523 -0.509627640247345
v -2.41654324531555 4.73425960540771 -0.481660425662994
v -2.25326609611511 5.08295965194702 -0.343534767627716
v -2.17014193534851 5.13063669204712 -0.295615762472153
v -2.37831521034241 5.00862836837769 -0.33007800579071
v -2.40550470352173 4.98387432098389 -0.209727555513382
v -2.40811347961426 4.96808528900146 -0.264677345752716
v -2.50298428535461 4.75326156616211 -0.267320334911346
v -2.4816677570343 4.75459146499634 -0.190898701548576
v -2.45195579528809 4.62574243545532 -0.265247344970703
v -2.47938752174377 4.61568880081177 -0.261015176773071
v -2.47458529472351 4.68279933929443 -0.270308673381805
v -2.51044654846191 4.7854437828064 -0.517487406730652
v -2.46693253517151 4.75286436080933 -0.51695191860199
v -2.44509792327881 4.70599889755249 -0.449081063270569
v -2.42264103889465 4.72519063949585 -0.451413035392761
v -2.43357563018799 4.83289623260498 -0.541343331336975
v -2.44153904914856 4.81487894058228 -0.545057237148285
v -2.50265598297119 4.74681854248047 -0.318486928939819
v -2.50846004486084 4.74255132675171 -0.396946996450424
v -2.46332240104675 4.7010064125061 -0.403614908456802
v -2.45542788505554 4.70143842697144 -0.328747898340225
v -2.55109333992004 5.13775396347046 -0.564542770385742
v -2.4827561378479 5.10552024841309 -0.212145984172821
v -2.50816631317139 5.03782176971436 -0.20886392891407
v -2.56911063194275 5.1167311668396 -0.510059475898743
v -2.46142196655273 4.61294174194336 -0.200572177767754
v -2.43608069419861 4.62664079666138 -0.211074993014336
v -2.45408058166504 4.68399143218994 -0.198810160160065
v -2.42252016067505 4.65597248077393 -0.400125473737717
v -2.44143557548523 4.63184022903442 -0.402889430522919
v -2.41555857658386 4.65654230117798 -0.343241065740585
v -2.43336844444275 4.63108015060425 -0.335312157869339
v -2.44540858268738 4.69936561584473 -0.509368479251862
v -2.42264103889465 4.71886825561523 -0.509627640247345
v -2.42322850227356 4.8303050994873 -0.592907249927521
v -2.43043208122253 4.8101806640625 -0.594271898269653
v -2.35095262527466 5.01085662841797 -0.254882752895355
v -2.49403619766235 5.02479696273804 -0.600939810276031
v -2.30486464500427 5.02443408966064 -0.163294285535812
v -2.34167623519897 5.07662010192871 -0.178668335080147
v -2.42264103889465 4.72519063949585 -0.451413035392761
v -2.50633549690247 4.97271490097046 -0.604774713516235
v -2.27086877822876 5.39452028274536 -0.572592616081238
v -2.1624550819397 5.34290456771851 -0.390918254852295
v -2.17924571037292 5.24938106536865 -0.37687423825264
v -2.51502442359924 4.92346572875977 -0.541136026382446
v -2.20685005187988 5.14998435974121 -0.367079675197601
v 0 8.216872215271 -0.364246875047684
v -0.0887210592627525 8.11443519592285 -0.340770989656448
v -0.0949398279190063 8.21410846710205 -0.351964741945267
v 0 8.1165599822998 -0.352586656808853
v -0.190052419900894 8.1967306137085 -0.308191567659378
v -0.169875949621201 8.10198020935059 -0.293007403612137
v 0 7.98113012313843 0.0859917476773262
v -0.108914770185947 8.00213527679443 0.0476082488894463
v -0.107791945338249 7.9210319519043 0.0158407390117645
v 0 7.89988803863525 0.0620321743190289
v 0 8.30611228942871 -0.418678313493729
v -0.117897443473339 8.30429744720459 -0.404651522636414
v -0.241357192397118 8.29446887969971 -0.34325847029686
v -0.168960422277451 7.95798206329346 -0.0733814164996147
v -0.177165701985359 8.04915523529053 -0.0445677153766155
v -0.115893617272377 8.05471801757813 0.0771300867199898
v -0.213597342371941 8.11944484710693 0.000829243217594922
v -0.617972612380981 5.96652555465698 0.300815880298615
v -0.750743329524994 5.77146291732788 0.146434977650642
v -0.678191006183624 5.71509742736816 0.320957779884338
v -0.668707370758057 6.00805330276489 0.129143267869949
v -0.504652857780457 5.92190647125244 0.420440673828125
v -0.53667950630188 5.66254901885986 0.427937716245651
v -0.735075414180756 5.81115961074829 -0.0634484514594078
v -0.631412029266357 6.02503395080566 -0.0711873918771744
v 0 5.93596696853638 -0.386651605367661
v -0.157904833555222 5.7970986366272 -0.490729570388794
v -0.182140737771988 5.95242929458618 -0.385114133358002
v 0 5.7888069152832 -0.465802609920502
v 0 5.8552098274231 0.526660680770874
v -0.292869299650192 5.61105346679688 0.487275242805481
v 0 5.58654165267944 0.512219309806824
v -0.285268604755402 5.8783917427063 0.493597447872162
v -0.467253923416138 6.72423028945923 0.181311696767807
v -0.415914535522461 6.93768978118896 0.302819401025772
v -0.501180708408356 6.92290210723877 0.13748674094677
v -0.394442498683929 6.72958517074585 0.333567947149277
v 0 6.79600524902344 -0.426313549280167
v -0.217069491744041 6.61497020721436 -0.34869983792305
v -0.2291269749403 6.80647373199463 -0.424620628356934
v 0 6.60134029388428 -0.350738197565079
v -0.488881409168243 6.34203481674194 -0.0638630390167236
v -0.383680582046509 6.47062540054321 -0.199086681008339
v -0.40345972776413 6.31418895721436 -0.185353547334671
v -0.460171341896057 6.50196123123169 -0.0848513767123222
v -0.481090664863586 6.51457118988037 0.0681993514299393
v -0.497173070907593 6.70381212234497 0.0122130950912833
v -0.451655149459839 6.52018594741821 0.22487773001194
v 0 7.38252115249634 0.258493512868881
v -0.228695124387741 7.1770601272583 0.337212711572647
v 0 7.16743755340576 0.375181704759598
v -0.204942896962166 7.40093564987183 0.242601126432419
v -0.454626351594925 6.12835216522217 0.405273914337158
v -0.553401052951813 6.16236448287964 0.279827386140823
v -0.385425269603729 6.5140528678894 0.354677319526672
v 0 6.4958291053772 0.507762491703033
v -0.231217175722122 6.49990510940552 0.465941399335861
v -0.244276583194733 6.28361368179321 0.491075426340103
v 0 6.26785945892334 0.527593433856964
v -0.0878400728106499 7.94207191467285 -0.346557885408401
v 0 7.87368249893188 -0.372918486595154
v -0.0953716933727264 7.87354421615601 -0.361569285392761
v 0 7.94191694259644 -0.357872575521469
v -0.107394628226757 7.8363184928894 -0.00381751405075192
v 0 7.81987333297729 0.0467444695532322
v -0.257180511951447 6.09475326538086 0.485150367021561
v -0.513635516166687 6.35176134109497 0.0959246382117271
v -0.490505158901215 6.34217357635498 0.255038619041443
v -0.587656140327454 6.18699836730957 0.115237303078175
v -0.545143902301788 6.18787908554077 -0.0640875995159149
v -0.409972101449966 6.31691837310791 0.379949659109116
v -0.534416556358337 6.89084148406982 -0.0540166422724724
v -0.222804576158524 6.73158931732178 0.451776325702667
v 0 6.72939538955688 0.48741340637207
v 0 6.06526565551758 0.521253645420074
v 0 8.0212574005127 -0.351118296384811
v -0.0865617543458939 8.01921939849854 -0.339682728052139
v 0 7.39706611633301 -0.54310542345047
v -0.226000338792801 7.19580221176147 -0.551863551139832
v -0.228332370519638 7.39589166641235 -0.569189727306366
v 0 7.19179487228394 -0.536109268665314
v -0.477376669645309 6.67860889434814 -0.146589919924736
v -0.520700752735138 6.86190700531006 -0.224998220801353
v -0.266664147377014 7.58501148223877 -0.499764055013657
v -0.456681936979294 7.37490320205688 -0.565475702285767
v -0.507762253284454 7.55813264846802 -0.492733418941498
v -0.230802580714226 6.9444785118103 0.413513481616974
v 0 6.93898487091064 0.453831821680069
v 0 7.69599914550781 -0.453693389892578
v -0.110296718776226 7.80860996246338 -0.384872376918793
v 0 7.80273675918579 -0.398052722215652
v -0.137832045555115 7.70601797103882 -0.438561052083969
v -0.189706906676292 7.80076789855957 -0.0967708453536034
v -0.223823755979538 7.8415355682373 -0.209330469369888
v -0.273124724626541 7.78909015655518 -0.216654747724533
v -0.216395780444145 7.74051475524902 -0.0988954901695251
v -0.162914395332336 8.00914859771729 -0.29188460111618
v 0 7.56162166595459 -0.50866037607193
v -0.434121668338776 7.18901395797729 -0.54213809967041
v -0.207344025373459 6.4251766204834 -0.289569854736328
v 0 6.40363597869873 -0.288965165615082
v -0.401196777820587 6.65153932571411 -0.266923010349274
v -0.429630368947983 6.83767127990723 -0.35902988910675
v -0.516451299190521 6.00819110870361 -0.236727505922318
v -0.623154878616333 5.8292293548584 -0.277425765991211
v -0.443156123161316 6.16348743438721 -0.196374699473381
v 0 6.22823190689087 -0.278445094823837
v -0.234533831477165 6.11237335205078 -0.304477512836456
v -0.214150115847588 6.25986099243164 -0.276734888553619
v 0 6.08224630355835 -0.315273940563202
v -0.158630356192589 7.642897605896 0.0782011598348618
v 0 7.55709600448608 0.150667071342468
v 0 7.62306642532349 0.10457893460989
v -0.186683908104897 7.58093452453613 0.119590424001217
v -0.292713850736618 7.7483229637146 -0.351515620946884
v -0.273124724626541 7.78909015655518 -0.216654747724533
v -0.225050240755081 7.80591535568237 -0.334224075078964
v -0.340615600347519 7.74628496170044 -0.211040675640106
v -0.613671243190765 7.35080575942993 -0.547596752643585
v -0.653022289276123 7.50881385803223 -0.499781340360641
v -0.58470219373703 7.2125415802002 -0.507347524166107
v 0 7.68618726730347 0.0493529215455055
v -0.122146919369698 7.70201063156128 0.00787716079503298
v 0 7.74137878417969 0.0374336875975132
v -0.115720868110657 7.75713205337524 0.00430132215842605
v -0.243551060557365 6.9728422164917 -0.488587498664856
v 0 6.97147798538208 -0.481660485267639
v -0.452881634235382 6.99357175827026 -0.441463083028793
v -0.165263697504997 7.93711423873901 -0.298224210739136
v -0.182382583618164 7.86946868896484 -0.311577320098877
v -0.17702753841877 7.8721284866333 -0.0895846262574196
v -0.199916064739227 7.91020059585571 -0.203163519501686
v -0.223823755979538 7.8415355682373 -0.209330469369888
v -0.617955327033997 7.59744787216187 -0.0924002975225449
v -0.530598878860474 7.4676833152771 0.0448789224028587
v -0.534019231796265 7.61885166168213 -0.0738304555416107
v -0.584684908390045 7.45419216156006 0.00879282038658857
v -0.623154878616333 5.8292293548584 -0.277425765991211
v -0.288032501935959 5.33347225189209 0.436194986104965
v -0.229351550340652 5.07931470870972 -0.370379030704498
v 0 5.58654165267944 0.512219309806824
v -0.292869299650192 5.61105346679688 0.487275242805481
v 0 5.30761337280273 0.46119087934494
v -0.581834673881531 5.29508924484253 -0.464926481246948
v -0.734937191009521 5.35658550262451 -0.313632875680923
v -0.846909523010254 5.32896375656128 -0.106927983462811
v 0 5.25333690643311 -0.324429243803024
v -0.707142770290375 5.61169290542603 -0.316604048013687
v -0.66716992855072 7.08790683746338 -0.404098659753799
v -0.58470219373703 7.2125415802002 -0.507347524166107
v -0.657012641429901 7.08797597885132 -0.274990200996399
v -2.32359004020691 5.25983190536499 -0.204044416546822
v -2.28634667396545 4.83246469497681 -0.221059530973434
v -2.2860701084137 4.83742237091064 -0.174470618367195
v -2.29633092880249 4.93581676483154 -0.178253754973412
v -2.58085703849792 5.04816913604736 -0.459203809499741
v -2.55207800865173 5.02374315261841 -0.418764531612396
v -2.47474074363708 4.98226737976074 -0.42360132932663
v -2.56529259681702 5.03973960876465 -0.333964824676514
v -2.56406617164612 5.01308488845825 -0.39677432179451
v -2.52378249168396 5.00316953659058 -0.293076306581497
v -2.41049742698669 5.16843366622925 -0.203906118869781
v -2.56693387031555 5.10251426696777 -0.394373148679733
v -2.55536007881165 5.11911487579346 -0.337592393159866
v -2.56924867630005 5.12647390365601 -0.443121343851089
v -2.36762237548828 5.02284526824951 -0.205806359648705
v -2.33701229095459 5.03398704528809 -0.200209483504295
v -2.33708119392395 5.14259099960327 -0.174142450094223
v -2.2837381362915 4.9027886390686 -0.226846501231194
v -2.28658843040466 4.95164012908936 -0.232806161046028
v -2.28772854804993 4.79202508926392 -0.197549223899841
v -2.27409911155701 4.79019403457642 -0.220627754926682
v -2.25794768333435 4.76778936386108 -0.20375069975853
v -2.40673160552979 4.70328664779663 -0.480226635932922
v -2.41790795326233 4.83408784866333 -0.565389215946198
v -2.40315580368042 4.63707447052002 -0.37414488196373
v -2.43734169006348 4.60223197937012 -0.239214926958084
v -2.52295327186584 5.0974702835083 -0.270636945962906
v -2.24903392791748 4.7893648147583 -0.227813959121704
v -2.43272948265076 4.61534309387207 -0.370309919118881
v -2.41386580467224 4.67074203491211 -0.372296541929245
v -2.4335241317749 4.6365909576416 -0.240873262286186
v -2.41654324531555 4.73425960540771 -0.481660425662994
v -2.17812275886536 5.35700035095215 -0.303199142217636
v -2.1686737537384 5.247239112854 -0.304028302431107
v -2.47347974777222 4.59573698043823 -0.231199622154236
v -2.44103837013245 4.68922519683838 -0.478464663028717
v -2.42948174476624 4.80378913879395 -0.567496657371521
v 0 8.00942516326904 0.102678850293159
v 0 8.02704429626465 0.122837945818901
v -0.273815751075745 8.18367004394531 -0.0707902312278748
v -0.238334193825722 8.17721080780029 -0.185250014066696
v -0.202230796217918 8.08696842193604 -0.192453429102898
v -0.193783640861511 7.99019861221313 -0.197376698255539
v -0.193783640861511 7.99019861221313 -0.197376698255539
v -0.202230796217918 8.08696842193604 -0.192453429102898
v -0.238334193825722 8.17721080780029 -0.185250014066696
v -0.305306851863861 8.28142738342285 -0.181380465626717
v -0.305306851863861 8.28142738342285 -0.181380465626717
v -0.358753681182861 5.9813985824585 -0.342774748802185
v -0.491196066141129 5.82067823410034 -0.414756923913956
v -0.422962456941605 7.16996049880981 0.237660735845566
v -0.536213099956512 7.15652084350586 0.0686139389872551
v -0.584840416908264 7.20051908493042 -0.0839876756072044
v -0.559982597827911 7.07673120498657 -0.142375022172928
v -0.199916064739227 7.91020059585571 -0.203163519501686
v -0.412943333387375 7.41378784179688 0.150235220789909
v -0.538925170898438 7.31480550765991 0.0891012772917747
v -0.340615600347519 7.74628496170044 -0.211040675640106
v -0.286253213882446 7.67810297012329 -0.0757133513689041
v -0.436816483736038 7.71040534973145 -0.225499212741852
v -0.579122543334961 7.13824415206909 -0.204338043928146
v -0.572851955890656 7.09410858154297 -0.341271907091141
v -0.436816483736038 7.71040534973145 -0.225499212741852
v -0.390642106533051 7.63476133346558 -0.0272242091596127
v -0.346609830856323 5.80468225479126 -0.486289978027344
v -0.614241361618042 7.30428600311279 0.00233216537162662
v -0.329680949449539 8.33511447906494 -0.257163137197495
v -0.416519105434418 7.69223260879517 -0.367891699075699
v 0.678191006183624 5.71509742736816 0.320957779884338
v 0.813380002975464 5.49633502960205 0.140803560614586
v 0.750743329524994 5.77146291732788 0.146434977650642
v 0.737061977386475 5.42198610305786 0.326606392860413
v 0.491196066141129 5.82067823410034 -0.414756923913956
v 0.366803556680679 5.64432382583618 -0.544164061546326
v 0.346609830856323 5.80468225479126 -0.486289978027344
v 0.541740834712982 5.66493225097656 -0.453974634408951
v 0.53667950630188 5.66254901885986 0.427937716245651
v 0.568723380565643 5.35489273071289 0.436125785112381
v 0.604135811328888 5.02611017227173 0.431945413351059
v 0.811445295810699 4.72648620605469 0.297378182411194
v 0.793894588947296 5.08655309677124 0.319817632436752
v 0.622412085533142 4.68217754364014 0.401386946439743
v 0.391177624464035 4.63099384307861 0.384440988302231
v 0.620598256587982 4.31164312362671 0.350911378860474
v 0.406914621591568 4.27659320831299 0.328126579523087
v 0.54481565952301 4.58119201660156 -0.435537934303284
v 0.759138584136963 4.31233358383179 -0.362156420946121
v 0.562400996685028 4.26588344573975 -0.442896753549576
v 0.752073407173157 4.64464092254639 -0.356818705797195
v 0.218555063009262 3.97387742996216 -0.0668341889977455
v 0.295788675546646 3.73924016952515 0.0399040728807449
v 0.274472147226334 3.97676229476929 0.11784590780735
v 0.251860022544861 3.74378323554993 -0.113353952765465
v 0.712238729000092 3.52462339401245 0.0523589216172695
v 0.832813739776611 3.76161026954651 -0.0223525855690241
v 0.739601194858551 3.7501745223999 0.124686531722546
v 0.807092189788818 3.5441951751709 -0.0789433717727661
v 0.366354435682297 3.97064733505249 -0.393250286579132
v 0.566339552402496 3.74900007247925 -0.428213536739349
v 0.392801463603973 3.7389805316925 -0.408658981323242
v 0.565942227840424 3.98804235458374 -0.430528372526169
v 0.710217595100403 3.56096863746643 -0.373108327388763
v 0.564473927021027 3.55094957351685 -0.430372834205627
v 0.72794109582901 3.76178288459778 -0.363002836704254
v 0.765910148620605 4.01512861251831 0.194803088903427
v 0.797470390796661 4.34076738357544 0.25859734416008
v 0.602321982383728 3.99835538864136 0.277927279472351
v 0.413617014884949 3.73341846466064 0.160133495926857
v 0.562090039253235 3.50646829605103 0.133358329534531
v 0.583907544612885 3.73623418807983 0.196530565619469
v 0.409885793924332 3.51097679138184 0.0891878455877304
v 0.276234120130539 3.74186563491821 -0.276164650917053
v 0.245675772428513 3.96986985206604 -0.253949820995331
v 0.202144429087639 4.22445917129517 -0.233289808034897
v 0.334293216466904 4.23200798034668 -0.382591992616653
v 0.236952260136604 4.24935150146484 0.185284852981567
v 0.170359626412392 4.2334246635437 -0.0227501299232244
v 0.906661510467529 4.73757696151733 0.0960283204913139
v 0.883721113204956 5.14587354660034 0.113406285643578
v 0.170117795467377 4.88240480422974 0.258977323770523
v 0.368721008300781 4.95523309707642 0.409143328666687
v 0.195632010698318 4.5870304107666 0.239491760730743
v 0.127605617046356 4.80180263519287 -0.187167286872864
v 0.12696647644043 4.55179071426392 0.0149770360440016
v 0.10184957832098 4.83129024505615 0.043548908084631
v 0.161722466349602 4.53311729431152 -0.210522338747978
v 0.558220565319061 3.302734375 0.0957002267241478
v 0.713810622692108 3.1547966003418 -0.0447747781872749
v 0.698160111904144 3.32793760299683 0.00995038356631994
v 0.58375209569931 3.13154554367065 0.0339272245764732
v 0.797263085842133 3.19041681289673 -0.166766285896301
v 0.839187860488892 3.02421975135803 -0.2095547914505
v 0.807264924049377 3.21962761878967 -0.29489004611969
v 0.83575028181076 3.05883765220642 -0.337022244930267
v 0.781733453273773 3.35815072059631 -0.122060276567936
v 0.710010290145874 3.23888850212097 -0.412044763565063
v 0.609888195991516 3.10715436935425 -0.512546896934509
v 0.583164751529694 3.24992680549622 -0.461553037166595
v 0.747737467288971 3.08599281311035 -0.4585300385952
v 0.754975497722626 2.98421263694763 -0.0896362066268921
v 0.453123480081558 3.1419792175293 -0.0127826314419508
v 0.491075158119202 2.97213792800903 -0.0559167265892029
v 0.622394859790802 2.96396732330322 -0.0247538238763809
v 0.42099317908287 3.31496453285217 0.0363455787301064
v 0.305030435323715 3.52388072013855 -0.0225254185497761
v 0.321026504039764 3.33230805397034 -0.0673523843288422
v 0.345901548862457 3.03468823432922 -0.260462284088135
v 0.355281561613083 3.16428065299988 -0.109588086605072
v 0.31228569149971 3.19174695014954 -0.228107437491417
v 0.392265975475311 2.99898242950439 -0.14455147087574
v 0.632863104343414 2.91316318511963 -0.568049371242523
v 0.467789381742477 2.90739393234253 -0.535677254199982
v 0.781146049499512 2.89248585700989 -0.508435606956482
v 0.867984235286713 2.82784509658813 -0.235414609313011
v 0.865082204341888 2.86175489425659 -0.376580476760864
v 0.791199803352356 2.79035997390747 -0.114943288266659
v 0.655388832092285 2.7719452381134 -0.0529282279312611
v 0.513877391815186 2.7809624671936 -0.0820700973272324
v 0.409332990646362 2.80953431129456 -0.169098228216171
v 0.0883237570524216 5.14113998413086 -0.132476821541786
v 0.0758862122893333 5.11880445480347 0.0871665850281715
v 0.0758862122893333 5.11880445480347 0.0871665850281715
v 0.133340701460838 5.15055465698242 0.272485822439194
v 0.10184957832098 4.83129024505615 0.043548908084631
v 0.889387249946594 4.99954175949097 -0.154052346944809
v 0.906177878379822 4.70354604721069 -0.159113764762878
v 0.732259690761566 4.91899156570435 -0.334552079439163
v 0.280120879411697 3.54106855392456 -0.308329492807388
v 0.274921298027039 3.35110235214233 -0.196599021553993
v 0.257370561361313 3.53483247756958 -0.15883731842041
v 0.298448950052261 3.3681697845459 -0.3210089802742
v 0.518161416053772 4.85445499420166 -0.41349583864212
v 0.890199065208435 4.35149478912354 0.0727597698569298
v 0.12696647644043 4.55179071426392 0.0149770360440016
v 0.310471892356873 4.53854131698608 -0.369826227426529
v 0.893273949623108 4.34284019470215 -0.16775093972683
v 0.85946798324585 4.02464723587036 0.031681552529335
v 0.865894019603729 4.02291917800903 -0.189551115036011
v 0.413530647754669 3.98336148262024 0.248750880360603
v 0.744559109210968 4.01024007797241 -0.358217895030975
v 0.177925795316696 5.44706869125366 -0.586296141147614
v 0.185630157589912 5.25504732131958 -0.524125695228577
v 0.356369763612747 5.24247121810913 -0.542868375778198
v 0.385908961296082 5.45250988006592 -0.582132995128632
v 0.286339610815048 4.81111335754395 -0.356300443410873
v 0.257370561361313 3.53483247756958 -0.15883731842041
v 0.403166055679321 3.54452347755432 -0.407760709524155
v 0.836216747760773 3.76646447181702 -0.21580807864666
v 0.369826555252075 3.06916785240173 -0.382350087165833
v 0.37535434961319 2.87990999221802 -0.428230822086334
v 0.345901548862457 3.03468823432922 -0.260462284088135
v 0.358200937509537 2.84515404701233 -0.288429468870163
v 0.458357602357864 3.0976185798645 -0.479172855615616
v 0.698833823204041 3.38960695266724 -0.381348222494125
v 0.56575220823288 3.38787961006165 -0.438629984855652
v 0.813380002975464 3.55863666534424 -0.237435564398766
v 0.795051872730255 3.37887978553772 -0.259788602590561
v 0.40617173910141 3.38017535209656 -0.411716520786285
v 0.432964324951172 3.23938941955566 -0.434294164180756
v 0.337644428014755 3.21848726272583 -0.340027928352356
v 0.31228569149971 3.19174695014954 -0.228107437491417
v 0.251860022544861 3.74378323554993 -0.113353952765465
v 0.218555063009262 3.97387742996216 -0.0668341889977455
v 0.170359626412392 4.2334246635437 -0.0227501299232244
v 0.274921298027039 3.35110235214233 -0.196599021553993
v 0.358200937509537 2.84515404701233 -0.288429468870163
v 0.157904833555222 5.7970986366272 -0.490729570388794
v 0.168822214007378 5.63986730575562 -0.539327144622803
v 0.797332048416138 5.56503534317017 -0.0713081955909729
v 0.735075414180756 5.81115961074829 -0.0634484514594078
v 0.532602727413177 5.08197546005249 -0.412856727838516
v 0.745370924472809 5.13279628753662 -0.297671258449554
v 0.875567734241486 5.16603183746338 -0.128693610429764
v 0.585686862468719 5.49935817718506 -0.475843906402588
v 2.03203368186951 5.91205883026123 -0.535660088062286
v 2.26347517967224 5.65277147293091 -0.410092890262604
v 2.2492413520813 5.63641262054443 -0.507675647735596
v 2.06162452697754 5.93710708618164 -0.43432879447937
v 1.83349967002869 5.76913118362427 -0.564473688602448
v 2.0514497756958 5.50139617919922 -0.480485856533051
v 1.79511570930481 5.74539661407471 -0.484562546014786
v 2.08810615539551 5.52179765701294 -0.547890305519104
v 1.94389986991882 5.85811233520508 -0.289465934038162
v 2.22182679176331 5.62651443481445 -0.321009039878845
v 2.02429485321045 5.91482353210449 -0.333705723285675
v 2.15038013458252 5.57037258148193 -0.285406589508057
v 1.8962744474411 5.8114709854126 -0.605914890766144
v 2.14131116867065 5.55524110794067 -0.580607950687408
v 1.80373585224152 5.75391292572021 -0.385269612073898
v 2.0514497756958 5.50139617919922 -0.480485856533051
v 2.04649209976196 5.49894332885742 -0.392991304397583
v 1.79511570930481 5.74539661407471 -0.484562546014786
v 0.750708699226379 7.4415135383606 -0.498399406671524
v 0.700198531150818 7.31022787094116 -0.541965246200562
v 0.613671243190765 7.35080575942993 -0.547596752643585
v 0.653022289276123 7.50881385803223 -0.499781340360641
v 2.2009596824646 5.59761524200439 -0.5686194896698
v 1.96842920780182 5.86384677886963 -0.599937975406647
v 2.18743348121643 5.35218048095703 -0.469343841075897
v 2.1624550819397 5.34290456771851 -0.390918254852295
v 2.22738909721375 5.36423778533936 -0.541446924209595
v 2.27086877822876 5.39452028274536 -0.572592616081238
v 2.31885695457458 5.44281911849976 -0.560258805751801
v 2.36774349212646 5.46292638778687 -0.492716014385223
v 2.36912512779236 5.46810865402222 -0.39490869641304
v 2.32823657989502 5.44591093063354 -0.302128165960312
v 2.24708199501038 5.39358758926392 -0.255193740129471
v 1.77426564693451 6.22935438156128 -0.558600425720215
v 1.82703900337219 6.26587295532227 -0.450687527656555
v 1.79392397403717 6.2393741607666 -0.331719130277634
v 1.70420110225677 6.17247009277344 -0.279377937316895
v 1.60644543170929 6.10074710845947 -0.293335646390915
v 1.56512522697449 6.33103132247925 -0.288446992635727
v 1.47516047954559 6.26632118225098 -0.292333573102951
v 1.61169683933258 6.11565494537354 -0.619043409824371
v 1.54145920276642 6.06229448318481 -0.565251052379608
v 1.35838580131531 6.19446039199829 -0.454557001590729
v 1.49274563789368 6.02159643173218 -0.473472476005554
v 1.40027618408203 6.23840665817261 -0.543053507804871
v 1.69547748565674 6.17580413818359 -0.62294739484787
v 1.49274563789368 6.02159643173218 -0.473472476005554
v 1.52527332305908 6.04178905487061 -0.361171871423721
v 1.64512276649475 6.39226913452148 -0.33686688542366
v 1.86098301410675 5.79618310928345 -0.310316205024719
v 1.39623379707336 6.21284008026123 -0.35053089261055
v 1.46227371692657 6.29007434844971 -0.605569362640381
v 0.839723467826843 7.34907817840576 -0.489814013242722
v 0.781802594661713 7.24664068222046 -0.537370324134827
v 0.73243236541748 7.20639181137085 -0.120039239525795
v 0.628596305847168 7.18500661849976 -0.132874056696892
v 0.675202488899231 7.13016033172607 -0.164209797978401
v 0.669951140880585 7.27688884735107 -0.0659014955163002
v 2.17812275886536 5.35700035095215 -0.303199142217636
v 2.08472037315369 5.51960372924805 -0.31843513250351
v 2.18743348121643 5.35218048095703 -0.469343841075897
v 1.35838580131531 6.19446039199829 -0.454557001590729
v 0.584840416908264 7.20051908493042 -0.0839876756072044
v 0.614241361618042 7.30428600311279 0.00233216537162662
v 0.650258421897888 7.20407676696777 -0.49917671084404
v 0.719044804573059 7.15018081665039 -0.502804338932037
v 0.614414036273956 7.13888359069824 -0.245658323168755
v 0.657012641429901 7.08797597885132 -0.274990200996399
v 0.579122543334961 7.13824415206909 -0.204338043928146
v 0.614414036273956 7.13888359069824 -0.245658323168755
v 0.572851955890656 7.09410858154297 -0.341271907091141
v 0.598694443702698 7.13636207580566 -0.377876192331314
v 0.579122543334961 7.13824415206909 -0.204338043928146
v 2.36774349212646 5.46292638778687 -0.492716014385223
v 2.36912512779236 5.46810865402222 -0.39490869641304
v 2.43922448158264 5.35071229934692 -0.389363616704941
v 2.43948340415955 5.34789609909058 -0.492664188146591
v 2.31885695457458 5.44281911849976 -0.560258805751801
v 2.40168738365173 5.33133029937744 -0.569016814231873
v 2.17812275886536 5.35700035095215 -0.303199142217636
v 2.24982857704163 5.27758979797363 -0.211351349949837
v 2.24708199501038 5.39358758926392 -0.255193740129471
v 2.19322037696838 5.26211214065552 -0.253483533859253
v 2.33967256546021 5.16395902633667 -0.543709874153137
v 2.47335886955261 5.09539747238159 -0.598970592021942
v 2.44739508628845 5.04894685745239 -0.537007451057434
v 2.4054012298584 5.19287633895874 -0.602235376834869
v 2.40572953224182 5.03371047973633 -0.432463049888611
v 2.28026580810547 5.14017248153687 -0.432929486036301
v 2.47335886955261 5.09539747238159 -0.598970592021942
v 2.53511452674866 5.0513653755188 -0.603116452693939
v 2.49403619766235 5.02479696273804 -0.600939810276031
v 2.52378249168396 5.12609386444092 -0.597398579120636
v 2.40550470352173 4.98387432098389 -0.209727555513382
v 2.46140480041504 5.01562452316284 -0.181915923953056
v 2.41552424430847 5.07864141464233 -0.181950464844704
v 2.36762237548828 5.02284526824951 -0.205806359648705
v 2.51386690139771 5.2273211479187 -0.495341718196869
v 2.52229714393616 5.2020149230957 -0.387221544981003
v 2.4054012298584 5.19287633895874 -0.602235376834869
v 2.33200263977051 5.29997730255127 -0.588830471038818
v 2.48612451553345 5.21332883834839 -0.576703906059265
v 2.18971371650696 5.15996885299683 -0.210142135620117
v 2.1686737537384 5.247239112854 -0.304028302431107
v 2.17014193534851 5.13063669204712 -0.295615762472153
v 2.25387072563171 5.19222021102905 -0.174919813871384
v 2.22187852859497 5.25914096832275 -0.456699013710022
v 2.26549625396729 5.27372026443481 -0.542397022247314
v 2.39735150337219 5.32848024368286 -0.287963181734085
v 2.46904015541077 5.20735263824463 -0.279567897319794
v 2.18992114067078 5.0265588760376 -0.249596789479256
v 2.19163107872009 5.05115795135498 -0.177752748131752
v 2.26461553573608 5.07406377792358 -0.147574499249458
v 2.25513195991516 4.94747686386108 -0.148248180747032
v 2.21603989601135 4.8783106803894 -0.171983197331429
v 2.25995135307312 4.87680768966675 -0.156902626156807
v 2.20866394042969 4.94037771224976 -0.170687571167946
v 2.200026512146 4.91617584228516 -0.223460763692856
v 2.21120309829712 4.83165264129639 -0.217259272933006
v 2.2227942943573 4.82391357421875 -0.178409233689308
v 2.26214528083801 4.82619380950928 -0.16336327791214
v 2.24081134796143 4.89722585678101 -0.247178435325623
v 2.21120309829712 4.83165264129639 -0.217259272933006
v 2.200026512146 4.91617584228516 -0.223460763692856
v 2.24369621276855 4.83610916137695 -0.23950856924057
v 2.22728562355042 4.78136682510376 -0.21340699493885
v 2.23481702804565 4.77920770645142 -0.184558838605881
v 2.2666711807251 4.78825950622559 -0.173088729381561
v 2.24903392791748 4.7893648147583 -0.227813959121704
v 2.22728562355042 4.78136682510376 -0.21340699493885
v 2.27409911155701 4.79019403457642 -0.220627754926682
v 2.28634667396545 4.83246469497681 -0.221059530973434
v 2.52435278892517 4.93533325195313 -0.518869400024414
v 2.49032211303711 4.98468637466431 -0.529769539833069
v 2.57158064842224 4.95604515075684 -0.509247541427612
v 2.56285715103149 5.02982378005981 -0.511147737503052
v 2.45216298103333 4.97141933441162 -0.302145332098007
v 2.51868629455566 5.01168584823608 -0.264970898628235
v 2.53274774551392 4.95341920852661 -0.262293368577957
v 2.47028374671936 4.93403768539429 -0.277684926986694
v 2.44133186340332 4.93944501876831 -0.202005952596664
v 2.48467350006104 4.95642518997192 -0.180568501353264
v 2.55734658241272 5.06245517730713 -0.570744216442108
v 2.56524109840393 5.00014638900757 -0.572558045387268
v 2.54418325424194 4.99035215377808 -0.603669166564941
v 2.55520462989807 5.03350305557251 -0.530667781829834
v 2.54838109016418 4.98707008361816 -0.536592900753021
v 2.51041221618652 4.83439922332764 -0.268564105033875
v 2.55731177330017 4.84372758865356 -0.254744529724121
v 2.56753849983215 4.84925508499146 -0.206410959362984
v 2.52880930900574 4.96672105789185 -0.210971385240555
v 2.53074407577515 4.84327793121338 -0.175265327095985
v 2.48710918426514 4.83509016036987 -0.190846666693687
v 2.51041221618652 4.83439922332764 -0.268564105033875
v 2.47676181793213 4.75994682312012 -0.233531713485718
v 2.48323965072632 4.83148002624512 -0.233825340867043
v 2.50298428535461 4.75326156616211 -0.267320334911346
v 2.54905486106873 4.73149585723877 -0.212785199284554
v 2.54086685180664 4.73847484588623 -0.255556523799896
v 2.52017211914063 4.7386474609375 -0.180620297789574
v 2.50388216972351 4.66127586364746 -0.260289698839188
v 2.50541973114014 4.64973640441895 -0.223011568188667
v 2.48389577865601 4.66056776046753 -0.191520571708679
v 2.47458529472351 4.68279933929443 -0.270308673381805
v 2.4335241317749 4.6365909576416 -0.240873262286186
v 2.45022821426392 4.69316434860229 -0.238541170954704
v 2.45195579528809 4.62574243545532 -0.265247344970703
v 2.58448457717896 4.8679461479187 -0.510249495506287
v 2.54107427597046 4.86784219741821 -0.516658246517181
v 2.59056520462036 4.96798181533813 -0.465249806642532
v 2.59977221488953 4.87057161331177 -0.47017303109169
v 2.52794551849365 4.87330150604248 -0.438232719898224
v 2.55940222740173 4.95471525192261 -0.428541779518127
v 2.50928926467896 4.93476343154907 -0.436297982931137
v 2.57380890846252 4.87178087234497 -0.434639632701874
v 2.51794362068176 4.8706750869751 -0.480969458818436
v 2.54107427597046 4.86784219741821 -0.516658246517181
v 2.49476146697998 4.80173349380493 -0.480675756931305
v 2.51044654846191 4.7854437828064 -0.517487406730652
v 2.53926014900208 4.76229572296143 -0.510525822639465
v 2.55105876922607 4.75374555587769 -0.47386971116066
v 2.53461360931396 4.77267789840698 -0.440875768661499
v 2.4908230304718 4.71416997909546 -0.477117359638214
v 2.48529529571533 4.72524261474609 -0.511717796325684
v 2.48432779312134 4.73325777053833 -0.444192349910736
v 2.46705341339111 4.76258945465088 -0.443155914545059
v 2.50566172599792 4.79898691177368 -0.438457250595093
v 2.51455783843994 4.9196310043335 -0.605811178684235
v 2.48285961151123 4.87946844100952 -0.572437167167664
v 2.49773287773132 4.9219799041748 -0.572454452514648
v 2.4897346496582 4.86476755142212 -0.603185534477234
v 2.51364254951477 4.8373703956604 -0.602684497833252
v 2.51455783843994 4.9196310043335 -0.605811178684235
v 2.55295896530151 4.92008018493652 -0.605586647987366
v 2.4897346496582 4.86476755142212 -0.603185534477234
v 2.57525968551636 4.92280960083008 -0.578327715396881
v 2.5293447971344 4.82500219345093 -0.576202929019928
v 2.52404141426086 4.84193086624146 -0.544331729412079
v 2.55826210975647 4.92443323135376 -0.543243527412415
v 2.45408058166504 4.85032606124878 -0.598348677158356
v 2.45295763015747 4.864577293396 -0.568429470062256
v 2.46534323692322 4.82197904586792 -0.597899556159973
v 2.45408058166504 4.85032606124878 -0.598348677158356
v 2.47341060638428 4.81132078170776 -0.572022557258606
v 2.4757251739502 4.82552051544189 -0.543329834938049
v 2.42322850227356 4.8303050994873 -0.592907249927521
v 2.41790795326233 4.83408784866333 -0.565389215946198
v 2.51847910881042 4.93674993515015 -0.402509421110153
v 2.59279322624207 4.82911348342896 -0.383507579565048
v 2.54224872589111 4.81681394577026 -0.39544415473938
v 2.5791642665863 4.95050048828125 -0.385632336139679
v 2.57890462875366 4.96347332000732 -0.335657596588135
v 2.60846138000488 4.8270058631897 -0.337713330984116
v 2.52402400970459 4.83600568771362 -0.312406331300735
v 2.54458093643188 4.94656181335449 -0.299156934022903
v 2.49369072914124 4.93277645111084 -0.307344973087311
v 2.57325649261475 4.83175611495972 -0.302249044179916
v 2.55297613143921 4.69411420822144 -0.351100951433182
v 2.545565366745 4.72211599349976 -0.394701361656189
v 2.53203964233398 4.71320247650146 -0.31289005279541
v 2.52402400970459 4.83600568771362 -0.312406331300735
v 2.49586725234985 4.7585301399231 -0.3596171438694
v 2.50265598297119 4.74681854248047 -0.318486928939819
v 2.5136079788208 4.83441638946533 -0.357855200767517
v 2.46332240104675 4.7010064125061 -0.403614908456802
v 2.50846004486084 4.74255132675171 -0.396946996450424
v 2.44983100891113 4.71689891815186 -0.367027848958969
v 2.4871609210968 4.64624691009521 -0.362588346004486
v 2.48313570022583 4.66609525680542 -0.401524722576141
v 2.47460246086121 4.66459226608276 -0.324705690145493
v 2.41386580467224 4.67074203491211 -0.372296541929245
v 2.42252016067505 4.65597248077393 -0.400125473737717
v 2.23847937583923 4.99610424041748 -0.263140052556992
v 2.18992114067078 5.0265588760376 -0.249596789479256
v 2.24146795272827 4.94768476486206 -0.253949910402298
v 2.28696870803833 4.98910856246948 -0.239474028348923
v 2.26326823234558 5.03624963760376 -0.272830873727798
v 2.31726765632629 5.02222299575806 -0.232857957482338
v 2.2837381362915 4.9027886390686 -0.226846501231194
v 2.46577548980713 4.98986864089966 -0.485996276140213
v 2.50928926467896 4.93476343154907 -0.436297982931137
v 2.47474074363708 4.98226737976074 -0.42360132932663
v 2.49759459495544 4.93075561523438 -0.481694996356964
v 2.45708608627319 4.77017307281494 -0.481556802988052
v 2.46705341339111 4.76258945465088 -0.443155914545059
v 2.50566172599792 4.79898691177368 -0.438457250595093
v 2.50289797782898 4.96475172042847 -0.535884618759155
v 2.51502442359924 4.92346572875977 -0.541136026382446
v 2.5009458065033 4.87119340896606 -0.54407262802124
v 2.46447968482971 4.8529691696167 -0.541947901248932
v 2.47382521629333 5.00208139419556 -0.566667497158051
v 2.50289797782898 4.96475172042847 -0.535884618759155
v 2.49032211303711 4.98468637466431 -0.529769539833069
v 2.48659086227417 4.96264362335205 -0.57122790813446
v 2.47956013679504 4.9146556854248 -0.361776471138
v 2.49369072914124 4.93277645111084 -0.307344973087311
v 2.4388964176178 4.97304344177246 -0.372469276189804
v 2.45216298103333 4.97141933441162 -0.302145332098007
v 2.28658843040466 4.95164012908936 -0.232806161046028
v 2.33701229095459 5.03398704528809 -0.200209483504295
v 2.30826783180237 4.99853992462158 -0.201073184609413
v 2.31726765632629 5.02222299575806 -0.232857957482338
v 2.28696870803833 4.98910856246948 -0.239474028348923
v 2.43749713897705 4.92951202392578 -0.24541649222374
v 2.47028374671936 4.93403768539429 -0.277684926986694
v 2.54224872589111 4.81681394577026 -0.39544415473938
v 2.51847910881042 4.93674993515015 -0.402509421110153
v 2.52794551849365 4.87330150604248 -0.438232719898224
v 2.32823657989502 5.44591093063354 -0.302128165960312
v 2.48710918426514 4.83509016036987 -0.190846666693687
v 2.4816677570343 4.75459146499634 -0.190898701548576
v 2.45408058166504 4.68399143218994 -0.198810160160065
v 2.43608069419861 4.62664079666138 -0.211074993014336
v 2.44133186340332 4.93944501876831 -0.202005952596664
v 2.45542788505554 4.70143842697144 -0.328747898340225
v 2.41555857658386 4.65654230117798 -0.343241065740585
v 2.52435278892517 4.93533325195313 -0.518869400024414
v 2.46693253517151 4.75286436080933 -0.51695191860199
v 2.46447968482971 4.8529691696167 -0.541947901248932
v 2.5009458065033 4.87119340896606 -0.54407262802124
v 2.43357563018799 4.83289623260498 -0.541343331336975
v 2.22738909721375 5.36423778533936 -0.541446924209595
v 2.33200263977051 5.29997730255127 -0.588830471038818
v 2.27086877822876 5.39452028274536 -0.572592616081238
v 2.18743348121643 5.35218048095703 -0.469343841075897
v 2.50631809234619 4.97271490097046 -0.604774713516235
v 2.42264103889465 4.71886825561523 -0.509627640247345
v 2.41654324531555 4.73425960540771 -0.481660425662994
v 2.17014193534851 5.13063669204712 -0.295615762472153
v 2.25326609611511 5.08295965194702 -0.343534767627716
v 2.37831521034241 5.00862836837769 -0.33007800579071
v 2.40550470352173 4.98387432098389 -0.209727555513382
v 2.40811347961426 4.96808528900146 -0.264677345752716
v 2.50298428535461 4.75326156616211 -0.267320334911346
v 2.4816677570343 4.75459146499634 -0.190898701548576
v 2.47938752174377 4.61568880081177 -0.261015176773071
v 2.45195579528809 4.62574243545532 -0.265247344970703
v 2.47458529472351 4.68279933929443 -0.270308673381805
v 2.51044654846191 4.7854437828064 -0.517487406730652
v 2.46693253517151 4.75286436080933 -0.51695191860199
v 2.44509792327881 4.70599889755249 -0.449081063270569
v 2.42264103889465 4.72519063949585 -0.451413035392761
v 2.44153904914856 4.81487894058228 -0.545057237148285
v 2.43357563018799 4.83289623260498 -0.541343331336975
v 2.50265598297119 4.74681854248047 -0.318486928939819
v 2.50846004486084 4.74255132675171 -0.396946996450424
v 2.46332240104675 4.7010064125061 -0.403614908456802
v 2.45542788505554 4.70143842697144 -0.328747898340225
v 2.55109333992004 5.13775396347046 -0.564542770385742
v 2.4827561378479 5.10552024841309 -0.212145984172821
v 2.50816631317139 5.03782176971436 -0.20886392891407
v 2.56911063194275 5.1167311668396 -0.510059475898743
v 2.43608069419861 4.62664079666138 -0.211074993014336
v 2.46142196655273 4.61294174194336 -0.200572177767754
v 2.45408058166504 4.68399143218994 -0.198810160160065
v 2.44143557548523 4.63184022903442 -0.402889430522919
v 2.42252016067505 4.65597248077393 -0.400125473737717
v 2.41555857658386 4.65654230117798 -0.343241065740585
v 2.43336844444275 4.63108015060425 -0.335312157869339
v 2.44540858268738 4.69936561584473 -0.509368479251862
v 2.42264103889465 4.71886825561523 -0.509627640247345
v 2.42322850227356 4.8303050994873 -0.592907249927521
v 2.43043208122253 4.8101806640625 -0.594271898269653
v 2.35095262527466 5.01085662841797 -0.254882752895355
v 2.49403619766235 5.02479696273804 -0.600939810276031
v 2.30486464500427 5.02443408966064 -0.163294285535812
v 2.34167623519897 5.07662010192871 -0.178668335080147
v 2.42264103889465 4.72519063949585 -0.451413035392761
v 2.50631809234619 4.97271490097046 -0.604774713516235
v 2.27086877822876 5.39452028274536 -0.572592616081238
v 2.1624550819397 5.34290456771851 -0.390918254852295
v 2.17924571037292 5.24938106536865 -0.37687423825264
v 2.51502442359924 4.92346572875977 -0.541136026382446
v 2.20685005187988 5.14998435974121 -0.367079675197601
v 0.0949398279190063 8.21410846710205 -0.351964741945267
v 0.0887210592627525 8.11443519592285 -0.340770989656448
v 0.190052419900894 8.1967134475708 -0.308191567659378
v 0.169875949621201 8.10198020935059 -0.293007403612137
v 0.107791945338249 7.9210319519043 0.0158407390117645
v 0.108914770185947 8.00213527679443 0.0476082488894463
v 0.117914721369743 8.30429744720459 -0.404651522636414
v 0.241357192397118 8.29446887969971 -0.34325847029686
v 0.168960422277451 7.95798206329346 -0.0733814164996147
v 0.177148461341858 8.04915523529053 -0.0445677153766155
v 0.115893617272377 8.05471801757813 0.0771300867199898
v 0.213597342371941 8.11944484710693 0.000829243217594922
v 0.668707370758057 6.00805330276489 0.129143267869949
v 0.617972612380981 5.96652555465698 0.300815880298615
v 0.750743329524994 5.77146291732788 0.146434977650642
v 0.678191006183624 5.71509742736816 0.320957779884338
v 0.504652857780457 5.92190647125244 0.420440673828125
v 0.53667950630188 5.66254901885986 0.427937716245651
v 0.631412029266357 6.02503395080566 -0.0711873918771744
v 0.735075414180756 5.81115961074829 -0.0634484514594078
v 0.182140737771988 5.95242929458618 -0.385114133358002
v 0.157904833555222 5.7970986366272 -0.490729570388794
v 0.285268604755402 5.8783917427063 0.493597447872162
v 0.292869299650192 5.61105346679688 0.487275242805481
v 0.415914535522461 6.93768978118896 0.302819401025772
v 0.467253923416138 6.72423028945923 0.181311696767807
v 0.501180708408356 6.92290210723877 0.13748674094677
v 0.394442498683929 6.72958517074585 0.333567947149277
v 0.2291269749403 6.80647373199463 -0.424620628356934
v 0.217069491744041 6.61497020721436 -0.34869983792305
v 0.383680582046509 6.47062540054321 -0.199086681008339
v 0.488881409168243 6.34203481674194 -0.0638630390167236
v 0.40345972776413 6.31418895721436 -0.185353547334671
v 0.460171341896057 6.50196123123169 -0.0848513767123222
v 0.481090664863586 6.51457118988037 0.0681993514299393
v 0.497173070907593 6.70381212234497 0.0122130950912833
v 0.451655149459839 6.52018594741821 0.22487773001194
v 0.228695124387741 7.1770601272583 0.337212711572647
v 0.204942896962166 7.40093564987183 0.242601126432419
v 0.553401052951813 6.16236448287964 0.279827386140823
v 0.454626351594925 6.12835216522217 0.405273914337158
v 0.385425269603729 6.5140528678894 0.354677319526672
v 0.244276583194733 6.28361368179321 0.491075426340103
v 0.231217175722122 6.49990510940552 0.465941399335861
v 0.0878400728106499 7.94207191467285 -0.346557885408401
v 0.0953716933727264 7.87354421615601 -0.361569285392761
v 0.107394628226757 7.8363184928894 -0.00381751405075192
v 0.257180511951447 6.09475326538086 0.485150367021561
v 0.513635516166687 6.35176134109497 0.0959246382117271
v 0.490505158901215 6.34217357635498 0.255038619041443
v 0.545143902301788 6.18787908554077 -0.0640875995159149
v 0.587656140327454 6.18699836730957 0.115237303078175
v 0.409972101449966 6.31691837310791 0.379949659109116
v 0.534416556358337 6.89084148406982 -0.0540166422724724
v 0.222804576158524 6.73158931732178 0.451776325702667
v 0.0865617543458939 8.01921939849854 -0.339682728052139
v 0.226000338792801 7.19580221176147 -0.551863551139832
v 0.228332370519638 7.39589166641235 -0.569189727306366
v 0.477376669645309 6.67860889434814 -0.146589919924736
v 0.520700752735138 6.86190700531006 -0.224998220801353
v 0.266664147377014 7.58501148223877 -0.499764055013657
v 0.507762253284454 7.55813264846802 -0.492733418941498
v 0.456681936979294 7.37490320205688 -0.565475702285767
v 0.230802580714226 6.9444785118103 0.413513481616974
v 0.110296718776226 7.80860996246338 -0.384872376918793
v 0.137832045555115 7.70601797103882 -0.438561052083969
v 0.189706906676292 7.80076789855957 -0.0967708453536034
v 0.273124724626541 7.78909015655518 -0.216654747724533
v 0.223823755979538 7.8415355682373 -0.209330469369888
v 0.216395780444145 7.74051475524902 -0.0988954901695251
v 0.162914395332336 8.00913143157959 -0.29188460111618
v 0.434121668338776 7.18901395797729 -0.54213809967041
v 0.207344025373459 6.4251766204834 -0.289569854736328
v 0.401196777820587 6.65153932571411 -0.266923010349274
v 0.429630368947983 6.83767127990723 -0.35902988910675
v 0.516451299190521 6.00819110870361 -0.236727505922318
v 0.623154878616333 5.8292293548584 -0.277425765991211
v 0.443156123161316 6.16348743438721 -0.196374699473381
v 0.234533831477165 6.11237335205078 -0.304477512836456
v 0.214150115847588 6.25986099243164 -0.276734888553619
v 0.158630356192589 7.642897605896 0.0782011598348618
v 0.186683908104897 7.58093452453613 0.119590424001217
v 0.273124724626541 7.78909015655518 -0.216654747724533
v 0.292713850736618 7.7483229637146 -0.351515620946884
v 0.225050240755081 7.80591535568237 -0.334224075078964
v 0.340615600347519 7.74628496170044 -0.211040675640106
v 0.613671243190765 7.35080575942993 -0.547596752643585
v 0.653022289276123 7.50881385803223 -0.499781340360641
v 0.58470219373703 7.2125415802002 -0.507347524166107
v 0.122146919369698 7.70201063156128 0.00787716079503298
v 0.115720868110657 7.75713205337524 0.00430132215842605
v 0.243551060557365 6.9728422164917 -0.488587498664856
v 0.452881634235382 6.99357175827026 -0.441463083028793
v 0.165263697504997 7.93711423873901 -0.298224210739136
v 0.182382583618164 7.86946868896484 -0.311577320098877
v 0.17702753841877 7.8721284866333 -0.0895846262574196
v 0.199916064739227 7.91020059585571 -0.203163519501686
v 0.223823755979538 7.8415355682373 -0.209330469369888
v 0.617955327033997 7.59744787216187 -0.0924002975225449
v 0.534019231796265 7.61885166168213 -0.0738304555416107
v 0.530598878860474 7.4676833152771 0.0448789224028587
v 0.584684908390045 7.45419216156006 0.00879282038658857
v 0.623154878616333 5.8292293548584 -0.277425765991211
v 0.288032501935959 5.33347225189209 0.436194986104965
v 0.229351550340652 5.07931470870972 -0.370379030704498
v 0.292869299650192 5.61105346679688 0.487275242805481
v 0.581834673881531 5.29508924484253 -0.464926481246948
v 0.734937191009521 5.35658550262451 -0.313632875680923
v 0.846909523010254 5.32896375656128 -0.106927983462811
v 0.707142770290375 5.61169290542603 -0.316604048013687
v 0.66716992855072 7.08790683746338 -0.404098659753799
v 0.58470219373703 7.2125415802002 -0.507347524166107
v 0.657012641429901 7.08797597885132 -0.274990200996399
v 2.32359004020691 5.25983190536499 -0.204044416546822
v 2.28634667396545 4.83246469497681 -0.221059530973434
v 2.29633092880249 4.93581676483154 -0.178253754973412
v 2.2860701084137 4.83742237091064 -0.174470618367195
v 2.58085703849792 5.04816913604736 -0.459203809499741
v 2.55207800865173 5.02374315261841 -0.418764531612396
v 2.47474074363708 4.98226737976074 -0.42360132932663
v 2.56529259681702 5.03973960876465 -0.333964824676514
v 2.56406617164612 5.01308488845825 -0.39677432179451
v 2.52378249168396 5.00316953659058 -0.293076306581497
v 2.41049742698669 5.16843366622925 -0.203906118869781
v 2.55536007881165 5.11911487579346 -0.337592393159866
v 2.56693387031555 5.10251426696777 -0.394373148679733
v 2.56924867630005 5.12647390365601 -0.443121343851089
v 2.36762237548828 5.02284526824951 -0.205806359648705
v 2.33701229095459 5.03398704528809 -0.200209483504295
v 2.33708119392395 5.14259099960327 -0.174142450094223
v 2.2837381362915 4.9027886390686 -0.226846501231194
v 2.28658843040466 4.95164012908936 -0.232806161046028
v 2.28772854804993 4.79202508926392 -0.197549223899841
v 2.27409911155701 4.79019403457642 -0.220627754926682
v 2.25794768333435 4.76778936386108 -0.20375069975853
v 2.40673160552979 4.70328664779663 -0.480226635932922
v 2.41790795326233 4.83408784866333 -0.565389215946198
v 2.40315580368042 4.63707447052002 -0.37414488196373
v 2.43734169006348 4.60223197937012 -0.239214926958084
v 2.52295327186584 5.0974702835083 -0.270636945962906
v 2.24903392791748 4.7893648147583 -0.227813959121704
v 2.43272948265076 4.61534309387207 -0.370309919118881
v 2.41386580467224 4.67074203491211 -0.372296541929245
v 2.4335241317749 4.6365909576416 -0.240873262286186
v 2.41654324531555 4.73425960540771 -0.481660425662994
v 2.17812275886536 5.35700035095215 -0.303199142217636
v 2.1686737537384 5.247239112854 -0.304028302431107
v 2.47347974777222 4.59573698043823 -0.231199622154236
v 2.44103837013245 4.68922519683838 -0.478464663028717
v 2.42948174476624 4.80378913879395 -0.567496657371521
v 0.273815751075745 8.18367004394531 -0.0707902312278748
v 0.238334193825722 8.17721080780029 -0.185250014066696
v 0.193783640861511 7.99019861221313 -0.197376698255539
v 0.202230796217918 8.08696842193604 -0.192453429102898
v 0.202230796217918 8.08696842193604 -0.192453429102898
v 0.193783640861511 7.99019861221313 -0.197376698255539
v 0.238334193825722 8.17721080780029 -0.185250014066696
v 0.305306851863861 8.28142738342285 -0.181380465626717
v 0.305306851863861 8.28142738342285 -0.181380465626717
v 0.358753681182861 5.9813985824585 -0.342774748802185
v 0.491196066141129 5.82067823410034 -0.414756923913956
v 0.422962456941605 7.16996049880981 0.237660735845566
v 0.536213099956512 7.15652084350586 0.0686139389872551
v 0.559982597827911 7.07673120498657 -0.142375022172928
v 0.584840416908264 7.20051908493042 -0.0839876756072044
v 0.199916064739227 7.91020059585571 -0.203163519501686
v 0.412943333387375 7.41378784179688 0.150235220789909
v 0.538925170898438 7.31480550765991 0.0891012772917747
v 0.340615600347519 7.74628496170044 -0.211040675640106
v 0.286253213882446 7.67810297012329 -0.0757133513689041
v 0.436816483736038 7.71040534973145 -0.225499212741852
v 0.572851955890656 7.09410858154297 -0.341271907091141
v 0.579122543334961 7.13824415206909 -0.204338043928146
v 0.436816483736038 7.71040534973145 -0.225499212741852
v 0.390642106533051 7.63476133346558 -0.0272242091596127
v 0.346609830856323 5.80468225479126 -0.486289978027344
v 0.614241361618042 7.30428600311279 0.00233216537162662
v 0.329680949449539 8.33511447906494 -0.257163137197495
v 0.416519105434418 7.69223260879517 -0.367891699075699
vt 0.884299993515015 0.136600002646446
vt 0.882600009441376 0.110600002110004
vt 0.871999979019165 0.136099994182587
vt 0.870299994945526 0.110600002110004
vt 0.891600012779236 0.0826999992132187
vt 0.879800021648407 0.0838999971747398
vt 0.895600020885468 0.109200000762939
vt 0.876699984073639 0.0581000000238419
vt 0.868600010871887 0.0844999998807907
vt 0.866599977016449 0.0582000017166138
vt 0.834800004959106 0.133100003004074
vt 0.846700012683868 0.10980000346899
vt 0.835200011730194 0.109099999070168
vt 0.847299993038177 0.134399995207787
vt 0.822099983692169 0.132699996232986
vt 0.80919998884201 0.10869999974966
vt 0.808200001716614 0.133100003004074
vt 0.82260000705719 0.10869999974966
vt 0.798500001430511 0.0835999995470047
vt 0.794700026512146 0.108800001442432
vt 0.811600029468536 0.0843999981880188
vt 0.856800019741058 0.0847000032663345
vt 0.846199989318848 0.0846000015735626
vt 0.857699990272522 0.110299997031689
vt 0.835799992084503 0.0843999981880188
vt 0.824299991130829 0.0843999981880188
vt 0.911800026893616 0.132599994540215
vt 0.926999986171722 0.1283999979496
vt 0.909799993038177 0.106600001454353
vt 0.924000024795532 0.103100001811981
vt 0.898100018501282 0.135299995541573
vt 0.858799993991852 0.135399997234344
vt 0.792800009250641 0.134299993515015
vt 0.887099981307983 0.0579000003635883
vt 0.856199979782104 0.0586000010371208
vt 0.846400022506714 0.058899998664856
vt 0.836499989032745 0.0592000000178814
vt 0.825900018215179 0.0597000010311604
vt 0.814400017261505 0.060199998319149
vt 0.904900014400482 0.0807999968528748
vt 0.918200016021729 0.0786999985575676
vt 0.802999973297119 0.0599999986588955
vt 0.898800015449524 0.0571000017225742
vt 0.91049998998642 0.0560999996960163
vt 0.871999979019165 0.136099994182587
vt 0.882600009441376 0.110600002110004
vt 0.884299993515015 0.136600002646446
vt 0.870299994945526 0.110600002110004
vt 0.891600012779236 0.0826999992132187
vt 0.895600020885468 0.109200000762939
vt 0.879800021648407 0.0838999971747398
vt 0.876699984073639 0.0581000000238419
vt 0.868600010871887 0.0844999998807907
vt 0.866599977016449 0.0582000017166138
vt 0.834800004959106 0.133100003004074
vt 0.846700012683868 0.10980000346899
vt 0.847299993038177 0.134399995207787
vt 0.835200011730194 0.109099999070168
vt 0.822099983692169 0.132699996232986
vt 0.808200001716614 0.133100003004074
vt 0.80919998884201 0.10869999974966
vt 0.82260000705719 0.10869999974966
vt 0.794700026512146 0.108800001442432
vt 0.798500001430511 0.0835999995470047
vt 0.811600029468536 0.0843999981880188
vt 0.856800019741058 0.0847000032663345
vt 0.857699990272522 0.110299997031689
vt 0.846199989318848 0.0846000015735626
vt 0.835799992084503 0.0843999981880188
vt 0.824299991130829 0.0843999981880188
vt 0.911800026893616 0.132599994540215
vt 0.909799993038177 0.106600001454353
vt 0.926999986171722 0.1283999979496
vt 0.924000024795532 0.103100001811981
vt 0.898100018501282 0.135299995541573
vt 0.858799993991852 0.135399997234344
vt 0.792800009250641 0.134299993515015
vt 0.887099981307983 0.0579000003635883
vt 0.856199979782104 0.0586000010371208
vt 0.846400022506714 0.058899998664856
vt 0.836499989032745 0.0592000000178814
vt 0.825900018215179 0.0597000010311604
vt 0.814400017261505 0.060199998319149
vt 0.904900014400482 0.0807999968528748
vt 0.918200016021729 0.0786999985575676
vt 0.802999973297119 0.0599999986588955
vt 0.898800015449524 0.0571000017225742
vt 0.91049998998642 0.0560999996960163
vt 0.851599991321564 0.424800008535385
vt 0.8507000207901 0.395599991083145
vt 0.834200024604797 0.424800008535385
vt 0.832599997520447 0.391299992799759
vt 0.907999992370605 0.424800008535385
vt 0.92220002412796 0.424800008535385
vt 0.924700021743774 0.410600006580353
vt 0.908999979496002 0.410600006580353
vt 0.818000018596649 0.424800008535385
vt 0.813700020313263 0.388000011444092
vt 0.813300013542175 0.359600007534027
vt 0.832300007343292 0.333000004291534
vt 0.814199984073639 0.330799996852875
vt 0.832599997520447 0.362899988889694
vt 0.795000016689301 0.326499998569489
vt 0.815199971199036 0.301499992609024
vt 0.797800004482269 0.297800004482269
vt 0.909900009632111 0.312900006771088
vt 0.887600004673004 0.29339998960495
vt 0.891700029373169 0.319900006055832
vt 0.904799997806549 0.287600010633469
vt 0.784300029277802 0.266600012779236
vt 0.786899983882904 0.243499994277954
vt 0.76910001039505 0.26129999756813
vt 0.773800015449524 0.239700004458427
vt 0.847299993038177 0.247500002384186
vt 0.83270001411438 0.225899994373322
vt 0.831799983978271 0.248600006103516
vt 0.847899973392487 0.225700005888939
vt 0.917500019073486 0.257600009441376
vt 0.896000027656555 0.238399997353554
vt 0.900099992752075 0.261500000953674
vt 0.911499977111816 0.235799998044968
vt 0.878700017929077 0.221799999475479
vt 0.880599975585938 0.241799995303154
vt 0.893100023269653 0.218999996781349
vt 0.831399977207184 0.274300009012222
vt 0.81580001115799 0.273400008678436
vt 0.831700026988983 0.303000003099442
vt 0.801400005817413 0.246299996972084
vt 0.816799998283386 0.225299999117851
vt 0.80239999294281 0.224500000476837
vt 0.816600024700165 0.247999995946884
vt 0.933499991893768 0.255499988794327
vt 0.927299976348877 0.234400004148483
vt 0.924199998378754 0.282299995422363
vt 0.940999984741211 0.279199987649918
vt 0.780099987983704 0.292499989271164
vt 0.763000011444092 0.285800009965897
vt 0.851899981498718 0.365900009870529
vt 0.850600004196167 0.331900000572205
vt 0.770799994468689 0.345699995756149
vt 0.775499999523163 0.320100009441376
vt 0.791899979114532 0.354699999094009
vt 0.97680002450943 0.320899993181229
vt 0.968200027942657 0.299699991941452
vt 0.956700026988983 0.325100004673004
vt 0.948800027370453 0.303400009870529
vt 0.832400023937225 0.206599995493889
vt 0.833599984645844 0.189500004053116
vt 0.817200005054474 0.206000000238419
vt 0.819100022315979 0.189099997282028
vt 0.861100018024445 0.1908999979496
vt 0.848900020122528 0.174099996685982
vt 0.848200023174286 0.190599992871284
vt 0.86080002784729 0.175400003790855
vt 0.847800016403198 0.206900000572205
vt 0.889400005340576 0.190200001001358
vt 0.887399971485138 0.176599994301796
vt 0.876200020313263 0.190500006079674
vt 0.874300003051758 0.175899997353554
vt 0.835099995136261 0.172700002789497
vt 0.808799982070923 0.172600001096725
vt 0.806400001049042 0.188999995589256
vt 0.821300029754639 0.17229999601841
vt 0.804000020027161 0.205799996852875
vt 0.788999974727631 0.222800001502037
vt 0.791299998760223 0.204899996519089
vt 0.793900012969971 0.188999995589256
vt 0.785000026226044 0.173899993300438
vt 0.782599985599518 0.188400000333786
vt 0.796599984169006 0.173299998044968
vt 0.899200022220612 0.157900005578995
vt 0.885800004005432 0.158999994397163
vt 0.872900009155273 0.158399999141693
vt 0.847899973392487 0.156100004911423
vt 0.860000014305115 0.157499998807907
vt 0.835500001907349 0.154300004243851
vt 0.822499990463257 0.153799995779991
vt 0.810000002384186 0.154400005936623
vt 0.797999978065491 0.155799999833107
vt 0.972699999809265 0.352999985218048
vt 0.990100026130676 0.342599987983704
vt 0.748700022697449 0.360799998044968
vt 0.764400005340576 0.371300011873245
vt 0.753199994564056 0.335799992084503
vt 0.873399972915649 0.351000010967255
vt 0.893999993801117 0.342799991369247
vt 0.871299982070923 0.326799988746643
vt 0.922299981117249 0.216000005602837
vt 0.930400013923645 0.197799995541573
vt 0.919399976730347 0.200200006365776
vt 0.935400009155273 0.214200004935265
vt 0.914499998092651 0.335799992084503
vt 0.848699986934662 0.301699995994568
vt 0.75739997625351 0.311800003051758
vt 0.930299997329712 0.307000011205673
vt 0.868399977684021 0.298400014638901
vt 0.847400009632111 0.273099988698959
vt 0.866100013256073 0.270000010728836
vt 0.799899995326996 0.270700007677078
vt 0.883700013160706 0.266000002622604
vt 0.941799998283386 0.395900011062622
vt 0.960500001907349 0.384400010108948
vt 0.94379997253418 0.379400014877319
vt 0.957199990749359 0.398699998855591
vt 0.930000007152557 0.376599997282028
vt 0.926100015640259 0.393999993801117
vt 0.936200022697449 0.330099999904633
vt 0.776700019836426 0.220300003886223
vt 0.908100008964539 0.217299997806549
vt 0.864400029182434 0.245000004768372
vt 0.923600018024445 0.169300004839897
vt 0.910799980163574 0.155300006270409
vt 0.912599980831146 0.172700002789497
vt 0.922599971294403 0.151999995112419
vt 0.901000022888184 0.175200000405312
vt 0.87720000743866 0.205300003290176
vt 0.891300022602081 0.203500002622604
vt 0.862800002098083 0.224299997091293
vt 0.861699998378754 0.206599995493889
vt 0.906700015068054 0.201700001955032
vt 0.903800010681152 0.188500002026558
vt 0.91619998216629 0.18639999628067
vt 0.926199972629547 0.18350000679493
vt 0.979499995708466 0.362100005149841
vt 0.993799984455109 0.348100006580353
vt 0.94980001449585 0.252900004386902
vt 0.941699981689453 0.232600003480911
vt 0.959100008010864 0.27590000629425
vt 0.779399991035461 0.203199997544289
vt 0.786400020122528 0.156900003552437
vt 0.753400027751923 0.378100007772446
vt 0.746599972248077 0.369500011205673
vt 0.95169997215271 0.424800008535385
vt 0.940299987792969 0.413500010967255
vt 0.938300013542175 0.424800008535385
vt 0.954299986362457 0.415199995040894
vt 0.869000017642975 0.400700002908707
vt 0.870299994945526 0.424800008535385
vt 0.913999974727631 0.357600003480911
vt 0.890900015830994 0.362199991941452
vt 0.872200012207031 0.365399986505508
vt 0.908500015735626 0.395799994468689
vt 0.100299999117851 0.0636999979615211
vt 0.0841000005602837 0.0266999993473291
vt 0.0838000029325485 0.0640000030398369
vt 0.10080000013113 0.0263000000268221
vt 0.14360000193119 0.0249000005424023
vt 0.144400000572205 0.0623999983072281
vt 0.159299999475479 0.023700000718236
vt 0.159299999475479 0.0612999983131886
vt 0.0513000003993511 0.064300000667572
vt 0.0670000016689301 0.0266999993473291
vt 0.0515000000596046 0.0258000008761883
vt 0.0674000009894371 0.064300000667572
vt 0.130700007081032 0.062899999320507
vt 0.12950000166893 0.0254999995231628
vt 0.00529999984428287 0.023700000718236
vt 0.0198999997228384 0.063000001013279
vt 0.0207000002264977 0.025000000372529
vt 0.00529999984428287 0.0612999983131886
vt 0.0943000018596649 0.283399999141693
vt 0.11259999871254 0.285899996757507
vt 0.109300002455711 0.276300013065338
vt 0.0966999977827072 0.295800000429153
vt 0.115599997341633 0.025900000706315
vt 0.115500003099442 0.0635000020265579
vt 0.00529999984428287 0.00689999992027879
vt 0.0230999998748302 0.00689999992027879
vt 0.142000004649162 0.00689999992027879
vt 0.1283999979496 0.00689999992027879
vt 0.114799998700619 0.00689999992027879
vt 0.100599996745586 0.00689999992027879
vt 0.0822999998927116 0.00689999992027879
vt 0.0681999996304512 0.00689999992027879
vt 0.0518999993801117 0.00689999992027879
vt 0.0825000032782555 0.106200002133846
vt 0.0988999977707863 0.10639999806881
vt 0.066200003027916 0.106200002133846
vt 0.0509000010788441 0.106200002133846
vt 0.0355999991297722 0.106200002133846
vt 0.0351000018417835 0.129399999976158
vt 0.0498999990522861 0.129299998283386
vt 0.128199994564056 0.106700003147125
vt 0.143500000238419 0.105800002813339
vt 0.159299999475479 0.128199994564056
vt 0.142900004982948 0.129899993538857
vt 0.159299999475479 0.104500003159046
vt 0.11370000243187 0.106899999082088
vt 0.0198999997228384 0.105700001120567
vt 0.00529999984428287 0.104500003159046
vt 0.0650999993085861 0.12899999320507
vt 0.0355000011622906 0.0637999996542931
vt 0.0200999993830919 0.12890000641346
vt 0.127000004053116 0.130899995565414
vt 0.0931999981403351 0.27020001411438
vt 0.107799999415874 0.264699995517731
vt 0.0159000009298325 0.269699990749359
vt 0.0288999993354082 0.266400009393692
vt 0.0171000007539988 0.260399997234344
vt 0.0271000005304813 0.279399991035461
vt 0.0362999998033047 0.025000000372529
vt 0.0377000011503696 0.00689999992027879
vt 0.159299999475479 0.00689999992027879
vt 0.00529999984428287 0.128199994564056
vt 0.0143999997526407 0.277399986982346
vt 0.0230999998748302 0.288500010967255
vt 0.123599998652935 0.271499991416931
vt 0.123099997639656 0.260800004005432
vt 0.00529999984428287 0.252000004053116
vt 0.00529999984428287 0.259400010108948
vt 0.00529999984428287 0.265100002288818
vt 0.141800001263618 0.275099992752075
vt 0.159299999475479 0.260899990797043
vt 0.139300003647804 0.271299988031387
vt 0.159299999475479 0.265899986028671
vt 0.930299997329712 0.0102000003680587
vt 0.939499974250793 0.0218000002205372
vt 0.937399983406067 0.00839999970048666
vt 0.930599987506866 0.0236000008881092
vt 0.922299981117249 0.0121999997645617
vt 0.922399997711182 0.0240000002086163
vt 0.958599984645844 0.00289999996311963
vt 0.960900008678436 0.0120999999344349
vt 0.964200019836426 0.00820000004023314
vt 0.95279997587204 0.00439999997615814
vt 0.979499995708466 0.130400002002716
vt 0.979499995708466 0.117700003087521
vt 0.972899973392487 0.128700003027916
vt 0.984899997711182 0.122800000011921
vt 0.971800029277802 0.110699996352196
vt 0.965099990367889 0.123000003397465
vt 0.917100012302399 0.0456000007688999
vt 0.922800004482269 0.0529000014066696
vt 0.922800004482269 0.0456000007688999
vt 0.918099999427795 0.0529000014066696
vt 0.967100024223328 0.034400001168251
vt 0.976000010967255 0.0394000001251698
vt 0.972800016403198 0.032600000500679
vt 0.970200002193451 0.0428000018000603
vt 0.932200014591217 0.0362000018358231
vt 0.942700028419495 0.0373000018298626
vt 0.923799991607666 0.0364999994635582
vt 0.91509997844696 0.033500000834465
vt 0.914699971675873 0.0233999993652105
vt 0.966400027275085 0.00400000018998981
vt 0.971000015735626 0.0124000003561378
vt 0.974799990653992 0.00630000000819564
vt 0.966600000858307 0.0166999995708466
vt 0.980599999427795 0.103699997067451
vt 0.985899984836578 0.109300002455711
vt 0.948599994182587 0.0194000005722046
vt 0.952199995517731 0.0320000015199184
vt 0.981599986553192 0.011400000192225
vt 0.978299975395203 0.016499999910593
vt 0.974200010299683 0.0218000002205372
vt 0.98360002040863 0.0232999995350838
vt 0.989300012588501 0.0212999992072582
vt 0.985300004482269 0.0196000002324581
vt 0.988399982452393 0.0243999995291233
vt 0.994000017642975 0.0200999993830919
vt 0.992699980735779 0.0227000005543232
vt 0.988699972629547 0.0162000004202127
vt 0.991800010204315 0.0247000008821487
vt 0.944199979305267 0.0996000021696091
vt 0.940199971199036 0.095100000500679
vt 0.93970000743866 0.0980999991297722
vt 0.946699976921082 0.096500001847744
vt 0.996399998664856 0.023700000718236
vt 0.994599997997284 0.0243999995291233
vt 0.993499994277954 0.0254999995231628
vt 0.936100006103516 0.0970999971032143
vt 0.935999989509583 0.0949999988079071
vt 0.937900006771088 0.101199999451637
vt 0.93529999256134 0.0989999994635582
vt 0.931999981403351 0.0590999983251095
vt 0.936500012874603 0.0656000003218651
vt 0.933700025081635 0.0579000003635883
vt 0.933499991893768 0.069300003349781
vt 0.963699996471405 0.0570000000298023
vt 0.966499984264374 0.0557000003755093
vt 0.962300002574921 0.0520999990403652
vt 0.964900016784668 0.0581000000238419
vt 0.977999985218048 0.0485999993979931
vt 0.973299980163574 0.0505999997258186
vt 0.926199972629547 0.0593000017106533
vt 0.927100002765656 0.0533999986946583
vt 0.922599971294403 0.0597000010311604
vt 0.931500017642975 0.0571000017225742
vt 0.929199993610382 0.0601000003516674
vt 0.96670001745224 0.0623999983072281
vt 0.969500005245209 0.0617000013589859
vt 0.972800016403198 0.0608000010251999
vt 0.969299972057343 0.0527000017464161
vt 0.980700016021729 0.061099998652935
vt 0.976499974727631 0.0606000013649464
vt 0.941399991512299 0.129099994897842
vt 0.936600029468536 0.135299995541573
vt 0.944100022315979 0.131400004029274
vt 0.939300000667572 0.13740000128746
vt 0.974900007247925 0.0694999992847443
vt 0.971700012683868 0.0698999986052513
vt 0.978200018405914 0.0692000016570091
vt 0.973399996757507 0.0766000002622604
vt 0.976000010967255 0.0764999985694885
vt 0.978600025177002 0.0762000009417534
vt 0.935199975967407 0.142299994826317
vt 0.93010002374649 0.143800005316734
vt 0.931699991226196 0.145699992775917
vt 0.932900011539459 0.14020000398159
vt 0.938300013542175 0.0728000029921532
vt 0.935500025749207 0.0745000019669533
vt 0.941100001335144 0.0714000016450882
vt 0.939899981021881 0.0637999996542931
vt 0.943700015544891 0.064300000667572
vt 0.947000026702881 0.0710000023245811
vt 0.947099983692169 0.065200001001358
vt 0.944000005722046 0.0709000006318092
vt 0.963199973106384 0.144099995493889
vt 0.957099974155426 0.148000001907349
vt 0.959999978542328 0.150000005960464
vt 0.960300028324127 0.142199993133545
vt 0.939899981021881 0.0800999999046326
vt 0.942600011825562 0.0791999995708466
vt 0.94539999961853 0.0782999992370605
vt 0.944000005722046 0.0851999968290329
vt 0.941799998283386 0.0860999971628189
vt 0.946399986743927 0.0844999998807907
vt 0.948899984359741 0.0843999981880188
vt 0.948300004005432 0.0778999999165535
vt 0.972400009632111 0.143800005316734
vt 0.96780002117157 0.146599993109703
vt 0.970099985599518 0.148200005292892
vt 0.969900012016296 0.142199993133545
vt 0.920199990272522 0.068400003015995
vt 0.924300014972687 0.0722000002861023
vt 0.923200011253357 0.0662999972701073
vt 0.921899974346161 0.0733999982476234
vt 0.925800025463104 0.0649999976158142
vt 0.926400005817413 0.0710999965667725
vt 0.928600013256073 0.070200003683567
vt 0.928300023078918 0.0644999966025352
vt 0.967899978160858 0.152199998497963
vt 0.965900003910065 0.150700002908707
vt 0.923799991607666 0.0778999999165535
vt 0.925599992275238 0.0767000019550323
vt 0.927200019359589 0.0758000016212463
vt 0.929000020027161 0.0750999972224236
vt 0.966300010681152 0.154699996113777
vt 0.964200019836426 0.153899997472763
vt 0.948099970817566 0.0637999996542931
vt 0.954200029373169 0.0696000009775162
vt 0.951399981975555 0.0626000016927719
vt 0.951900005340576 0.0727000012993813
vt 0.957400023937225 0.0684999972581863
vt 0.954999983310699 0.060699999332428
vt 0.959399998188019 0.0604000017046928
vt 0.964800000190735 0.068400003015995
vt 0.96340000629425 0.0599999986588955
vt 0.961000025272369 0.0681999996304512
vt 0.956099987030029 0.0784000009298325
vt 0.95990002155304 0.0781000033020973
vt 0.963299989700317 0.0772000029683113
vt 0.945900022983551 0.13680000603199
vt 0.944500029087067 0.145600005984306
vt 0.949000000953674 0.138999998569489
vt 0.941600024700165 0.143800005316734
vt 0.943300008773804 0.153300002217293
vt 0.947000026702881 0.147900000214577
vt 0.940900027751923 0.150999993085861
vt 0.961700022220612 0.0852999985218048
vt 0.958999991416931 0.0859000012278557
vt 0.964399993419647 0.0846000015735626
vt 0.938300013542175 0.154899999499321
vt 0.939999997615814 0.156900003552437
vt 0.955399990081787 0.100000001490116
vt 0.952300012111664 0.103399999439716
vt 0.948099970817566 0.101199999451637
vt 0.955699980258942 0.106700003147125
vt 0.949899971485138 0.107100002467632
vt 0.951099991798401 0.110299997031689
vt 0.943099975585938 0.103200003504753
vt 0.95990002155304 0.135000005364418
vt 0.966499984264374 0.130999997258186
vt 0.961099982261658 0.130500003695488
vt 0.96340000629425 0.136700004339218
vt 0.954200029373169 0.153400003910065
vt 0.951499998569489 0.151600003242493
vt 0.954200029373169 0.145999997854233
vt 0.930800020694733 0.0608999989926815
vt 0.9307000041008 0.0644000023603439
vt 0.930999994277954 0.0700000002980232
vt 0.930999994277954 0.0751999989151955
vt 0.972599983215332 0.135299995541573
vt 0.969399988651276 0.135600000619888
vt 0.968500018119812 0.137799993157387
vt 0.971300005912781 0.138799995183945
vt 0.957599997520447 0.125699996948242
vt 0.949599981307983 0.129099994897842
vt 0.953599989414215 0.132200002670288
vt 0.951900005340576 0.124600000679493
vt 0.946699976921082 0.104900002479553
vt 0.97350001335144 0.0300999991595745
vt 0.975000023841858 0.0324999988079071
vt 0.977500021457672 0.0292000006884336
vt 0.978500008583069 0.0324000008404255
vt 0.945599973201752 0.124099999666214
vt 0.948199987411499 0.126800000667572
vt 0.951799988746643 0.142100006341934
vt 0.957899987697601 0.134800001978874
vt 0.957400023937225 0.14020000398159
vt 0.94489997625351 0.0063999998383224
vt 0.938700020313263 0.127100005745888
vt 0.933799982070923 0.133300006389618
vt 0.93010002374649 0.138600006699562
vt 0.927799999713898 0.142800003290176
vt 0.942700028419495 0.121799997985363
vt 0.937900006771088 0.149599999189377
vt 0.935800015926361 0.154100000858307
vt 0.966400027275085 0.138999998569489
vt 0.956799983978271 0.155200004577637
vt 0.963800013065338 0.149599999189377
vt 0.96560001373291 0.145300000905991
vt 0.962700009346008 0.152199998497963
vt 0.992900013923645 0.101499997079372
vt 0.990499973297119 0.11429999768734
vt 0.996800005435944 0.105099998414516
vt 0.988499999046326 0.0970000028610229
vt 0.918299973011017 0.0608000010251999
vt 0.954100012779236 0.158700004220009
vt 0.952099978923798 0.157100006937981
vt 0.963100016117096 0.107400000095367
vt 0.964299976825714 0.0983999967575073
vt 0.957000017166138 0.118199996650219
vt 0.946099996566772 0.116999998688698
vt 0.949899971485138 0.119800001382828
vt 0.968699991703033 0.0706000030040741
vt 0.981700003147125 0.0689999982714653
vt 0.974200010299683 0.0808999985456467
vt 0.974900007247925 0.0793000012636185
vt 0.970600008964539 0.0772000029683113
vt 0.937300026416779 0.0812000036239624
vt 0.93970000743866 0.0874999985098839
vt 0.946099996566772 0.0877000018954277
vt 0.947200000286102 0.0891000032424927
vt 0.930000007152557 0.0781999975442886
vt 0.928900003433228 0.0775000005960464
vt 0.96670001745224 0.0763999968767166
vt 0.953400015830994 0.0804999992251396
vt 0.956200003623962 0.0866999998688698
vt 0.967599987983704 0.0839999988675117
vt 0.926999986171722 0.0458999983966351
vt 0.9617999792099 0.0384000018239021
vt 0.965300023555756 0.0458999983966351
vt 0.932699978351593 0.0483999997377396
vt 0.97790002822876 0.0791999995708466
vt 0.979300022125244 0.0807000026106834
vt 0.981500029563904 0.0759999975562096
vt 0.960099995136261 0.0901999995112419
vt 0.960799992084503 0.0883999988436699
vt 0.965300023555756 0.0891000032424927
vt 0.963900029659271 0.0877000018954277
vt 0.943400025367737 0.0886000022292137
vt 0.943300008773804 0.0904999971389771
vt 0.925999999046326 0.0797000005841255
vt 0.926500022411346 0.0785999968647957
vt 0.95169997215271 0.11370000243187
vt 0.976199984550476 0.13629999756813
vt 0.976000010967255 0.0265999995172024
vt 0.970600008964539 0.0283000003546476
vt 0.94980001449585 0.155900001525879
vt 0.974300026893616 0.14020000398159
vt 0.914499998092651 0.0142000000923872
vt 0.983699977397919 0.0922999978065491
vt 0.976000010967255 0.0980999991297722
vt 0.967299997806549 0.140799999237061
vt 0.968999981880188 0.103000000119209
vt 0.238800004124641 0.976100027561188
vt 0.222800001502037 0.966600000858307
vt 0.22409999370575 0.976599991321564
vt 0.238900005817413 0.965699970722198
vt 0.207699999213219 0.978500008583069
vt 0.20550000667572 0.967999994754791
vt 0.00540000014007092 0.955900013446808
vt 0.0208999998867512 0.960099995136261
vt 0.0219000000506639 0.946900010108948
vt 0.00540000014007092 0.942499995231628
vt 0.23870000243187 0.988499999046326
vt 0.224700003862381 0.987600028514862
vt 0.208399996161461 0.987600028514862
vt 0.0361000001430511 0.953800022602081
vt 0.0355000011622906 0.967999994754791
vt 0.0203000009059906 0.967000007629395
vt 0.0329000018537045 0.976100027561188
vt 0.0873000025749207 0.678600013256073
vt 0.108599998056889 0.645099997520447
vt 0.0879999995231628 0.645099997520447
vt 0.109499998390675 0.680499970912933
vt 0.066600002348423 0.677200019359589
vt 0.0683000013232231 0.645099997520447
vt 0.13060000538826 0.645099997520447
vt 0.13459999859333 0.68120002746582
vt 0.23870000243187 0.67519998550415
vt 0.220300003886223 0.645099997520447
vt 0.213300004601479 0.676400005817413
vt 0.23870000243187 0.645099997520447
vt 0.00540000014007092 0.67849999666214
vt 0.0395999997854233 0.645099997520447
vt 0.00540000014007092 0.645099997520447
vt 0.0381999984383583 0.677200019359589
vt 0.0851999968290329 0.792800009250641
vt 0.061099998652935 0.816100001335144
vt 0.0844999998807907 0.819400012493134
vt 0.061599999666214 0.789900004863739
vt 0.23870000243187 0.814599990844727
vt 0.198699995875359 0.792999982833862
vt 0.197500005364418 0.818499982357025
vt 0.23870000243187 0.793099999427795
vt 0.136099994182587 0.741400003433228
vt 0.162000000476837 0.766700029373169
vt 0.162400007247925 0.740599989891052
vt 0.136000007390976 0.767899990081787
vt 0.109600000083447 0.766099989414215
vt 0.110600002110004 0.794700026512146
vt 0.0841000005602837 0.763999998569489
vt 0.00540000014007092 0.870100021362305
vt 0.0335999988019466 0.842400014400482
vt 0.00540000014007092 0.840399980545044
vt 0.0310999993234873 0.871100008487701
vt 0.0644999966025352 0.707300007343292
vt 0.0861999988555908 0.709699988365173
vt 0.0621999986469746 0.761500000953674
vt 0.00540000014007092 0.759800016880035
vt 0.0357999987900257 0.759199976921082
vt 0.0364000014960766 0.732699990272522
vt 0.00540000014007092 0.733799993991852
vt 0.220799997448921 0.950299978256226
vt 0.238800004124641 0.94080001115799
vt 0.219099998474121 0.941500008106232
vt 0.238800004124641 0.94980001449585
vt 0.0236000008881092 0.935899972915649
vt 0.00540000014007092 0.932200014591217
vt 0.0362999998033047 0.706499993801117
vt 0.109700001776218 0.740499973297119
vt 0.0847000032663345 0.737900018692017
vt 0.10980000346899 0.712300002574921
vt 0.13629999756813 0.713599979877472
vt 0.0631999969482422 0.735099971294403
vt 0.110100001096725 0.821300029754639
vt 0.0342000015079975 0.787500023841858
vt 0.00540000014007092 0.786899983882904
vt 0.00540000014007092 0.706399977207184
vt 0.238800004124641 0.957599997520447
vt 0.221699997782707 0.958299994468689
vt 0.23870000243187 0.879899978637695
vt 0.198400005698204 0.862999975681305
vt 0.198500007390976 0.884599983692169
vt 0.23870000243187 0.85860002040863
vt 0.136399999260902 0.796199977397919
vt 0.134399995207787 0.823599994182587
vt 0.192300006747246 0.906899988651276
vt 0.158999994397163 0.886500000953674
vt 0.153500005602837 0.907599985599518
vt 0.0342000015079975 0.813499987125397
vt 0.00540000014007092 0.811900019645691
vt 0.23870000243187 0.913999974727631
vt 0.217299997806549 0.933099985122681
vt 0.23870000243187 0.92960000038147
vt 0.213499993085861 0.919700026512146
vt 0.0412999987602234 0.934300005435944
vt 0.0526000000536442 0.943000018596649
vt 0.0571000017225742 0.934800028800964
vt 0.0443000011146069 0.926100015640259
vt 0.204199999570847 0.959999978542328
vt 0.23870000243187 0.899100005626678
vt 0.160899996757507 0.866400003433228
vt 0.200100004673004 0.764699995517731
vt 0.23870000243187 0.760800004005432
vt 0.161500006914139 0.796299993991852
vt 0.160099998116493 0.822499990463257
vt 0.160799995064735 0.679199993610382
vt 0.155300006270409 0.645099997520447
vt 0.162400007247925 0.712000012397766
vt 0.23870000243187 0.732599973678589
vt 0.201100006699562 0.709100008010864
vt 0.200800001621246 0.738600015640259
vt 0.23870000243187 0.704500019550323
vt 0.0277999993413687 0.906899988651276
vt 0.00540000014007092 0.896399974822998
vt 0.00540000014007092 0.906300008296967
vt 0.0308999996632338 0.897700011730194
vt 0.184900000691414 0.931800007820129
vt 0.175799995660782 0.94870001077652
vt 0.193599998950958 0.937900006771088
vt 0.168699994683266 0.945900022983551
vt 0.130700007081032 0.886099994182587
vt 0.127100005745888 0.902999997138977
vt 0.130199998617172 0.871299982070923
vt 0.00540000014007092 0.915799975395203
vt 0.0263000000268221 0.918299973011017
vt 0.00540000014007092 0.923699975013733
vt 0.0245999991893768 0.926800012588501
vt 0.197699993848801 0.838800013065338
vt 0.23870000243187 0.833400011062622
vt 0.158999994397163 0.845499992370605
vt 0.203099995851517 0.952300012111664
vt 0.199599996209145 0.945200026035309
vt 0.0388999991118908 0.943000018596649
vt 0.0507999993860722 0.950900018215179
vt 0.181199997663498 0.953400015830994
vt 0.0913999974727631 0.901199996471405
vt 0.0764999985694885 0.884299993515015
vt 0.0802000015974045 0.903800010681152
vt 0.0856999978423119 0.884299993515015
vt 0.89139997959137 0.424800008535385
vt 0.786899983882904 0.390100002288818
vt 0.944700002670288 0.355500012636185
vt 0.76910001039505 0.424800008535385
vt 0.79449999332428 0.424800008535385
vt 0.762000024318695 0.397399991750717
vt 0.91049998998642 0.377900004386902
vt 0.890399992465973 0.381599992513657
vt 0.871100008487701 0.379400014877319
vt 0.967000007629395 0.373299986124039
vt 0.890399992465973 0.404799997806549
vt 0.140100002288818 0.259200006723404
vt 0.126499995589256 0.27810001373291
vt 0.159299999475479 0.256000012159348
vt 0.958999991416931 0.0182000007480383
vt 0.99210000038147 0.0297999996691942
vt 0.99099999666214 0.0265999995172024
vt 0.983699977397919 0.0273000001907349
vt 0.939199984073639 0.0560999996960163
vt 0.944999992847443 0.0584999993443489
vt 0.947300016880035 0.0644999966025352
vt 0.95279997587204 0.0537000000476837
vt 0.947499990463257 0.0586999990046024
vt 0.959999978542328 0.0542999990284443
vt 0.96069997549057 0.0294000003486872
vt 0.944599986076355 0.0485999993979931
vt 0.949500024318695 0.0450000017881393
vt 0.939199984073639 0.046900000423193
vt 0.947300016880035 0.112800002098083
vt 0.947799980640411 0.110200002789497
vt 0.966400027275085 0.0249000005424023
vt 0.986500024795532 0.0310999993234873
vt 0.982500016689301 0.031700000166893
vt 0.99370002746582 0.0269000008702278
vt 0.995100021362305 0.0274999998509884
vt 0.995000004768372 0.0255999993532896
vt 0.945200026035309 0.089699998497963
vt 0.928300023078918 0.0803999975323677
vt 0.962700009346008 0.089599996805191
vt 0.976700007915497 0.0807000026106834
vt 0.956799983978271 0.0438000001013279
vt 0.996999979019165 0.0260000005364418
vt 0.962400019168854 0.0882000029087067
vt 0.963199973106384 0.091899998486042
vt 0.976899981498718 0.0825999975204468
vt 0.945900022983551 0.0913999974727631
vt 0.97869998216629 0.0878000035881996
vt 0.972199976444244 0.0935000032186508
vt 0.976499974727631 0.0794000029563904
vt 0.944700002670288 0.088299997150898
vt 0.927699983119965 0.0782999992370605
vt 0.00540000014007092 0.95959997177124
vt 0.00540000014007092 0.96289998292923
vt 0.0432000011205673 0.984099984169006
vt 0.0542000010609627 0.97869998216629
vt 0.0527000017464161 0.970300018787384
vt 0.0509999990463257 0.960600018501282
vt 0.185900002717972 0.96560001373291
vt 0.187099993228912 0.972800016403198
vt 0.187299996614456 0.980400025844574
vt 0.186599999666214 0.994000017642975
vt 0.0573999993503094 0.99210000038147
vt 0.187199994921684 0.677699983119965
vt 0.174999997019768 0.645099997520447
vt 0.0603000000119209 0.844900012016296
vt 0.0847999975085258 0.84909999370575
vt 0.099200002849102 0.858500003814697
vt 0.109300002455711 0.846099972724915
vt 0.183699995279312 0.957899987697601
vt 0.058899998664856 0.874899983406067
vt 0.0786999985575676 0.866500020027161
vt 0.0658999979496002 0.929300010204315
vt 0.0507000014185905 0.91839998960495
vt 0.0754000023007393 0.925100028514862
vt 0.110399998724461 0.855099976062775
vt 0.125699996948242 0.857299983501434
vt 0.157100006937981 0.943499982357025
vt 0.0606000013649464 0.906899988651276
vt 0.197400003671646 0.645099997520447
vt 0.0939000025391579 0.868799984455109
vt 0.196099996566772 0.996599972248077
vt 0.165800005197525 0.926699995994568
vt 0.834200024604797 0.424800008535385
vt 0.8507000207901 0.395599991083145
vt 0.851599991321564 0.424800008535385
vt 0.832599997520447 0.391299992799759
vt 0.907999992370605 0.424800008535385
vt 0.924700021743774 0.410600006580353
vt 0.92220002412796 0.424800008535385
vt 0.908999979496002 0.410600006580353
vt 0.818000018596649 0.424800008535385
vt 0.813700020313263 0.388000011444092
vt 0.813300013542175 0.359600007534027
vt 0.832300007343292 0.333000004291534
vt 0.832599997520447 0.362899988889694
vt 0.814199984073639 0.330799996852875
vt 0.795000016689301 0.326499998569489
vt 0.815199971199036 0.301499992609024
vt 0.797800004482269 0.297800004482269
vt 0.909900009632111 0.312900006771088
vt 0.887600004673004 0.29339998960495
vt 0.904799997806549 0.287600010633469
vt 0.891700029373169 0.319900006055832
vt 0.76910001039505 0.26129999756813
vt 0.786899983882904 0.243499994277954
vt 0.784300029277802 0.266600012779236
vt 0.773800015449524 0.239700004458427
vt 0.83270001411438 0.225899994373322
vt 0.847299993038177 0.247500002384186
vt 0.831799983978271 0.248600006103516
vt 0.847899973392487 0.225700005888939
vt 0.917500019073486 0.257600009441376
vt 0.896000027656555 0.238399997353554
vt 0.911499977111816 0.235799998044968
vt 0.900099992752075 0.261500000953674
vt 0.878700017929077 0.221799999475479
vt 0.893100023269653 0.218999996781349
vt 0.880599975585938 0.241799995303154
vt 0.831399977207184 0.274300009012222
vt 0.831700026988983 0.303000003099442
vt 0.81580001115799 0.273400008678436
vt 0.801400005817413 0.246299996972084
vt 0.816799998283386 0.225299999117851
vt 0.816600024700165 0.247999995946884
vt 0.80239999294281 0.224500000476837
vt 0.927299976348877 0.234400004148483
vt 0.933499991893768 0.255499988794327
vt 0.940999984741211 0.279199987649918
vt 0.924199998378754 0.282299995422363
vt 0.780099987983704 0.292499989271164
vt 0.763000011444092 0.285800009965897
vt 0.850600004196167 0.331900000572205
vt 0.851899981498718 0.365900009870529
vt 0.770799994468689 0.345699995756149
vt 0.791899979114532 0.354699999094009
vt 0.775499999523163 0.320100009441376
vt 0.956700026988983 0.325100004673004
vt 0.968200027942657 0.299699991941452
vt 0.97680002450943 0.320899993181229
vt 0.948800027370453 0.303400009870529
vt 0.817200005054474 0.206000000238419
vt 0.833599984645844 0.189500004053116
vt 0.832400023937225 0.206599995493889
vt 0.819100022315979 0.189099997282028
vt 0.848200023174286 0.190599992871284
vt 0.848900020122528 0.174099996685982
vt 0.861100018024445 0.1908999979496
vt 0.86080002784729 0.175400003790855
vt 0.847800016403198 0.206900000572205
vt 0.876200020313263 0.190500006079674
vt 0.887399971485138 0.176599994301796
vt 0.889400005340576 0.190200001001358
vt 0.874300003051758 0.175899997353554
vt 0.835099995136261 0.172700002789497
vt 0.806400001049042 0.188999995589256
vt 0.808799982070923 0.172600001096725
vt 0.821300029754639 0.17229999601841
vt 0.804000020027161 0.205799996852875
vt 0.788999974727631 0.222800001502037
vt 0.791299998760223 0.204899996519089
vt 0.785000026226044 0.173899993300438
vt 0.793900012969971 0.188999995589256
vt 0.782599985599518 0.188400000333786
vt 0.796599984169006 0.173299998044968
vt 0.885800004005432 0.158999994397163
vt 0.899200022220612 0.157900005578995
vt 0.872900009155273 0.158399999141693
vt 0.847899973392487 0.156100004911423
vt 0.860000014305115 0.157499998807907
vt 0.835500001907349 0.154300004243851
vt 0.822499990463257 0.153799995779991
vt 0.810000002384186 0.154400005936623
vt 0.797999978065491 0.155799999833107
vt 0.972699999809265 0.352999985218048
vt 0.990100026130676 0.342599987983704
vt 0.748700022697449 0.360799998044968
vt 0.764400005340576 0.371300011873245
vt 0.753199994564056 0.335799992084503
vt 0.873399972915649 0.351000010967255
vt 0.871299982070923 0.326799988746643
vt 0.893999993801117 0.342799991369247
vt 0.922299981117249 0.216000005602837
vt 0.930400013923645 0.197799995541573
vt 0.935400009155273 0.214200004935265
vt 0.919399976730347 0.200200006365776
vt 0.914499998092651 0.335799992084503
vt 0.848699986934662 0.301699995994568
vt 0.75739997625351 0.311800003051758
vt 0.930299997329712 0.307000011205673
vt 0.868399977684021 0.298400014638901
vt 0.847400009632111 0.273099988698959
vt 0.866100013256073 0.270000010728836
vt 0.799899995326996 0.270700007677078
vt 0.883700013160706 0.266000002622604
vt 0.941799998283386 0.395900011062622
vt 0.94379997253418 0.379400014877319
vt 0.930000007152557 0.376599997282028
vt 0.926100015640259 0.393999993801117
vt 0.936200022697449 0.330099999904633
vt 0.776700019836426 0.220300003886223
vt 0.908100008964539 0.217299997806549
vt 0.864400029182434 0.245000004768372
vt 0.912599980831146 0.172700002789497
vt 0.910799980163574 0.155300006270409
vt 0.923600018024445 0.169300004839897
vt 0.922599971294403 0.151999995112419
vt 0.901000022888184 0.175200000405312
vt 0.87720000743866 0.205300003290176
vt 0.891300022602081 0.203500002622604
vt 0.862800002098083 0.224299997091293
vt 0.861699998378754 0.206599995493889
vt 0.906700015068054 0.201700001955032
vt 0.903800010681152 0.188500002026558
vt 0.91619998216629 0.18639999628067
vt 0.926199972629547 0.18350000679493
vt 0.941699981689453 0.232600003480911
vt 0.94980001449585 0.252900004386902
vt 0.959100008010864 0.27590000629425
vt 0.779399991035461 0.203199997544289
vt 0.786400020122528 0.156900003552437
vt 0.938300013542175 0.424800008535385
vt 0.940299987792969 0.413500010967255
vt 0.869000017642975 0.400700002908707
vt 0.870299994945526 0.424800008535385
vt 0.913999974727631 0.357600003480911
vt 0.890900015830994 0.362199991941452
vt 0.872200012207031 0.365399986505508
vt 0.908500015735626 0.395799994468689
vt 0.100299999117851 0.0636999979615211
vt 0.0841000005602837 0.0266999993473291
vt 0.10080000013113 0.0263000000268221
vt 0.0838000029325485 0.0640000030398369
vt 0.144400000572205 0.0623999983072281
vt 0.159299999475479 0.023700000718236
vt 0.159299999475479 0.0612999983131886
vt 0.14360000193119 0.0249000005424023
vt 0.0513000003993511 0.064300000667572
vt 0.0670000016689301 0.0266999993473291
vt 0.0674000009894371 0.064300000667572
vt 0.0515000000596046 0.0258000008761883
vt 0.130700007081032 0.062899999320507
vt 0.12950000166893 0.0254999995231628
vt 0.0198999997228384 0.063000001013279
vt 0.00529999984428287 0.023700000718236
vt 0.0207000002264977 0.025000000372529
vt 0.00529999984428287 0.0612999983131886
vt 0.0943000018596649 0.283399999141693
vt 0.109300002455711 0.276300013065338
vt 0.11259999871254 0.285899996757507
vt 0.0966999977827072 0.295800000429153
vt 0.115599997341633 0.025900000706315
vt 0.115500003099442 0.0635000020265579
vt 0.00529999984428287 0.00689999992027879
vt 0.0230999998748302 0.00689999992027879
vt 0.142000004649162 0.00689999992027879
vt 0.1283999979496 0.00689999992027879
vt 0.114799998700619 0.00689999992027879
vt 0.100599996745586 0.00689999992027879
vt 0.0822999998927116 0.00689999992027879
vt 0.0681999996304512 0.00689999992027879
vt 0.0518999993801117 0.00689999992027879
vt 0.0988999977707863 0.10639999806881
vt 0.0825000032782555 0.106200002133846
vt 0.066200003027916 0.106200002133846
vt 0.0509000010788441 0.106200002133846
vt 0.0355999991297722 0.106200002133846
vt 0.0498999990522861 0.129299998283386
vt 0.0351000018417835 0.129399999976158
vt 0.128199994564056 0.106700003147125
vt 0.143500000238419 0.105800002813339
vt 0.159299999475479 0.128199994564056
vt 0.159299999475479 0.104500003159046
vt 0.142900004982948 0.129899993538857
vt 0.11370000243187 0.106899999082088
vt 0.00529999984428287 0.104500003159046
vt 0.0198999997228384 0.105700001120567
vt 0.0650999993085861 0.12899999320507
vt 0.0355000011622906 0.0637999996542931
vt 0.0200999993830919 0.12890000641346
vt 0.127000004053116 0.130899995565414
vt 0.0931999981403351 0.27020001411438
vt 0.107799999415874 0.264699995517731
vt 0.0288999993354082 0.266400009393692
vt 0.0159000009298325 0.269699990749359
vt 0.0171000007539988 0.260399997234344
vt 0.0271000005304813 0.279399991035461
vt 0.0377000011503696 0.00689999992027879
vt 0.0362999998033047 0.025000000372529
vt 0.159299999475479 0.00689999992027879
vt 0.00529999984428287 0.128199994564056
vt 0.0143999997526407 0.277399986982346
vt 0.0230999998748302 0.288500010967255
vt 0.123599998652935 0.271499991416931
vt 0.123099997639656 0.260800004005432
vt 0.00529999984428287 0.259400010108948
vt 0.00529999984428287 0.252000004053116
vt 0.00529999984428287 0.265100002288818
vt 0.159299999475479 0.260899990797043
vt 0.141800001263618 0.275099992752075
vt 0.139300003647804 0.271299988031387
vt 0.159299999475479 0.265899986028671
vt 0.930299997329712 0.0102000003680587
vt 0.937399983406067 0.00839999970048666
vt 0.939499974250793 0.0218000002205372
vt 0.930599987506866 0.0236000008881092
vt 0.922299981117249 0.0121999997645617
vt 0.922399997711182 0.0240000002086163
vt 0.958599984645844 0.00289999996311963
vt 0.960900008678436 0.0120999999344349
vt 0.95279997587204 0.00439999997615814
vt 0.964200019836426 0.00820000004023314
vt 0.979499995708466 0.117700003087521
vt 0.979499995708466 0.130400002002716
vt 0.972899973392487 0.128700003027916
vt 0.984899997711182 0.122800000011921
vt 0.965099990367889 0.123000003397465
vt 0.971800029277802 0.110699996352196
vt 0.917100012302399 0.0456000007688999
vt 0.922800004482269 0.0529000014066696
vt 0.918099999427795 0.0529000014066696
vt 0.922800004482269 0.0456000007688999
vt 0.976000010967255 0.0394000001251698
vt 0.970200002193451 0.0428000018000603
vt 0.967100024223328 0.034400001168251
vt 0.972800016403198 0.032600000500679
vt 0.932200014591217 0.0362000018358231
vt 0.942700028419495 0.0373000018298626
vt 0.91509997844696 0.033500000834465
vt 0.914699971675873 0.0233999993652105
vt 0.923799991607666 0.0364999994635582
vt 0.971000015735626 0.0124000003561378
vt 0.966400027275085 0.00400000018998981
vt 0.974799990653992 0.00630000000819564
vt 0.966600000858307 0.0166999995708466
vt 0.980599999427795 0.103699997067451
vt 0.985899984836578 0.109300002455711
vt 0.948599994182587 0.0194000005722046
vt 0.952199995517731 0.0320000015199184
vt 0.981599986553192 0.011400000192225
vt 0.978299975395203 0.016499999910593
vt 0.974200010299683 0.0218000002205372
vt 0.98360002040863 0.0232999995350838
vt 0.989300012588501 0.0212999992072582
vt 0.988399982452393 0.0243999995291233
vt 0.985300004482269 0.0196000002324581
vt 0.988699972629547 0.0162000004202127
vt 0.994000017642975 0.0200999993830919
vt 0.992699980735779 0.0227000005543232
vt 0.991800010204315 0.0247000008821487
vt 0.944199979305267 0.0996000021696091
vt 0.940199971199036 0.095100000500679
vt 0.946699976921082 0.096500001847744
vt 0.93970000743866 0.0980999991297722
vt 0.996399998664856 0.023700000718236
vt 0.994599997997284 0.0243999995291233
vt 0.993499994277954 0.0254999995231628
vt 0.936100006103516 0.0970999971032143
vt 0.935999989509583 0.0949999988079071
vt 0.93529999256134 0.0989999994635582
vt 0.937900006771088 0.101199999451637
vt 0.933499991893768 0.069300003349781
vt 0.931999981403351 0.0590999983251095
vt 0.936500012874603 0.0656000003218651
vt 0.933700025081635 0.0579000003635883
vt 0.963699996471405 0.0570000000298023
vt 0.962300002574921 0.0520999990403652
vt 0.966499984264374 0.0557000003755093
vt 0.964900016784668 0.0581000000238419
vt 0.977999985218048 0.0485999993979931
vt 0.973299980163574 0.0505999997258186
vt 0.927100002765656 0.0533999986946583
vt 0.926199972629547 0.0593000017106533
vt 0.922599971294403 0.0597000010311604
vt 0.931500017642975 0.0571000017225742
vt 0.929199993610382 0.0601000003516674
vt 0.96670001745224 0.0623999983072281
vt 0.969500005245209 0.0617000013589859
vt 0.972800016403198 0.0608000010251999
vt 0.969299972057343 0.0527000017464161
vt 0.976499974727631 0.0606000013649464
vt 0.980700016021729 0.061099998652935
vt 0.944100022315979 0.131400004029274
vt 0.936600029468536 0.135299995541573
vt 0.941399991512299 0.129099994897842
vt 0.939300000667572 0.13740000128746
vt 0.974900007247925 0.0694999992847443
vt 0.971700012683868 0.0698999986052513
vt 0.978200018405914 0.0692000016570091
vt 0.973399996757507 0.0766000002622604
vt 0.976000010967255 0.0764999985694885
vt 0.978600025177002 0.0762000009417534
vt 0.935199975967407 0.142299994826317
vt 0.93010002374649 0.143800005316734
vt 0.932900011539459 0.14020000398159
vt 0.931699991226196 0.145699992775917
vt 0.938300013542175 0.0728000029921532
vt 0.935500025749207 0.0745000019669533
vt 0.939899981021881 0.0637999996542931
vt 0.941100001335144 0.0714000016450882
vt 0.947000026702881 0.0710000023245811
vt 0.943700015544891 0.064300000667572
vt 0.947099983692169 0.065200001001358
vt 0.944000005722046 0.0709000006318092
vt 0.960300028324127 0.142199993133545
vt 0.963199973106384 0.144099995493889
vt 0.957099974155426 0.148000001907349
vt 0.959999978542328 0.150000005960464
vt 0.939899981021881 0.0800999999046326
vt 0.942600011825562 0.0791999995708466
vt 0.94539999961853 0.0782999992370605
vt 0.944000005722046 0.0851999968290329
vt 0.941799998283386 0.0860999971628189
vt 0.946399986743927 0.0844999998807907
vt 0.948899984359741 0.0843999981880188
vt 0.948300004005432 0.0778999999165535
vt 0.972400009632111 0.143800005316734
vt 0.96780002117157 0.146599993109703
vt 0.969900012016296 0.142199993133545
vt 0.970099985599518 0.148200005292892
vt 0.924300014972687 0.0722000002861023
vt 0.920199990272522 0.068400003015995
vt 0.923200011253357 0.0662999972701073
vt 0.921899974346161 0.0733999982476234
vt 0.925800025463104 0.0649999976158142
vt 0.926400005817413 0.0710999965667725
vt 0.928600013256073 0.070200003683567
vt 0.928300023078918 0.0644999966025352
vt 0.967899978160858 0.152199998497963
vt 0.965900003910065 0.150700002908707
vt 0.925599992275238 0.0767000019550323
vt 0.923799991607666 0.0778999999165535
vt 0.927200019359589 0.0758000016212463
vt 0.929000020027161 0.0750999972224236
vt 0.966300010681152 0.154699996113777
vt 0.964200019836426 0.153899997472763
vt 0.948099970817566 0.0637999996542931
vt 0.954200029373169 0.0696000009775162
vt 0.951900005340576 0.0727000012993813
vt 0.951399981975555 0.0626000016927719
vt 0.954999983310699 0.060699999332428
vt 0.957400023937225 0.0684999972581863
vt 0.964800000190735 0.068400003015995
vt 0.959399998188019 0.0604000017046928
vt 0.96340000629425 0.0599999986588955
vt 0.961000025272369 0.0681999996304512
vt 0.95990002155304 0.0781000033020973
vt 0.956099987030029 0.0784000009298325
vt 0.963299989700317 0.0772000029683113
vt 0.945900022983551 0.13680000603199
vt 0.944500029087067 0.145600005984306
vt 0.941600024700165 0.143800005316734
vt 0.949000000953674 0.138999998569489
vt 0.943300008773804 0.153300002217293
vt 0.947000026702881 0.147900000214577
vt 0.940900027751923 0.150999993085861
vt 0.961700022220612 0.0852999985218048
vt 0.958999991416931 0.0859000012278557
vt 0.964399993419647 0.0846000015735626
vt 0.938300013542175 0.154899999499321
vt 0.939999997615814 0.156900003552437
vt 0.952300012111664 0.103399999439716
vt 0.955399990081787 0.100000001490116
vt 0.948099970817566 0.101199999451637
vt 0.949899971485138 0.107100002467632
vt 0.955699980258942 0.106700003147125
vt 0.951099991798401 0.110299997031689
vt 0.943099975585938 0.103200003504753
vt 0.966499984264374 0.130999997258186
vt 0.95990002155304 0.135000005364418
vt 0.961099982261658 0.130500003695488
vt 0.96340000629425 0.136700004339218
vt 0.954200029373169 0.153400003910065
vt 0.951499998569489 0.151600003242493
vt 0.954200029373169 0.145999997854233
vt 0.930800020694733 0.0608999989926815
vt 0.9307000041008 0.0644000023603439
vt 0.930999994277954 0.0700000002980232
vt 0.930999994277954 0.0751999989151955
vt 0.972599983215332 0.135299995541573
vt 0.968500018119812 0.137799993157387
vt 0.969399988651276 0.135600000619888
vt 0.971300005912781 0.138799995183945
vt 0.953599989414215 0.132200002670288
vt 0.949599981307983 0.129099994897842
vt 0.957599997520447 0.125699996948242
vt 0.951900005340576 0.124600000679493
vt 0.946699976921082 0.104900002479553
vt 0.97350001335144 0.0300999991595745
vt 0.977500021457672 0.0292000006884336
vt 0.975000023841858 0.0324999988079071
vt 0.978500008583069 0.0324000008404255
vt 0.945599973201752 0.124099999666214
vt 0.948199987411499 0.126800000667572
vt 0.951799988746643 0.142100006341934
vt 0.957899987697601 0.134800001978874
vt 0.957400023937225 0.14020000398159
vt 0.94489997625351 0.0063999998383224
vt 0.938700020313263 0.127100005745888
vt 0.933799982070923 0.133300006389618
vt 0.93010002374649 0.138600006699562
vt 0.927799999713898 0.142800003290176
vt 0.942700028419495 0.121799997985363
vt 0.937900006771088 0.149599999189377
vt 0.935800015926361 0.154100000858307
vt 0.966400027275085 0.138999998569489
vt 0.956799983978271 0.155200004577637
vt 0.963800013065338 0.149599999189377
vt 0.96560001373291 0.145300000905991
vt 0.962700009346008 0.152199998497963
vt 0.992900013923645 0.101499997079372
vt 0.990499973297119 0.11429999768734
vt 0.996800005435944 0.105099998414516
vt 0.988499999046326 0.0970000028610229
vt 0.918299973011017 0.0608000010251999
vt 0.954100012779236 0.158700004220009
vt 0.952099978923798 0.157100006937981
vt 0.964299976825714 0.0983999967575073
vt 0.963100016117096 0.107400000095367
vt 0.957000017166138 0.118199996650219
vt 0.946099996566772 0.116999998688698
vt 0.949899971485138 0.119800001382828
vt 0.968699991703033 0.0706000030040741
vt 0.981700003147125 0.0689999982714653
vt 0.974900007247925 0.0793000012636185
vt 0.974200010299683 0.0808999985456467
vt 0.970600008964539 0.0772000029683113
vt 0.937300026416779 0.0812000036239624
vt 0.93970000743866 0.0874999985098839
vt 0.946099996566772 0.0877000018954277
vt 0.947200000286102 0.0891000032424927
vt 0.928900003433228 0.0775000005960464
vt 0.930000007152557 0.0781999975442886
vt 0.96670001745224 0.0763999968767166
vt 0.953400015830994 0.0804999992251396
vt 0.956200003623962 0.0866999998688698
vt 0.967599987983704 0.0839999988675117
vt 0.926999986171722 0.0458999983966351
vt 0.9617999792099 0.0384000018239021
vt 0.965300023555756 0.0458999983966351
vt 0.932699978351593 0.0483999997377396
vt 0.979300022125244 0.0807000026106834
vt 0.97790002822876 0.0791999995708466
vt 0.981500029563904 0.0759999975562096
vt 0.960799992084503 0.0883999988436699
vt 0.960099995136261 0.0901999995112419
vt 0.965300023555756 0.0891000032424927
vt 0.963900029659271 0.0877000018954277
vt 0.943400025367737 0.0886000022292137
vt 0.943300008773804 0.0904999971389771
vt 0.925999999046326 0.0797000005841255
vt 0.926500022411346 0.0785999968647957
vt 0.95169997215271 0.11370000243187
vt 0.976199984550476 0.13629999756813
vt 0.976000010967255 0.0265999995172024
vt 0.970600008964539 0.0283000003546476
vt 0.94980001449585 0.155900001525879
vt 0.974300026893616 0.14020000398159
vt 0.914499998092651 0.0142000000923872
vt 0.983699977397919 0.0922999978065491
vt 0.976000010967255 0.0980999991297722
vt 0.967299997806549 0.140799999237061
vt 0.968999981880188 0.103000000119209
vt 0.22409999370575 0.976599991321564
vt 0.222800001502037 0.966600000858307
vt 0.207699999213219 0.978500008583069
vt 0.20550000667572 0.967999994754791
vt 0.0219000000506639 0.946900010108948
vt 0.0208999998867512 0.960099995136261
vt 0.224700003862381 0.987600028514862
vt 0.208399996161461 0.987600028514862
vt 0.0361000001430511 0.953800022602081
vt 0.0355000011622906 0.967999994754791
vt 0.0203000009059906 0.967000007629395
vt 0.0329000018537045 0.976100027561188
vt 0.109499998390675 0.680499970912933
vt 0.0873000025749207 0.678600013256073
vt 0.108599998056889 0.645099997520447
vt 0.0879999995231628 0.645099997520447
vt 0.066600002348423 0.677200019359589
vt 0.0683000013232231 0.645099997520447
vt 0.13459999859333 0.68120002746582
vt 0.13060000538826 0.645099997520447
vt 0.213300004601479 0.676400005817413
vt 0.220300003886223 0.645099997520447
vt 0.0381999984383583 0.677200019359589
vt 0.0395999997854233 0.645099997520447
vt 0.061099998652935 0.816100001335144
vt 0.0851999968290329 0.792800009250641
vt 0.0844999998807907 0.819400012493134
vt 0.061599999666214 0.789900004863739
vt 0.197500005364418 0.818499982357025
vt 0.198699995875359 0.792999982833862
vt 0.162000000476837 0.766700029373169
vt 0.136099994182587 0.741400003433228
vt 0.162400007247925 0.740599989891052
vt 0.136000007390976 0.767899990081787
vt 0.109600000083447 0.766099989414215
vt 0.110600002110004 0.794700026512146
vt 0.0841000005602837 0.763999998569489
vt 0.0335999988019466 0.842400014400482
vt 0.0310999993234873 0.871100008487701
vt 0.0861999988555908 0.709699988365173
vt 0.0644999966025352 0.707300007343292
vt 0.0621999986469746 0.761500000953674
vt 0.0364000014960766 0.732699990272522
vt 0.0357999987900257 0.759199976921082
vt 0.220799997448921 0.950299978256226
vt 0.219099998474121 0.941500008106232
vt 0.0236000008881092 0.935899972915649
vt 0.0362999998033047 0.706499993801117
vt 0.109700001776218 0.740499973297119
vt 0.0847000032663345 0.737900018692017
vt 0.13629999756813 0.713599979877472
vt 0.10980000346899 0.712300002574921
vt 0.0631999969482422 0.735099971294403
vt 0.110100001096725 0.821300029754639
vt 0.0342000015079975 0.787500023841858
vt 0.221699997782707 0.958299994468689
vt 0.198400005698204 0.862999975681305
vt 0.198500007390976 0.884599983692169
vt 0.136399999260902 0.796199977397919
vt 0.134399995207787 0.823599994182587
vt 0.192300006747246 0.906899988651276
vt 0.153500005602837 0.907599985599518
vt 0.158999994397163 0.886500000953674
vt 0.0342000015079975 0.813499987125397
vt 0.217299997806549 0.933099985122681
vt 0.213499993085861 0.919700026512146
vt 0.0412999987602234 0.934300005435944
vt 0.0571000017225742 0.934800028800964
vt 0.0526000000536442 0.943000018596649
vt 0.0443000011146069 0.926100015640259
vt 0.204199999570847 0.959999978542328
vt 0.160899996757507 0.866400003433228
vt 0.200100004673004 0.764699995517731
vt 0.161500006914139 0.796299993991852
vt 0.160099998116493 0.822499990463257
vt 0.160799995064735 0.679199993610382
vt 0.155300006270409 0.645099997520447
vt 0.162400007247925 0.712000012397766
vt 0.201100006699562 0.709100008010864
vt 0.200800001621246 0.738600015640259
vt 0.0277999993413687 0.906899988651276
vt 0.0308999996632338 0.897700011730194
vt 0.175799995660782 0.94870001077652
vt 0.184900000691414 0.931800007820129
vt 0.193599998950958 0.937900006771088
vt 0.168699994683266 0.945900022983551
vt 0.130700007081032 0.886099994182587
vt 0.127100005745888 0.902999997138977
vt 0.130199998617172 0.871299982070923
vt 0.0263000000268221 0.918299973011017
vt 0.0245999991893768 0.926800012588501
vt 0.197699993848801 0.838800013065338
vt 0.158999994397163 0.845499992370605
vt 0.203099995851517 0.952300012111664
vt 0.199599996209145 0.945200026035309
vt 0.0388999991118908 0.943000018596649
vt 0.0507999993860722 0.950900018215179
vt 0.181199997663498 0.953400015830994
vt 0.0913999974727631 0.901199996471405
vt 0.0802000015974045 0.903800010681152
vt 0.0764999985694885 0.884299993515015
vt 0.0856999978423119 0.884299993515015
vt 0.89139997959137 0.424800008535385
vt 0.786899983882904 0.390100002288818
vt 0.944700002670288 0.355500012636185
vt 0.79449999332428 0.424800008535385
vt 0.91049998998642 0.377900004386902
vt 0.890399992465973 0.381599992513657
vt 0.871100008487701 0.379400014877319
vt 0.890399992465973 0.404799997806549
vt 0.140100002288818 0.259200006723404
vt 0.126499995589256 0.27810001373291
vt 0.159299999475479 0.256000012159348
vt 0.958999991416931 0.0182000007480383
vt 0.99210000038147 0.0297999996691942
vt 0.983699977397919 0.0273000001907349
vt 0.99099999666214 0.0265999995172024
vt 0.939199984073639 0.0560999996960163
vt 0.944999992847443 0.0584999993443489
vt 0.947300016880035 0.0644999966025352
vt 0.95279997587204 0.0537000000476837
vt 0.947499990463257 0.0586999990046024
vt 0.959999978542328 0.0542999990284443
vt 0.96069997549057 0.0294000003486872
vt 0.949500024318695 0.0450000017881393
vt 0.944599986076355 0.0485999993979931
vt 0.939199984073639 0.046900000423193
vt 0.947300016880035 0.112800002098083
vt 0.947799980640411 0.110200002789497
vt 0.966400027275085 0.0249000005424023
vt 0.986500024795532 0.0310999993234873
vt 0.982500016689301 0.031700000166893
vt 0.99370002746582 0.0269000008702278
vt 0.995100021362305 0.0274999998509884
vt 0.995000004768372 0.0255999993532896
vt 0.945200026035309 0.089699998497963
vt 0.928300023078918 0.0803999975323677
vt 0.962700009346008 0.089599996805191
vt 0.976700007915497 0.0807000026106834
vt 0.956799983978271 0.0438000001013279
vt 0.996999979019165 0.0260000005364418
vt 0.962400019168854 0.0882000029087067
vt 0.963199973106384 0.091899998486042
vt 0.976899981498718 0.0825999975204468
vt 0.945900022983551 0.0913999974727631
vt 0.97869998216629 0.0878000035881996
vt 0.972199976444244 0.0935000032186508
vt 0.976499974727631 0.0794000029563904
vt 0.944700002670288 0.088299997150898
vt 0.927699983119965 0.0782999992370605
vt 0.0432000011205673 0.984099984169006
vt 0.0542000010609627 0.97869998216629
vt 0.0509999990463257 0.960600018501282
vt 0.0527000017464161 0.970300018787384
vt 0.187099993228912 0.972800016403198
vt 0.185900002717972 0.96560001373291
vt 0.187299996614456 0.980400025844574
vt 0.186599999666214 0.994000017642975
vt 0.0573999993503094 0.99210000038147
vt 0.187199994921684 0.677699983119965
vt 0.174999997019768 0.645099997520447
vt 0.0603000000119209 0.844900012016296
vt 0.0847999975085258 0.84909999370575
vt 0.109300002455711 0.846099972724915
vt 0.099200002849102 0.858500003814697
vt 0.183699995279312 0.957899987697601
vt 0.058899998664856 0.874899983406067
vt 0.0786999985575676 0.866500020027161
vt 0.0658999979496002 0.929300010204315
vt 0.0507000014185905 0.91839998960495
vt 0.0754000023007393 0.925100028514862
vt 0.125699996948242 0.857299983501434
vt 0.110399998724461 0.855099976062775
vt 0.157100006937981 0.943499982357025
vt 0.0606000013649464 0.906899988651276
vt 0.197400003671646 0.645099997520447
vt 0.0939000025391579 0.868799984455109
vt 0.196099996566772 0.996599972248077
vt 0.165800005197525 0.926699995994568

g Object001
usemtl BODY
f 1/1/1 2/2/2 3/3/3
f 3/3/3 2/2/2 4/4/4
f 2/2/2 5/5/5 6/6/6
f 5/5/5 2/2/2 7/7/7
f 6/6/6 8/8/8 9/9/9
f 9/9/9 8/8/8 10/10/10
f 11/11/11 12/12/12 13/13/13
f 12/12/12 11/11/11 14/14/14
f 15/15/15 16/16/16 17/17/17
f 16/16/16 15/15/15 18/18/18
f 19/19/19 20/20/20 16/16/16
f 16/16/16 21/21/21 19/19/19
f 12/12/12 22/22/22 23/23/23
f 22/22/22 12/12/12 24/24/24
f 18/18/18 25/25/25 26/26/26
f 25/25/25 18/18/18 13/13/13
f 18/18/18 21/21/21 16/16/16
f 21/21/21 18/18/18 26/26/26
f 12/12/12 23/23/23 13/13/13
f 13/13/13 23/23/23 25/25/25
f 27/27/27 28/28/28 29/29/29
f 28/28/28 30/30/30 29/29/29
f 31/31/31 2/2/2 1/1/1
f 2/2/2 31/31/31 7/7/7
f 14/14/14 24/24/24 12/12/12
f 24/24/24 14/14/14 32/32/32
f 11/11/11 13/13/13 15/15/15
f 15/15/15 13/13/13 18/18/18
f 17/17/17 20/20/20 33/33/33
f 20/20/20 17/17/17 16/16/16
f 6/6/6 34/34/34 8/8/8
f 34/34/34 6/6/6 5/5/5
f 4/4/4 6/6/6 9/9/9
f 6/6/6 4/4/4 2/2/2
f 22/22/22 35/35/35 23/23/23
f 23/23/23 35/35/35 36/36/36
f 26/26/26 37/37/37 38/38/38
f 37/37/37 26/26/26 25/25/25
f 39/39/39 21/21/21 26/26/26
f 26/26/26 38/38/38 39/39/39
f 30/30/30 40/40/40 29/29/29
f 40/40/40 30/30/30 41/41/41
f 37/37/37 25/25/25 23/23/23
f 23/23/23 36/36/36 37/37/37
f 27/27/27 7/7/7 31/31/31
f 7/7/7 27/27/27 29/29/29
f 29/29/29 5/5/5 7/7/7
f 5/5/5 29/29/29 40/40/40
f 21/21/21 39/39/39 19/19/19
f 19/19/19 39/39/39 42/42/42
f 43/43/43 5/5/5 40/40/40
f 5/5/5 43/43/43 34/34/34
f 41/41/41 44/44/44 40/40/40
f 40/40/40 44/44/44 43/43/43
f 32/32/32 4/4/4 24/24/24
f 4/4/4 32/32/32 3/3/3
f 4/4/4 9/9/9 24/24/24
f 24/24/24 9/9/9 22/22/22
f 22/22/22 10/10/10 35/35/35
f 10/10/10 22/22/22 9/9/9
f 45/45/45 46/46/46 47/47/47
f 46/46/46 45/45/45 48/48/48
f 46/46/46 49/49/49 50/50/50
f 49/49/49 46/46/46 51/51/51
f 52/52/52 51/51/51 53/53/53
f 53/53/53 54/54/54 52/52/52
f 55/55/55 56/56/56 57/57/57
f 56/56/56 55/55/55 58/58/58
f 59/59/59 60/60/60 61/61/61
f 59/59/59 61/61/61 62/62/62
f 63/63/63 64/64/64 61/61/61
f 61/61/61 64/64/64 65/65/65
f 66/66/66 67/67/67 56/56/56
f 56/56/56 68/68/68 66/66/66
f 62/62/62 69/69/69 58/58/58
f 69/69/69 62/62/62 70/70/70
f 62/62/62 65/65/65 70/70/70
f 65/65/65 62/62/62 61/61/61
f 58/58/58 68/68/68 56/56/56
f 68/68/68 58/58/58 69/69/69
f 71/71/71 72/72/72 73/73/73
f 73/73/73 72/72/72 74/74/74
f 75/75/75 47/47/47 46/46/46
f 75/75/75 46/46/46 50/50/50
f 67/67/67 76/76/76 57/57/57
f 57/57/57 56/56/56 67/67/67
f 58/58/58 55/55/55 59/59/59
f 59/59/59 62/62/62 58/58/58
f 77/77/77 63/63/63 60/60/60
f 60/60/60 63/63/63 61/61/61
f 51/51/51 78/78/78 49/49/49
f 78/78/78 51/51/51 52/52/52
f 51/51/51 46/46/46 48/48/48
f 48/48/48 53/53/53 51/51/51
f 79/79/79 66/66/66 68/68/68
f 68/68/68 80/80/80 79/79/79
f 70/70/70 81/81/81 69/69/69
f 81/81/81 70/70/70 82/82/82
f 70/70/70 83/83/83 82/82/82
f 83/83/83 70/70/70 65/65/65
f 72/72/72 84/84/84 74/74/74
f 74/74/74 84/84/84 85/85/85
f 68/68/68 81/81/81 80/80/80
f 81/81/81 68/68/68 69/69/69
f 71/71/71 50/50/50 72/72/72
f 50/50/50 71/71/71 75/75/75
f 72/72/72 49/49/49 84/84/84
f 49/49/49 72/72/72 50/50/50
f 64/64/64 83/83/83 65/65/65
f 83/83/83 64/64/64 86/86/86
f 87/87/87 84/84/84 49/49/49
f 49/49/49 78/78/78 87/87/87
f 84/84/84 88/88/88 85/85/85
f 88/88/88 84/84/84 87/87/87
f 76/76/76 48/48/48 45/45/45
f 48/48/48 76/76/76 67/67/67
f 67/67/67 53/53/53 48/48/48
f 53/53/53 67/67/67 66/66/66
f 54/54/54 53/53/53 66/66/66
f 66/66/66 79/79/79 54/54/54
f 89/89/89 90/90/90 91/91/91
f 92/92/92 91/91/91 90/90/90
f 93/93/93 94/94/94 95/95/95
f 95/95/95 96/96/96 93/93/93
f 91/91/91 92/92/92 97/97/97
f 98/98/98 97/97/97 92/92/92
f 99/99/99 100/100/100 101/101/101
f 100/100/100 99/99/99 102/102/102
f 103/103/103 101/101/101 104/104/104
f 103/103/103 104/104/104 105/105/105
f 106/106/106 107/107/107 108/108/108
f 107/107/107 106/106/106 109/109/109
f 110/110/110 111/111/111 112/112/112
f 112/112/112 111/111/111 113/113/113
f 114/114/114 115/115/115 116/116/116
f 115/115/115 114/114/114 117/117/117
f 118/118/118 119/119/119 120/120/120
f 119/119/119 118/118/118 121/121/121
f 119/119/119 122/122/122 123/123/123
f 122/122/122 119/119/119 124/124/124
f 104/104/104 125/125/125 126/126/126
f 125/125/125 104/104/104 127/127/127
f 128/128/128 129/129/129 130/130/130
f 129/129/129 128/128/128 131/131/131
f 132/132/132 133/133/133 118/118/118
f 118/118/118 133/133/133 121/121/121
f 134/134/134 132/132/132 118/118/118
f 132/132/132 134/134/134 135/135/135
f 136/136/136 110/110/110 137/137/137
f 110/110/110 112/112/112 137/137/137
f 138/138/138 139/139/139 102/102/102
f 102/102/102 139/139/139 100/100/100
f 140/140/140 103/103/103 141/141/141
f 103/103/103 140/140/140 142/142/142
f 131/131/131 115/115/115 129/129/129
f 115/115/115 131/131/131 116/116/116
f 143/143/143 144/144/144 145/145/145
f 145/145/145 144/144/144 146/146/146
f 147/147/147 148/148/148 149/149/149
f 149/149/149 148/148/148 150/150/150
f 151/151/151 152/152/152 153/153/153
f 152/152/152 151/151/151 154/154/154
f 129/129/129 147/147/147 149/149/149
f 147/147/147 129/129/129 115/115/115
f 117/117/117 147/147/147 115/115/115
f 147/147/147 117/117/117 155/155/155
f 156/156/156 157/157/157 158/158/158
f 158/158/158 157/157/157 159/159/159
f 148/148/148 152/152/152 160/160/160
f 152/152/152 148/148/148 153/153/153
f 150/150/150 161/161/161 162/162/162
f 161/161/161 150/150/150 163/163/163
f 129/129/129 164/164/164 130/130/130
f 164/164/164 129/129/129 149/149/149
f 164/164/164 165/165/165 130/130/130
f 165/165/165 164/164/164 166/166/166
f 167/167/167 168/168/168 169/169/169
f 168/168/168 167/167/167 170/170/170
f 92/92/92 138/138/138 102/102/102
f 138/138/138 92/92/92 90/90/90
f 171/171/171 1/1/1 172/172/172
f 1/1/1 171/171/171 31/31/31
f 172/172/172 159/159/159 157/157/157
f 159/159/159 172/172/172 173/173/173
f 174/174/174 32/32/32 14/14/14
f 32/32/32 174/174/174 175/175/175
f 152/152/152 174/174/174 160/160/160
f 160/160/160 174/174/174 176/176/176
f 176/176/176 11/11/11 177/177/177
f 177/177/177 11/11/11 15/15/15
f 163/163/163 178/178/178 161/161/161
f 178/178/178 163/163/163 177/177/177
f 161/161/161 179/179/179 170/170/170
f 179/179/179 161/161/161 178/178/178
f 143/143/143 180/180/180 181/181/181
f 180/180/180 143/143/143 145/145/145
f 182/182/182 183/183/183 140/140/140
f 140/140/140 184/184/184 182/182/182
f 185/185/185 186/186/186 187/187/187
f 186/186/186 108/108/108 187/187/187
f 188/188/188 189/189/189 190/190/190
f 189/189/189 188/188/188 191/191/191
f 101/101/101 127/127/127 104/104/104
f 127/127/127 101/101/101 100/100/100
f 142/142/142 101/101/101 103/103/103
f 101/101/101 142/142/142 99/99/99
f 192/192/192 108/108/108 186/186/186
f 108/108/108 192/192/192 106/106/106
f 139/139/139 127/127/127 100/100/100
f 127/127/127 139/139/139 193/193/193
f 141/141/141 136/136/136 194/194/194
f 194/194/194 136/136/136 137/137/137
f 195/195/195 135/135/135 134/134/134
f 135/135/135 195/195/195 146/146/146
f 187/187/187 193/193/193 139/139/139
f 193/193/193 187/187/187 196/196/196
f 193/193/193 196/196/196 197/197/197
f 196/196/196 198/198/198 197/197/197
f 105/105/105 104/104/104 126/126/126
f 105/105/105 126/126/126 199/199/199
f 125/125/125 127/127/127 193/193/193
f 193/193/193 197/197/197 125/125/125
f 109/109/109 200/200/200 107/107/107
f 200/200/200 109/109/109 120/120/120
f 201/201/201 202/202/202 203/203/203
f 202/202/202 201/201/201 204/204/204
f 201/201/201 205/205/205 206/206/206
f 205/205/205 201/201/201 203/203/203
f 134/134/134 120/120/120 109/109/109
f 120/120/120 134/134/134 118/118/118
f 195/195/195 109/109/109 106/106/106
f 109/109/109 195/195/195 134/134/134
f 207/207/207 106/106/106 192/192/192
f 106/106/106 207/207/207 195/195/195
f 165/165/165 113/113/113 111/111/111
f 113/113/113 165/165/165 208/208/208
f 197/197/197 116/116/116 125/125/125
f 116/116/116 197/197/197 114/114/114
f 121/121/121 124/124/124 119/119/119
f 124/124/124 121/121/121 209/209/209
f 200/200/200 120/120/120 123/123/123
f 120/120/120 119/119/119 123/123/123
f 199/199/199 126/126/126 131/131/131
f 199/199/199 131/131/131 128/128/128
f 133/133/133 188/188/188 121/121/121
f 121/121/121 188/188/188 209/209/209
f 200/200/200 210/210/210 198/198/198
f 210/210/210 200/200/200 123/123/123
f 125/125/125 116/116/116 126/126/126
f 126/126/126 116/116/116 131/131/131
f 211/211/211 212/212/212 213/213/213
f 212/212/212 211/211/211 214/214/214
f 157/157/157 171/171/171 172/172/172
f 171/171/171 157/157/157 215/215/215
f 172/172/172 1/1/1 173/173/173
f 173/173/173 1/1/1 3/3/3
f 152/152/152 175/175/175 174/174/174
f 175/175/175 152/152/152 154/154/154
f 174/174/174 14/14/14 176/176/176
f 176/176/176 14/14/14 11/11/11
f 160/160/160 177/177/177 163/163/163
f 177/177/177 160/160/160 176/176/176
f 177/177/177 17/17/17 178/178/178
f 17/17/17 177/177/177 15/15/15
f 124/124/124 216/216/216 122/122/122
f 216/216/216 124/124/124 217/217/217
f 218/218/218 155/155/155 117/117/117
f 155/155/155 218/218/218 219/219/219
f 209/209/209 217/217/217 124/124/124
f 217/217/217 209/209/209 220/220/220
f 163/163/163 150/150/150 148/148/148
f 148/148/148 160/160/160 163/163/163
f 219/219/219 153/153/153 155/155/155
f 153/153/153 219/219/219 151/151/151
f 216/216/216 156/156/156 158/158/158
f 156/156/156 216/216/216 217/217/217
f 148/148/148 147/147/147 155/155/155
f 155/155/155 153/153/153 148/148/148
f 149/149/149 162/162/162 164/164/164
f 162/162/162 149/149/149 150/150/150
f 162/162/162 166/166/166 164/164/164
f 166/166/166 162/162/162 167/167/167
f 215/215/215 156/156/156 221/221/221
f 156/156/156 215/215/215 157/157/157
f 189/189/189 222/222/222 190/190/190
f 222/222/222 189/189/189 223/223/223
f 217/217/217 221/221/221 156/156/156
f 221/221/221 217/217/217 220/220/220
f 181/181/181 224/224/224 225/225/225
f 224/224/224 181/181/181 180/180/180
f 226/226/226 227/227/227 132/132/132
f 132/132/132 227/227/227 133/133/133
f 228/228/228 226/226/226 135/135/135
f 135/135/135 226/226/226 132/132/132
f 145/145/145 146/146/146 207/207/207
f 207/207/207 146/146/146 195/195/195
f 212/212/212 27/27/27 31/31/31
f 212/212/212 31/31/31 171/171/171
f 209/209/209 188/188/188 220/220/220
f 188/188/188 190/190/190 220/220/220
f 223/223/223 213/213/213 222/222/222
f 213/213/213 223/223/223 211/211/211
f 146/146/146 228/228/228 135/135/135
f 228/228/228 146/146/146 144/144/144
f 227/227/227 191/191/191 133/133/133
f 133/133/133 191/191/191 188/188/188
f 213/213/213 171/171/171 215/215/215
f 171/171/171 213/213/213 212/212/212
f 222/222/222 220/220/220 190/190/190
f 220/220/220 222/222/222 221/221/221
f 111/111/111 110/110/110 199/199/199
f 199/199/199 128/128/128 111/111/111
f 136/136/136 199/199/199 110/110/110
f 199/199/199 136/136/136 105/105/105
f 184/184/184 141/141/141 194/194/194
f 141/141/141 184/184/184 140/140/140
f 166/166/166 208/208/208 165/165/165
f 208/208/208 166/166/166 229/229/229
f 162/162/162 170/170/170 167/167/167
f 170/170/170 162/162/162 161/161/161
f 170/170/170 179/179/179 230/230/230
f 170/170/170 230/230/230 168/168/168
f 141/141/141 105/105/105 136/136/136
f 105/105/105 141/141/141 103/103/103
f 128/128/128 130/130/130 111/111/111
f 111/111/111 130/130/130 165/165/165
f 167/167/167 229/229/229 166/166/166
f 229/229/229 167/167/167 169/169/169
f 231/231/231 182/182/182 232/232/232
f 182/182/182 231/231/231 183/183/183
f 187/187/187 108/108/108 196/196/196
f 108/108/108 107/107/107 196/196/196
f 107/107/107 198/198/198 196/196/196
f 198/198/198 107/107/107 200/200/200
f 198/198/198 114/114/114 197/197/197
f 114/114/114 198/198/198 210/210/210
f 233/233/233 234/234/234 235/235/235
f 234/234/234 233/233/233 236/236/236
f 89/89/89 237/237/237 90/90/90
f 237/237/237 89/89/89 238/238/238
f 213/213/213 221/221/221 222/222/222
f 221/221/221 213/213/213 215/215/215
f 210/210/210 117/117/117 114/114/114
f 117/117/117 210/210/210 218/218/218
f 239/239/239 186/186/186 240/240/240
f 186/186/186 239/239/239 192/192/192
f 123/123/123 218/218/218 210/210/210
f 218/218/218 123/123/123 122/122/122
f 122/122/122 219/219/219 218/218/218
f 219/219/219 122/122/122 216/216/216
f 151/151/151 219/219/219 216/216/216
f 216/216/216 158/158/158 151/151/151
f 158/158/158 154/154/154 151/151/151
f 154/154/154 158/158/158 159/159/159
f 175/175/175 154/154/154 159/159/159
f 159/159/159 173/173/173 175/175/175
f 3/3/3 175/175/175 173/173/173
f 175/175/175 3/3/3 32/32/32
f 240/240/240 185/185/185 241/241/241
f 185/185/185 240/240/240 186/186/186
f 234/234/234 236/236/236 204/204/204
f 234/234/234 204/204/204 201/201/201
f 201/201/201 95/95/95 234/234/234
f 95/95/95 201/201/201 206/206/206
f 234/234/234 94/94/94 235/235/235
f 94/94/94 234/234/234 95/95/95
f 206/206/206 96/96/96 95/95/95
f 96/96/96 206/206/206 242/242/242
f 243/243/243 244/244/244 245/245/245
f 244/244/244 243/243/243 246/246/246
f 247/247/247 248/248/248 249/249/249
f 250/250/250 249/249/249 248/248/248
f 251/251/251 252/252/252 253/253/253
f 252/252/252 251/251/251 254/254/254
f 247/247/247 255/255/255 248/248/248
f 255/255/255 247/247/247 256/256/256
f 257/257/257 258/258/258 259/259/259
f 258/258/258 257/257/257 260/260/260
f 261/261/261 262/262/262 263/263/263
f 262/262/262 261/261/261 264/264/264
f 265/265/265 243/243/243 266/266/266
f 243/243/243 265/265/265 246/246/246
f 245/245/245 244/244/244 254/254/254
f 254/254/254 244/244/244 252/252/252
f 259/259/259 267/267/267 257/257/257
f 267/267/267 259/259/259 268/268/268
f 269/269/269 256/256/256 247/247/247
f 256/256/256 269/269/269 270/270/270
f 271/271/271 246/246/246 265/265/265
f 246/246/246 271/271/271 272/272/272
f 246/246/246 273/273/273 244/244/244
f 273/273/273 246/246/246 272/272/272
f 252/252/252 274/274/274 253/253/253
f 275/275/275 253/253/253 274/274/274
f 252/252/252 273/273/273 274/274/274
f 273/273/273 252/252/252 244/244/244
f 245/245/245 276/276/276 277/277/277
f 277/277/277 243/243/243 245/245/245
f 251/251/251 278/278/278 254/254/254
f 278/278/278 251/251/251 279/279/279
f 280/280/280 281/281/281 282/282/282
f 280/280/280 282/282/282 279/279/279
f 248/248/248 283/283/283 284/284/284
f 255/255/255 283/283/283 248/248/248
f 285/285/285 284/284/284 286/286/286
f 284/284/284 285/285/285 287/287/287
f 266/266/266 277/277/277 288/288/288
f 277/277/277 266/266/266 243/243/243
f 278/278/278 245/245/245 254/254/254
f 245/245/245 278/278/278 276/276/276
f 260/260/260 289/289/289 258/258/258
f 289/289/289 260/260/260 290/290/290
f 279/279/279 282/282/282 291/291/291
f 279/279/279 291/291/291 278/278/278
f 292/292/292 280/280/280 279/279/279
f 292/292/292 279/279/279 251/251/251
f 289/289/289 293/293/293 281/281/281
f 289/289/289 281/281/281 280/280/280
f 284/284/284 294/294/294 286/286/286
f 294/294/294 284/284/284 283/283/283
f 250/250/250 284/284/284 287/287/287
f 284/284/284 250/250/250 248/248/248
f 295/295/295 263/263/263 296/296/296
f 263/263/263 295/295/295 261/261/261
f 297/297/297 298/298/298 299/299/299
f 298/298/298 297/297/297 300/300/300
f 259/259/259 301/301/301 302/302/302
f 259/259/259 302/302/302 268/268/268
f 249/249/249 269/269/269 247/247/247
f 269/269/269 249/249/249 303/303/303
f 304/304/304 289/289/289 290/290/290
f 289/289/289 304/304/304 293/293/293
f 305/305/305 300/300/300 297/297/297
f 300/300/300 305/305/305 306/306/306
f 296/296/296 307/307/307 308/308/308
f 307/307/307 296/296/296 263/263/263
f 299/299/299 309/309/309 310/310/310
f 299/299/299 310/310/310 297/297/297
f 311/311/311 297/297/297 310/310/310
f 297/297/297 311/311/311 305/305/305
f 312/312/312 313/313/313 314/314/314
f 313/313/313 312/312/312 315/315/315
f 256/256/256 270/270/270 271/271/271
f 256/256/256 271/271/271 265/265/265
f 256/256/256 266/266/266 255/255/255
f 266/266/266 256/256/256 265/265/265
f 266/266/266 288/288/288 255/255/255
f 283/283/283 255/255/255 288/288/288
f 316/316/316 317/317/317 318/318/318
f 317/317/317 316/316/316 319/319/319
f 320/320/320 319/319/319 316/316/316
f 319/319/319 320/320/320 321/321/321
f 322/322/322 323/323/323 324/324/324
f 323/323/323 322/322/322 325/325/325
f 326/326/326 327/327/327 328/328/328
f 327/327/327 326/326/326 329/329/329
f 330/330/330 331/331/331 327/327/327
f 331/331/331 328/328/328 327/327/327
f 332/332/332 333/333/333 334/334/334
f 333/333/333 332/332/332 335/335/335
f 336/336/336 337/337/337 338/338/338
f 337/337/337 336/336/336 339/339/339
f 317/317/317 340/340/340 341/341/341
f 340/340/340 317/317/317 319/319/319
f 342/342/342 321/321/321 343/343/343
f 344/344/344 343/343/343 321/321/321
f 345/345/345 346/346/346 347/347/347
f 346/346/346 345/345/345 324/324/324
f 324/324/324 348/348/348 346/346/346
f 324/324/324 323/323/323 348/348/348
f 349/349/349 327/327/327 350/350/350
f 327/327/327 349/349/349 330/330/330
f 351/351/351 341/341/341 352/352/352
f 341/341/341 351/351/351 317/317/317
f 346/346/346 353/353/353 347/347/347
f 353/353/353 346/346/346 354/354/354
f 348/348/348 355/355/355 346/346/346
f 346/346/346 355/355/355 354/354/354
f 356/356/356 357/357/357 358/358/358
f 357/357/357 356/356/356 359/359/359
f 360/360/360 357/357/357 361/361/361
f 357/357/357 360/360/360 362/362/362
f 357/357/357 359/359/359 361/361/361
f 359/359/359 363/363/363 361/361/361
f 364/364/364 365/365/365 366/366/366
f 365/365/365 364/364/364 367/367/367
f 360/360/360 361/361/361 368/368/368
f 361/361/361 369/369/369 368/368/368
f 361/361/361 363/363/363 369/369/369
f 363/363/363 370/370/370 369/369/369
f 365/365/365 371/371/371 366/366/366
f 371/371/371 365/365/365 372/372/372
f 373/373/373 366/366/366 374/374/374
f 366/366/366 371/371/371 374/374/374
f 375/375/375 376/376/376 377/377/377
f 375/375/375 378/378/378 376/376/376
f 379/379/379 380/380/380 381/381/381
f 380/380/380 379/379/379 382/382/382
f 337/337/337 339/339/339 383/383/383
f 383/383/383 339/339/339 384/384/384
f 333/333/333 385/385/385 386/386/386
f 385/385/385 333/333/333 387/387/387
f 388/388/388 385/385/385 389/389/389
f 385/385/385 388/388/388 386/386/386
f 390/390/390 380/380/380 382/382/382
f 380/380/380 390/390/390 391/391/391
f 392/392/392 393/393/393 380/380/380
f 380/380/380 391/391/391 392/392/392
f 394/394/394 383/383/383 384/384/384
f 384/384/384 395/395/395 394/394/394
f 393/393/393 395/395/395 384/384/384
f 395/395/395 393/393/393 392/392/392
f 396/396/396 397/397/397 398/398/398
f 398/398/398 397/397/397 399/399/399
f 391/391/391 400/400/400 392/392/392
f 400/400/400 391/391/391 401/401/401
f 395/395/395 400/400/400 402/402/402
f 400/400/400 395/395/395 392/392/392
f 400/400/400 403/403/403 404/404/404
f 403/403/403 400/400/400 401/401/401
f 405/405/405 402/402/402 400/400/400
f 400/400/400 404/404/404 405/405/405
f 406/406/406 407/407/407 408/408/408
f 407/407/407 406/406/406 409/409/409
f 378/378/378 410/410/410 376/376/376
f 410/410/410 378/378/378 411/411/411
f 376/376/376 412/412/412 413/413/413
f 412/412/412 376/376/376 410/410/410
f 414/414/414 415/415/415 416/416/416
f 415/415/415 414/414/414 417/417/417
f 413/413/413 412/412/412 414/414/414
f 414/414/414 412/412/412 417/417/417
f 418/418/418 419/419/419 420/420/420
f 419/419/419 418/418/418 421/421/421
f 422/422/422 412/412/412 410/410/410
f 412/412/412 422/422/422 423/423/423
f 424/424/424 417/417/417 412/412/412
f 412/412/412 423/423/423 424/424/424
f 423/423/423 422/422/422 425/425/425
f 425/425/425 422/422/422 426/426/426
f 424/424/424 427/427/427 428/428/428
f 428/428/428 429/429/429 424/424/424
f 427/427/427 424/424/424 425/425/425
f 424/424/424 423/423/423 425/425/425
f 430/430/430 431/431/431 432/432/432
f 431/431/431 430/430/430 433/433/433
f 434/434/434 435/435/435 436/436/436
f 435/435/435 434/434/434 437/437/437
f 436/436/436 435/435/435 438/438/438
f 438/438/438 435/435/435 439/439/439
f 440/440/440 441/441/441 438/438/438
f 438/438/438 439/439/439 440/440/440
f 442/442/442 431/431/431 443/443/443
f 431/431/431 442/442/442 432/432/432
f 444/444/444 445/445/445 437/437/437
f 445/445/445 435/435/435 437/437/437
f 435/435/435 446/446/446 439/439/439
f 446/446/446 435/435/435 445/445/445
f 440/440/440 446/446/446 447/447/447
f 446/446/446 440/440/440 439/439/439
f 448/448/448 442/442/442 443/443/443
f 443/443/443 449/449/449 448/448/448
f 387/387/387 438/438/438 385/385/385
f 438/438/438 387/387/387 436/436/436
f 389/389/389 385/385/385 438/438/438
f 389/389/389 438/438/438 441/441/441
f 450/450/450 451/451/451 452/452/452
f 451/451/451 450/450/450 453/453/453
f 452/452/452 454/454/454 455/455/455
f 454/454/454 452/452/452 451/451/451
f 456/456/456 457/457/457 458/458/458
f 457/457/457 456/456/456 459/459/459
f 455/455/455 459/459/459 456/456/456
f 459/459/459 455/455/455 454/454/454
f 454/454/454 460/460/460 461/461/461
f 460/460/460 454/454/454 451/451/451
f 454/454/454 462/462/462 459/459/459
f 462/462/462 454/454/454 461/461/461
f 463/463/463 464/464/464 465/465/465
f 464/464/464 463/463/463 466/466/466
f 464/464/464 467/467/467 468/468/468
f 467/467/467 464/464/464 469/469/469
f 470/470/470 460/460/460 471/471/471
f 460/460/460 470/470/470 461/461/461
f 462/462/462 470/470/470 472/472/472
f 470/470/470 462/462/462 461/461/461
f 469/469/469 473/473/473 467/467/467
f 474/474/474 467/467/467 473/473/473
f 353/353/353 358/358/358 362/362/362
f 353/353/353 354/354/354 358/358/358
f 354/354/354 356/356/356 358/358/358
f 356/356/356 354/354/354 355/355/355
f 475/475/475 367/367/367 476/476/476
f 476/476/476 367/367/367 477/477/477
f 478/478/478 479/479/479 480/480/480
f 479/479/479 478/478/478 476/476/476
f 332/332/332 342/342/342 343/343/343
f 342/342/342 332/332/332 334/334/334
f 481/481/481 366/366/366 373/373/373
f 366/366/366 481/481/481 364/364/364
f 482/482/482 483/483/483 484/484/484
f 483/483/483 482/482/482 485/485/485
f 486/486/486 419/419/419 487/487/487
f 419/419/419 488/488/488 487/487/487
f 389/389/389 441/441/441 489/489/489
f 489/489/489 441/441/441 490/490/490
f 491/491/491 447/447/447 492/492/492
f 447/447/447 491/491/491 440/440/440
f 493/493/493 494/494/494 495/495/495
f 493/493/493 495/495/495 496/496/496
f 497/497/497 498/498/498 499/499/499
f 498/498/498 497/497/497 500/500/500
f 479/479/479 476/476/476 477/477/477
f 479/479/479 477/477/477 501/501/501
f 502/502/502 503/503/503 504/504/504
f 503/503/503 505/505/505 504/504/504
f 477/477/477 481/481/481 501/501/501
f 481/481/481 477/477/477 364/364/364
f 506/506/506 398/398/398 507/507/507
f 398/398/398 506/506/506 396/396/396
f 508/508/508 509/509/509 499/499/499
f 508/508/508 499/499/499 465/465/465
f 485/485/485 482/482/482 510/510/510
f 485/485/485 510/510/510 421/421/421
f 511/511/511 317/317/317 351/351/351
f 317/317/317 511/511/511 318/318/318
f 396/396/396 512/512/512 397/397/397
f 512/512/512 513/513/513 397/397/397
f 514/514/514 407/407/407 409/409/409
f 407/407/407 514/514/514 515/515/515
f 506/506/506 512/512/512 396/396/396
f 512/512/512 506/506/506 516/516/516
f 508/508/508 464/464/464 468/468/468
f 464/464/464 508/508/508 465/465/465
f 466/466/466 517/517/517 469/469/469
f 466/466/466 469/469/469 464/464/464
f 517/517/517 473/473/473 469/469/469
f 517/517/517 518/518/518 473/473/473
f 499/499/499 498/498/498 463/463/463
f 499/499/499 463/463/463 465/465/465
f 509/509/509 484/484/484 499/499/499
f 497/497/497 499/499/499 484/484/484
f 510/510/510 419/419/419 421/421/421
f 419/419/419 510/510/510 488/488/488
f 483/483/483 519/519/519 494/494/494
f 519/519/519 483/483/483 485/485/485
f 418/418/418 519/519/519 485/485/485
f 485/485/485 421/421/421 418/418/418
f 420/420/420 419/419/419 520/520/520
f 520/520/520 419/419/419 486/486/486
f 431/431/431 521/521/521 443/443/443
f 521/521/521 431/431/431 522/522/522
f 449/449/449 443/443/443 523/523/523
f 443/443/443 521/521/521 523/523/523
f 524/524/524 350/350/350 525/525/525
f 524/524/524 525/525/525 526/526/526
f 527/527/527 350/350/350 524/524/524
f 350/350/350 527/527/527 349/349/349
f 321/321/321 340/340/340 319/319/319
f 340/340/340 321/321/321 342/342/342
f 327/327/327 525/525/525 350/350/350
f 525/525/525 327/327/327 329/329/329
f 335/335/335 387/387/387 333/333/333
f 387/387/387 335/335/335 528/528/528
f 520/520/520 486/486/486 529/529/529
f 529/529/529 486/486/486 530/530/530
f 475/475/475 531/531/531 532/532/532
f 531/531/531 475/475/475 478/478/478
f 531/531/531 533/533/533 330/330/330
f 533/533/533 331/331/331 330/330/330
f 534/534/534 506/506/506 535/535/535
f 506/506/506 534/534/534 516/516/516
f 500/500/500 506/506/506 507/507/507
f 506/506/506 500/500/500 535/535/535
f 401/401/401 390/390/390 536/536/536
f 390/390/390 401/401/401 391/391/391
f 394/394/394 395/395/395 537/537/537
f 395/395/395 402/402/402 537/537/537
f 403/403/403 538/538/538 539/539/539
f 538/538/538 403/403/403 540/540/540
f 411/411/411 422/422/422 410/410/410
f 422/422/422 411/411/411 541/541/541
f 417/417/417 424/424/424 429/429/429
f 417/417/417 429/429/429 415/415/415
f 426/426/426 422/422/422 541/541/541
f 426/426/426 541/541/541 542/542/542
f 428/428/428 543/543/543 544/544/544
f 543/543/543 428/428/428 427/427/427
f 545/545/545 447/447/447 546/546/546
f 447/447/447 545/545/545 492/492/492
f 459/459/459 462/462/462 547/547/547
f 459/459/459 547/547/547 457/457/457
f 471/471/471 548/548/548 549/549/549
f 548/548/548 471/471/471 460/460/460
f 550/550/550 462/462/462 472/472/472
f 462/462/462 550/550/550 547/547/547
f 334/334/334 386/386/386 551/551/551
f 386/386/386 334/334/334 333/333/333
f 339/339/339 336/336/336 552/552/552
f 339/339/339 552/552/552 553/553/553
f 554/554/554 386/386/386 388/388/388
f 386/386/386 554/554/554 551/551/551
f 405/405/405 555/555/555 556/556/556
f 556/556/556 557/557/557 405/405/405
f 471/471/471 558/558/558 559/559/559
f 558/558/558 471/471/471 549/549/549
f 560/560/560 472/472/472 561/561/561
f 472/472/472 560/560/560 550/550/550
f 562/562/562 542/542/542 563/563/563
f 542/542/542 562/562/562 426/426/426
f 445/445/445 564/564/564 565/565/565
f 564/564/564 445/445/445 444/444/444
f 478/478/478 533/533/533 531/531/531
f 533/533/533 478/478/478 566/566/566
f 328/328/328 493/493/493 567/567/567
f 567/567/567 326/326/326 328/328/328
f 568/568/568 502/502/502 504/504/504
f 502/502/502 568/568/568 569/569/569
f 486/486/486 570/570/570 530/530/530
f 570/570/570 486/486/486 487/487/487
f 493/493/493 571/571/571 567/567/567
f 571/571/571 493/493/493 496/496/496
f 344/344/344 320/320/320 572/572/572
f 320/320/320 344/344/344 321/321/321
f 573/573/573 349/349/349 527/527/527
f 349/349/349 573/573/573 574/574/574
f 441/441/441 491/491/491 490/490/490
f 491/491/491 441/441/441 440/440/440
f 575/575/575 431/431/431 433/433/433
f 431/431/431 575/575/575 522/522/522
f 528/528/528 434/434/434 436/436/436
f 528/528/528 436/436/436 387/387/387
f 496/496/496 430/430/430 571/571/571
f 430/430/430 496/496/496 433/433/433
f 495/495/495 575/575/575 496/496/496
f 496/496/496 575/575/575 433/433/433
f 402/402/402 557/557/557 537/537/537
f 557/557/557 402/402/402 405/405/405
f 513/513/513 409/409/409 397/397/397
f 409/409/409 513/513/513 514/514/514
f 397/397/397 409/409/409 399/399/399
f 399/399/399 409/409/409 406/406/406
f 401/401/401 540/540/540 403/403/403
f 540/540/540 401/401/401 536/536/536
f 574/574/574 330/330/330 349/349/349
f 330/330/330 574/574/574 576/576/576
f 577/577/577 578/578/578 579/579/579
f 578/578/578 577/577/577 580/580/580
f 581/581/581 578/578/578 582/582/582
f 578/578/578 581/581/581 579/579/579
f 583/583/583 584/584/584 585/585/585
f 583/583/583 585/585/585 586/586/586
f 587/587/587 579/579/579 588/588/588
f 579/579/579 587/587/587 577/577/577
f 589/589/589 588/588/588 581/581/581
f 581/581/581 588/588/588 579/579/579
f 584/584/584 590/590/590 585/585/585
f 590/590/590 584/584/584 591/591/591
f 592/592/592 591/591/591 584/584/584
f 591/591/591 592/592/592 593/593/593
f 594/594/594 595/595/595 596/596/596
f 595/595/595 594/594/594 597/597/597
f 598/598/598 596/596/596 599/599/599
f 596/596/596 598/598/598 594/594/594
f 597/597/597 600/600/600 595/595/595
f 600/600/600 597/597/597 601/601/601
f 602/602/602 603/603/603 604/604/604
f 603/603/603 602/602/602 605/605/605
f 606/606/606 607/607/607 608/608/608
f 607/607/607 606/606/606 609/609/609
f 610/610/610 611/611/611 612/612/612
f 611/611/611 610/610/610 613/613/613
f 614/614/614 615/615/615 616/616/616
f 615/615/615 614/614/614 617/617/617
f 618/618/618 619/619/619 620/620/620
f 619/619/619 618/618/618 621/621/621
f 622/622/622 610/610/610 623/623/623
f 610/610/610 622/622/622 624/624/624
f 625/625/625 626/626/626 627/627/627
f 626/626/626 625/625/625 628/628/628
f 629/629/629 630/630/630 594/594/594
f 629/629/629 594/594/594 598/598/598
f 613/613/613 624/624/624 631/631/631
f 624/624/624 613/613/613 610/610/610
f 632/632/632 633/633/633 634/634/634
f 632/632/632 634/634/634 635/635/635
f 636/636/636 637/637/637 638/638/638
f 637/637/637 636/636/636 639/639/639
f 585/585/585 640/640/640 586/586/586
f 586/586/586 640/640/640 641/641/641
f 629/629/629 609/609/609 642/642/642
f 609/609/609 629/629/629 598/598/598
f 643/643/643 624/624/624 622/622/622
f 624/624/624 643/643/643 644/644/644
f 645/645/645 601/601/601 597/597/597
f 601/601/601 645/645/645 646/646/646
f 644/644/644 631/631/631 624/624/624
f 631/631/631 644/644/644 647/647/647
f 612/612/612 648/648/648 623/623/623
f 623/623/623 610/610/610 612/612/612
f 649/649/649 632/632/632 650/650/650
f 632/632/632 649/649/649 633/633/633
f 633/633/633 631/631/631 647/647/647
f 633/633/633 647/647/647 634/634/634
f 635/635/635 642/642/642 651/651/651
f 642/642/642 635/635/635 634/634/634
f 578/578/578 580/580/580 652/652/652
f 578/578/578 652/652/652 653/653/653
f 654/654/654 655/655/655 656/656/656
f 655/655/655 654/654/654 657/657/657
f 658/658/658 648/648/648 659/659/659
f 648/648/648 658/658/658 623/623/623
f 660/660/660 661/661/661 662/662/662
f 661/661/661 660/660/660 656/656/656
f 644/644/644 645/645/645 630/630/630
f 645/645/645 644/644/644 643/643/643
f 627/627/627 663/663/663 664/664/664
f 663/663/663 627/627/627 626/626/626
f 665/665/665 666/666/666 667/667/667
f 666/666/666 665/665/665 668/668/668
f 669/669/669 670/670/670 671/671/671
f 669/669/669 671/671/671 672/672/672
f 578/578/578 653/653/653 582/582/582
f 582/582/582 653/653/653 673/673/673
f 674/674/674 656/656/656 660/660/660
f 656/656/656 674/674/674 654/654/654
f 656/656/656 675/675/675 661/661/661
f 675/675/675 656/656/656 655/655/655
f 617/617/617 676/676/676 615/615/615
f 676/676/676 617/617/617 677/677/677
f 615/615/615 619/619/619 678/678/678
f 619/619/619 615/615/615 676/676/676
f 621/621/621 623/623/623 658/658/658
f 623/623/623 621/621/621 622/622/622
f 618/618/618 622/622/622 621/621/621
f 622/622/622 618/618/618 643/643/643
f 678/678/678 659/659/659 679/679/679
f 659/659/659 678/678/678 658/658/658
f 619/619/619 658/658/658 678/678/678
f 658/658/658 619/619/619 621/621/621
f 680/680/680 600/600/600 601/601/601
f 600/600/600 680/680/680 681/681/681
f 682/682/682 601/601/601 646/646/646
f 601/601/601 682/682/682 680/680/680
f 630/630/630 647/647/647 644/644/644
f 647/647/647 630/630/630 629/629/629
f 647/647/647 629/629/629 634/634/634
f 634/634/634 629/629/629 642/642/642
f 646/646/646 643/643/643 618/618/618
f 643/643/643 646/646/646 645/645/645
f 651/651/651 609/609/609 606/606/606
f 609/609/609 651/651/651 642/642/642
f 683/683/683 684/684/684 685/685/685
f 684/684/684 683/683/683 686/686/686
f 620/620/620 646/646/646 618/618/618
f 646/646/646 620/620/620 682/682/682
f 616/616/616 678/678/678 679/679/679
f 678/678/678 616/616/616 615/615/615
f 685/685/685 620/620/620 676/676/676
f 619/619/619 676/676/676 620/620/620
f 682/682/682 685/685/685 684/684/684
f 685/685/685 682/682/682 620/620/620
f 664/664/664 649/649/649 650/650/650
f 649/649/649 664/664/664 663/663/663
f 677/677/677 685/685/685 676/676/676
f 685/685/685 677/677/677 683/683/683
f 630/630/630 597/597/597 594/594/594
f 597/597/597 630/630/630 645/645/645
f 687/687/687 688/688/688 689/689/689
f 688/688/688 687/687/687 690/690/690
f 691/691/691 692/692/692 693/693/693
f 692/692/692 691/691/691 694/694/694
f 688/688/688 690/690/690 628/628/628
f 688/688/688 628/628/628 625/625/625
f 662/662/662 695/695/695 696/696/696
f 695/695/695 662/662/662 661/661/661
f 661/661/661 697/697/697 695/695/695
f 697/697/697 661/661/661 675/675/675
f 698/698/698 687/687/687 689/689/689
f 687/687/687 698/698/698 699/699/699
f 700/700/700 699/699/699 698/698/698
f 699/699/699 700/700/700 701/701/701
f 649/649/649 631/631/631 633/633/633
f 631/631/631 649/649/649 613/613/613
f 701/701/701 669/669/669 672/672/672
f 701/701/701 672/672/672 699/699/699
f 702/702/702 703/703/703 616/616/616
f 703/703/703 614/614/614 616/616/616
f 704/704/704 702/702/702 679/679/679
f 702/702/702 616/616/616 679/679/679
f 667/667/667 638/638/638 637/637/637
f 638/638/638 667/667/667 666/666/666
f 636/636/636 638/638/638 705/705/705
f 705/705/705 638/638/638 706/706/706
f 707/707/707 708/708/708 670/670/670
f 707/707/707 670/670/670 669/669/669
f 641/641/641 701/701/701 700/700/700
f 701/701/701 641/641/641 640/640/640
f 640/640/640 669/669/669 701/701/701
f 669/669/669 640/640/640 707/707/707
f 706/706/706 692/692/692 709/709/709
f 692/692/692 706/706/706 693/693/693
f 653/653/653 639/639/639 636/636/636
f 639/639/639 653/653/653 652/652/652
f 653/653/653 636/636/636 673/673/673
f 673/673/673 636/636/636 705/705/705
f 710/710/710 711/711/711 712/712/712
f 711/711/711 710/710/710 713/713/713
f 714/714/714 93/93/93 96/96/96
f 142/142/142 715/715/715 98/98/98
f 98/98/98 715/715/715 97/97/97
f 224/224/224 180/180/180 716/716/716
f 102/102/102 99/99/99 98/98/98
f 214/214/214 27/27/27 212/212/212
f 717/717/717 718/718/718 719/719/719
f 719/719/719 715/715/715 183/183/183
f 720/720/720 721/721/721 242/242/242
f 138/138/138 90/90/90 722/722/722
f 723/723/723 716/716/716 203/203/203
f 239/239/239 720/720/720 205/205/205
f 207/207/207 192/192/192 239/239/239
f 722/722/722 721/721/721 240/240/240
f 33/33/33 230/230/230 179/179/179
f 715/715/715 142/142/142 183/183/183
f 17/17/17 179/179/179 178/178/178
f 724/724/724 237/237/237 238/238/238
f 138/138/138 185/185/185 139/139/139
f 180/180/180 145/145/145 716/716/716
f 722/722/722 237/237/237 724/724/724
f 240/240/240 721/721/721 720/720/720
f 138/138/138 722/722/722 241/241/241
f 97/97/97 715/715/715 718/718/718
f 183/183/183 142/142/142 140/140/140
f 138/138/138 241/241/241 185/185/185
f 722/722/722 90/90/90 237/237/237
f 139/139/139 185/185/185 187/187/187
f 224/224/224 716/716/716 723/723/723
f 724/724/724 238/238/238 714/714/714
f 722/722/722 724/724/724 721/721/721
f 240/240/240 720/720/720 239/239/239
f 242/242/242 724/724/724 96/96/96
f 242/242/242 721/721/721 724/724/724
f 206/206/206 205/205/205 720/720/720
f 716/716/716 205/205/205 203/203/203
f 239/239/239 205/205/205 716/716/716
f 723/723/723 203/203/203 202/202/202
f 206/206/206 720/720/720 242/242/242
f 722/722/722 240/240/240 241/241/241
f 714/714/714 96/96/96 724/724/724
f 207/207/207 239/239/239 716/716/716
f 719/719/719 718/718/718 715/715/715
f 142/142/142 98/98/98 99/99/99
f 719/719/719 183/183/183 231/231/231
f 716/716/716 145/145/145 207/207/207
f 17/17/17 33/33/33 179/179/179
f 214/214/214 28/28/28 27/27/27
f 251/251/251 253/253/253 292/292/292
f 259/259/259 258/258/258 301/301/301
f 308/308/308 307/307/307 725/725/725
f 307/307/307 726/726/726 314/314/314
f 302/302/302 301/301/301 275/275/275
f 289/289/289 280/280/280 292/292/292
f 262/262/262 726/726/726 263/263/263
f 727/727/727 725/725/725 313/313/313
f 728/728/728 325/325/325 351/351/351
f 729/729/729 730/730/730 731/731/731
f 732/732/732 377/377/377 413/413/413
f 733/733/733 414/414/414 734/734/734
f 380/380/380 393/393/393 381/381/381
f 735/735/735 736/736/736 455/455/455
f 489/489/489 375/375/375 389/389/389
f 414/414/414 733/733/733 413/413/413
f 384/384/384 339/339/339 553/553/553
f 456/456/456 737/737/737 455/455/455
f 728/728/728 351/351/351 738/738/738
f 345/345/345 322/322/322 324/324/324
f 566/566/566 478/478/478 480/480/480
f 728/728/728 348/348/348 323/323/323
f 576/576/576 532/532/532 531/531/531
f 569/569/569 568/568/568 355/355/355
f 730/730/730 363/363/363 359/359/359
f 370/370/370 363/363/363 730/730/730
f 736/736/736 734/734/734 452/452/452
f 737/737/737 456/456/456 458/458/458
f 403/403/403 539/539/539 404/404/404
f 405/405/405 404/404/404 555/555/555
f 426/426/426 562/562/562 425/425/425
f 427/427/427 425/425/425 543/543/543
f 445/445/445 565/565/565 446/446/446
f 447/447/447 446/446/446 546/546/546
f 471/471/471 559/559/559 470/470/470
f 472/472/472 470/470/470 561/561/561
f 356/356/356 355/355/355 568/568/568
f 493/493/493 328/328/328 494/494/494
f 483/483/483 331/331/331 484/484/484
f 497/497/497 533/533/533 500/500/500
f 533/533/533 535/535/535 500/500/500
f 569/569/569 336/336/336 338/338/338
f 738/738/738 352/352/352 552/552/552
f 341/341/341 739/739/739 740/740/740
f 341/341/341 340/340/340 741/741/741
f 342/342/342 334/334/334 551/551/551
f 325/325/325 728/728/728 323/323/323
f 742/742/742 566/566/566 743/743/743
f 738/738/738 744/744/744 728/728/728
f 576/576/576 531/531/531 330/330/330
f 359/359/359 356/356/356 731/731/731
f 745/745/745 731/731/731 746/746/746
f 730/730/730 729/729/729 747/747/747
f 748/748/748 747/747/747 729/729/729
f 369/369/369 370/370/370 749/749/749
f 563/563/563 750/750/750 562/562/562
f 546/546/546 751/751/751 545/545/545
f 460/460/460 451/451/451 453/453/453
f 560/560/560 561/561/561 752/752/752
f 731/731/731 504/504/504 746/746/746
f 556/556/556 555/555/555 753/753/753
f 381/381/381 737/737/737 379/379/379
f 741/741/741 554/554/554 732/732/732
f 552/552/552 754/754/754 553/553/553
f 740/740/740 739/739/739 735/735/735
f 368/368/368 369/369/369 749/749/749
f 370/370/370 747/747/747 749/749/749
f 747/747/747 748/748/748 749/749/749
f 381/381/381 754/754/754 737/737/737
f 741/741/741 732/732/732 739/739/739
f 740/740/740 735/735/735 754/754/754
f 388/388/388 377/377/377 554/554/554
f 733/733/733 736/736/736 739/739/739
f 736/736/736 733/733/733 734/734/734
f 377/377/377 388/388/388 375/375/375
f 535/535/535 566/566/566 742/742/742
f 368/368/368 749/749/749 755/755/755
f 357/357/357 362/362/362 358/358/358
f 477/477/477 367/367/367 364/364/364
f 548/548/548 460/460/460 453/453/453
f 753/753/753 539/539/539 538/538/538
f 756/756/756 559/559/559 752/752/752
f 751/751/751 565/565/565 564/564/564
f 748/748/748 755/755/755 749/749/749
f 566/566/566 535/535/535 533/533/533
f 568/568/568 504/504/504 731/731/731
f 728/728/728 744/744/744 348/348/348
f 569/569/569 744/744/744 336/336/336
f 336/336/336 738/738/738 552/552/552
f 754/754/754 352/352/352 740/740/740
f 739/739/739 341/341/341 741/741/741
f 554/554/554 340/340/340 551/551/551
f 747/747/747 370/370/370 730/730/730
f 731/731/731 730/730/730 359/359/359
f 558/558/558 757/757/757 752/752/752
f 331/331/331 533/533/533 497/497/497
f 484/484/484 331/331/331 497/497/497
f 328/328/328 331/331/331 483/483/483
f 494/494/494 328/328/328 483/483/483
f 476/476/476 478/478/478 475/475/475
f 758/758/758 753/753/753 538/538/538
f 758/758/758 556/556/556 753/753/753
f 757/757/757 560/560/560 752/752/752
f 544/544/544 543/543/543 750/750/750
f 759/759/759 750/750/750 563/563/563
f 379/379/379 737/737/737 458/458/458
f 760/760/760 761/761/761 573/573/573
f 544/544/544 750/750/750 759/759/759
f 761/761/761 532/532/532 574/574/574
f 559/559/559 558/558/558 752/752/752
f 561/561/561 756/756/756 752/752/752
f 555/555/555 762/762/762 753/753/753
f 753/753/753 762/762/762 539/539/539
f 750/750/750 763/763/763 562/562/562
f 543/543/543 763/763/763 750/750/750
f 751/751/751 764/764/764 565/565/565
f 546/546/546 764/764/764 751/751/751
f 592/592/592 765/765/765 766/766/766
f 767/767/767 768/768/768 593/593/593
f 591/591/591 769/769/769 770/770/770
f 582/582/582 771/771/771 772/772/772
f 773/773/773 774/774/774 589/589/589
f 775/775/775 768/768/768 767/767/767
f 589/589/589 581/581/581 773/773/773
f 776/776/776 777/777/777 680/680/680
f 609/609/609 598/598/598 607/607/607
f 611/611/611 649/649/649 663/663/663
f 626/626/626 778/778/778 663/663/663
f 604/604/604 776/776/776 684/684/684
f 693/693/693 706/706/706 666/666/666
f 776/776/776 680/680/680 682/682/682
f 779/779/779 780/780/780 781/781/781
f 706/706/706 709/709/709 782/782/782
f 778/778/778 779/779/779 611/611/611
f 691/691/691 693/693/693 666/666/666
f 783/783/783 711/711/711 784/784/784
f 590/590/590 770/770/770 707/707/707
f 671/671/671 785/785/785 672/672/672
f 771/771/771 582/582/582 673/673/673
f 585/585/585 590/590/590 640/640/640
f 786/786/786 785/785/785 787/787/787
f 655/655/655 657/657/657 703/703/703
f 612/612/612 779/779/779 648/648/648
f 675/675/675 655/655/655 702/702/702
f 779/779/779 778/778/778 784/784/784
f 684/684/684 686/686/686 604/604/604
f 781/781/781 788/788/788 789/789/789
f 789/789/789 697/697/697 704/704/704
f 694/694/694 691/691/691 790/790/790
f 648/648/648 781/781/781 659/659/659
f 791/791/791 783/783/783 690/690/690
f 776/776/776 604/604/604 792/792/792
f 660/660/660 691/691/691 668/668/668
f 784/784/784 793/793/793 779/779/779
f 786/786/786 791/791/791 687/687/687
f 679/679/679 659/659/659 704/704/704
f 712/712/712 711/711/711 791/791/791
f 674/674/674 660/660/660 668/668/668
f 626/626/626 783/783/783 778/778/778
f 687/687/687 699/699/699 786/786/786
f 589/589/589 774/774/774 794/794/794
f 582/582/582 773/773/773 581/581/581
f 591/591/591 770/770/770 590/590/590
f 604/604/604 686/686/686 602/602/602
f 776/776/776 682/682/682 684/684/684
f 795/795/795 691/691/691 660/660/660
f 662/662/662 795/795/795 660/660/660
f 687/687/687 791/791/791 690/690/690
f 690/690/690 783/783/783 628/628/628
f 776/776/776 792/792/792 777/777/777
f 792/792/792 604/604/604 603/603/603
f 704/704/704 659/659/659 789/789/789
f 680/680/680 777/777/777 681/681/681
f 786/786/786 699/699/699 672/672/672
f 607/607/607 598/598/598 599/599/599
f 674/674/674 668/668/668 665/665/665
f 786/786/786 787/787/787 791/791/791
f 784/784/784 778/778/778 783/783/783
f 659/659/659 781/781/781 789/789/789
f 672/672/672 785/785/785 786/786/786
f 779/779/779 793/793/793 780/780/780
f 648/648/648 779/779/779 781/781/781
f 781/781/781 780/780/780 788/788/788
f 704/704/704 697/697/697 675/675/675
f 675/675/675 702/702/702 704/704/704
f 655/655/655 703/703/703 702/702/702
f 711/711/711 783/783/783 791/791/791
f 779/779/779 612/612/612 611/611/611
f 626/626/626 628/628/628 783/783/783
f 778/778/778 611/611/611 663/663/663
f 611/611/611 613/613/613 649/649/649
f 765/765/765 592/592/592 584/584/584
f 765/765/765 584/584/584 583/583/583
f 771/771/771 673/673/673 782/782/782
f 713/713/713 784/784/784 711/711/711
f 263/263/263 726/726/726 307/307/307
f 725/725/725 307/307/307 314/314/314
f 313/313/313 725/725/725 314/314/314
f 314/314/314 726/726/726 312/312/312
f 707/707/707 770/770/770 708/708/708
f 640/640/640 590/590/590 707/707/707
f 666/666/666 706/706/706 638/638/638
f 706/706/706 782/782/782 705/705/705
f 782/782/782 673/673/673 705/705/705
f 582/582/582 772/772/772 773/773/773
f 769/769/769 591/591/591 768/768/768
f 691/691/691 666/666/666 668/668/668
f 790/790/790 691/691/691 795/795/795
f 292/292/292 253/253/253 301/301/301
f 301/301/301 258/258/258 292/292/292
f 289/289/289 292/292/292 258/258/258
f 275/275/275 301/301/301 253/253/253
f 351/351/351 325/325/325 511/511/511
f 738/738/738 351/351/351 352/352/352
f 573/573/573 761/761/761 574/574/574
f 356/356/356 568/568/568 731/731/731
f 729/729/729 731/731/731 745/745/745
f 574/574/574 532/532/532 576/576/576
f 348/348/348 744/744/744 355/355/355
f 336/336/336 744/744/744 738/738/738
f 743/743/743 566/566/566 480/480/480
f 569/569/569 355/355/355 744/744/744
f 569/569/569 338/338/338 502/502/502
f 535/535/535 742/742/742 534/534/534
f 746/746/746 504/504/504 505/505/505
f 384/384/384 553/553/553 393/393/393
f 552/552/552 352/352/352 754/754/754
f 740/740/740 352/352/352 341/341/341
f 455/455/455 736/736/736 452/452/452
f 455/455/455 737/737/737 735/735/735
f 553/553/553 754/754/754 381/381/381
f 735/735/735 739/739/739 736/736/736
f 754/754/754 735/735/735 737/737/737
f 381/381/381 393/393/393 553/553/553
f 741/741/741 340/340/340 554/554/554
f 551/551/551 340/340/340 342/342/342
f 732/732/732 554/554/554 377/377/377
f 739/739/739 732/732/732 733/733/733
f 413/413/413 377/377/377 376/376/376
f 413/413/413 733/733/733 732/732/732
f 389/389/389 375/375/375 388/388/388
f 734/734/734 414/414/414 416/416/416
f 452/452/452 734/734/734 450/450/450
f 404/404/404 539/539/539 762/762/762
f 555/555/555 404/404/404 762/762/762
f 470/470/470 559/559/559 756/756/756
f 561/561/561 470/470/470 756/756/756
f 425/425/425 562/562/562 763/763/763
f 543/543/543 425/425/425 763/763/763
f 446/446/446 565/565/565 764/764/764
f 546/546/546 446/446/446 764/764/764
f 102/102/102 98/98/98 92/92/92
f 768/768/768 591/591/591 593/593/593
f 796/796/796 797/797/797 798/798/798
f 796/796/796 799/799/799 797/797/797
f 800/800/800 801/801/801 802/802/802
f 801/801/801 800/800/800 803/803/803
f 804/804/804 799/799/799 796/796/796
f 799/799/799 804/804/804 805/805/805
f 806/806/806 807/807/807 808/808/808
f 807/807/807 806/806/806 809/809/809
f 810/810/810 811/811/811 809/809/809
f 811/811/811 810/810/810 812/812/812
f 813/813/813 814/814/814 815/815/815
f 814/814/814 813/813/813 816/816/816
f 817/817/817 818/818/818 819/819/819
f 818/818/818 817/817/817 820/820/820
f 821/821/821 822/822/822 823/823/823
f 822/822/822 821/821/821 824/824/824
f 825/825/825 826/826/826 827/827/827
f 826/826/826 825/825/825 828/828/828
f 826/826/826 829/829/829 830/830/830
f 829/829/829 826/826/826 831/831/831
f 811/811/811 832/832/832 833/833/833
f 832/832/832 811/811/811 834/834/834
f 835/835/835 836/836/836 837/837/837
f 836/836/836 835/835/835 838/838/838
f 825/825/825 839/839/839 840/840/840
f 839/839/839 825/825/825 827/827/827
f 840/840/840 841/841/841 842/842/842
f 842/842/842 825/825/825 840/840/840
f 819/819/819 843/843/843 844/844/844
f 844/844/844 817/817/817 819/819/819
f 808/808/808 845/845/845 846/846/846
f 845/845/845 808/808/808 807/807/807
f 847/847/847 810/810/810 848/848/848
f 810/810/810 847/847/847 849/849/849
f 823/823/823 837/837/837 821/821/821
f 837/837/837 836/836/836 821/821/821
f 850/850/850 851/851/851 852/852/852
f 851/851/851 850/850/850 853/853/853
f 854/854/854 855/855/855 856/856/856
f 855/855/855 854/854/854 857/857/857
f 858/858/858 859/859/859 860/860/860
f 859/859/859 861/861/861 860/860/860
f 836/836/836 856/856/856 821/821/821
f 856/856/856 836/836/836 854/854/854
f 821/821/821 856/856/856 824/824/824
f 856/856/856 862/862/862 824/824/824
f 863/863/863 864/864/864 865/865/865
f 864/864/864 863/863/863 866/866/866
f 855/855/855 867/867/867 859/859/859
f 855/855/855 859/859/859 858/858/858
f 857/857/857 868/868/868 869/869/869
f 869/869/869 870/870/870 857/857/857
f 836/836/836 838/838/838 871/871/871
f 836/836/836 871/871/871 854/854/854
f 872/872/872 871/871/871 838/838/838
f 871/871/871 872/872/872 873/873/873
f 874/874/874 875/875/875 876/876/876
f 875/875/875 874/874/874 877/877/877
f 799/799/799 846/846/846 797/797/797
f 846/846/846 799/799/799 808/808/808
f 878/878/878 47/47/47 879/879/879
f 879/879/879 47/47/47 75/75/75
f 866/866/866 878/878/878 864/864/864
f 878/878/878 866/866/866 880/880/880
f 76/76/76 881/881/881 57/57/57
f 881/881/881 76/76/76 882/882/882
f 867/867/867 883/883/883 881/881/881
f 867/867/867 881/881/881 859/859/859
f 884/884/884 55/55/55 883/883/883
f 55/55/55 884/884/884 59/59/59
f 885/885/885 870/870/870 869/869/869
f 870/870/870 885/885/885 884/884/884
f 886/886/886 869/869/869 877/877/877
f 869/869/869 886/886/886 885/885/885
f 887/887/887 852/852/852 888/888/888
f 852/852/852 887/887/887 850/850/850
f 889/889/889 847/847/847 890/890/890
f 847/847/847 889/889/889 891/891/891
f 892/892/892 893/893/893 894/894/894
f 894/894/894 893/893/893 816/816/816
f 895/895/895 896/896/896 897/897/897
f 896/896/896 895/895/895 898/898/898
f 833/833/833 807/807/807 809/809/809
f 809/809/809 811/811/811 833/833/833
f 848/848/848 809/809/809 806/806/806
f 809/809/809 848/848/848 810/810/810
f 894/894/894 816/816/816 899/899/899
f 899/899/899 816/816/816 813/813/813
f 807/807/807 833/833/833 845/845/845
f 845/845/845 833/833/833 900/900/900
f 901/901/901 843/843/843 849/849/849
f 843/843/843 901/901/901 844/844/844
f 841/841/841 853/853/853 902/902/902
f 902/902/902 842/842/842 841/841/841
f 845/845/845 900/900/900 893/893/893
f 893/893/893 900/900/900 903/903/903
f 903/903/903 904/904/904 905/905/905
f 904/904/904 903/903/903 900/900/900
f 812/812/812 834/834/834 811/811/811
f 834/834/834 812/812/812 906/906/906
f 832/832/832 900/900/900 833/833/833
f 900/900/900 832/832/832 904/904/904
f 815/815/815 814/814/814 907/907/907
f 815/815/815 907/907/907 828/828/828
f 908/908/908 202/202/202 204/204/204
f 202/202/202 908/908/908 909/909/909
f 908/908/908 910/910/910 909/909/909
f 910/910/910 908/908/908 911/911/911
f 842/842/842 828/828/828 825/825/825
f 828/828/828 842/842/842 815/815/815
f 902/902/902 813/813/813 815/815/815
f 902/902/902 815/815/815 842/842/842
f 912/912/912 813/813/813 902/902/902
f 813/813/813 912/912/912 899/899/899
f 820/820/820 872/872/872 818/818/818
f 872/872/872 820/820/820 913/913/913
f 823/823/823 904/904/904 832/832/832
f 904/904/904 823/823/823 822/822/822
f 826/826/826 830/830/830 827/827/827
f 827/827/827 830/830/830 914/914/914
f 828/828/828 907/907/907 831/831/831
f 828/828/828 831/831/831 826/826/826
f 906/906/906 837/837/837 834/834/834
f 837/837/837 906/906/906 835/835/835
f 827/827/827 895/895/895 839/839/839
f 895/895/895 827/827/827 914/914/914
f 905/905/905 915/915/915 907/907/907
f 907/907/907 915/915/915 831/831/831
f 834/834/834 823/823/823 832/832/832
f 823/823/823 834/834/834 837/837/837
f 916/916/916 917/917/917 918/918/918
f 918/918/918 917/917/917 919/919/919
f 864/864/864 879/879/879 920/920/920
f 879/879/879 864/864/864 878/878/878
f 880/880/880 47/47/47 878/878/878
f 47/47/47 880/880/880 45/45/45
f 882/882/882 859/859/859 881/881/881
f 859/859/859 882/882/882 861/861/861
f 57/57/57 883/883/883 55/55/55
f 883/883/883 57/57/57 881/881/881
f 870/870/870 884/884/884 867/867/867
f 884/884/884 883/883/883 867/867/867
f 885/885/885 60/60/60 884/884/884
f 884/884/884 60/60/60 59/59/59
f 829/829/829 921/921/921 830/830/830
f 830/830/830 921/921/921 922/922/922
f 923/923/923 862/862/862 924/924/924
f 862/862/862 923/923/923 824/824/824
f 830/830/830 922/922/922 914/914/914
f 914/914/914 922/922/922 925/925/925
f 857/857/857 870/870/870 855/855/855
f 870/870/870 867/867/867 855/855/855
f 858/858/858 924/924/924 862/862/862
f 924/924/924 858/858/858 860/860/860
f 922/922/922 921/921/921 865/865/865
f 921/921/921 863/863/863 865/865/865
f 855/855/855 862/862/862 856/856/856
f 862/862/862 855/855/855 858/858/858
f 868/868/868 854/854/854 871/871/871
f 854/854/854 868/868/868 857/857/857
f 873/873/873 868/868/868 871/871/871
f 868/868/868 873/873/873 875/875/875
f 926/926/926 865/865/865 920/920/920
f 865/865/865 864/864/864 920/920/920
f 898/898/898 927/927/927 896/896/896
f 896/896/896 927/927/927 928/928/928
f 922/922/922 926/926/926 925/925/925
f 926/926/926 922/922/922 865/865/865
f 225/225/225 224/224/224 888/888/888
f 888/888/888 224/224/224 887/887/887
f 840/840/840 929/929/929 930/930/930
f 929/929/929 840/840/840 839/839/839
f 841/841/841 930/930/930 931/931/931
f 930/930/930 841/841/841 840/840/840
f 912/912/912 853/853/853 850/850/850
f 853/853/853 912/912/912 902/902/902
f 879/879/879 75/75/75 917/917/917
f 917/917/917 75/75/75 71/71/71
f 895/895/895 914/914/914 925/925/925
f 895/895/895 925/925/925 898/898/898
f 928/928/928 916/916/916 918/918/918
f 916/916/916 928/928/928 927/927/927
f 853/853/853 931/931/931 851/851/851
f 931/931/931 853/853/853 841/841/841
f 839/839/839 897/897/897 929/929/929
f 897/897/897 839/839/839 895/895/895
f 916/916/916 879/879/879 917/917/917
f 879/879/879 916/916/916 920/920/920
f 925/925/925 927/927/927 898/898/898
f 927/927/927 925/925/925 926/926/926
f 906/906/906 818/818/818 835/835/835
f 818/818/818 906/906/906 819/819/819
f 843/843/843 906/906/906 812/812/812
f 906/906/906 843/843/843 819/819/819
f 891/891/891 849/849/849 847/847/847
f 849/849/849 891/891/891 901/901/901
f 913/913/913 873/873/873 872/872/872
f 873/873/873 913/913/913 932/932/932
f 877/877/877 868/868/868 875/875/875
f 868/868/868 877/877/877 869/869/869
f 877/877/877 933/933/933 886/886/886
f 933/933/933 877/877/877 874/874/874
f 849/849/849 812/812/812 810/810/810
f 812/812/812 849/849/849 843/843/843
f 838/838/838 835/835/835 818/818/818
f 818/818/818 872/872/872 838/838/838
f 932/932/932 875/875/875 873/873/873
f 875/875/875 932/932/932 876/876/876
f 231/231/231 889/889/889 890/890/890
f 889/889/889 231/231/231 232/232/232
f 816/816/816 903/903/903 814/814/814
f 903/903/903 816/816/816 893/893/893
f 814/814/814 905/905/905 907/907/907
f 905/905/905 814/814/814 903/903/903
f 905/905/905 822/822/822 915/915/915
f 822/822/822 905/905/905 904/904/904
f 233/233/233 934/934/934 935/935/935
f 233/233/233 935/935/935 236/236/236
f 798/798/798 936/936/936 937/937/937
f 936/936/936 798/798/798 797/797/797
f 926/926/926 916/916/916 927/927/927
f 916/916/916 926/926/926 920/920/920
f 915/915/915 824/824/824 923/923/923
f 824/824/824 915/915/915 822/822/822
f 938/938/938 894/894/894 899/899/899
f 894/894/894 938/938/938 939/939/939
f 915/915/915 923/923/923 831/831/831
f 831/831/831 923/923/923 829/829/829
f 829/829/829 924/924/924 921/921/921
f 924/924/924 829/829/829 923/923/923
f 860/860/860 921/921/921 924/924/924
f 921/921/921 860/860/860 863/863/863
f 860/860/860 861/861/861 863/863/863
f 861/861/861 866/866/866 863/863/863
f 882/882/882 866/866/866 861/861/861
f 866/866/866 882/882/882 880/880/880
f 882/882/882 76/76/76 45/45/45
f 882/882/882 45/45/45 880/880/880
f 940/940/940 892/892/892 939/939/939
f 894/894/894 939/939/939 892/892/892
f 236/236/236 935/935/935 204/204/204
f 935/935/935 908/908/908 204/204/204
f 801/801/801 908/908/908 935/935/935
f 908/908/908 801/801/801 911/911/911
f 802/802/802 935/935/935 934/934/934
f 935/935/935 802/802/802 801/801/801
f 803/803/803 911/911/911 801/801/801
f 911/911/911 803/803/803 941/941/941
f 942/942/942 943/943/943 944/944/944
f 943/943/943 942/942/942 945/945/945
f 946/946/946 947/947/947 948/948/948
f 947/947/947 946/946/946 949/949/949
f 950/950/950 951/951/951 952/952/952
f 951/951/951 950/950/950 953/953/953
f 954/954/954 949/949/949 946/946/946
f 949/949/949 954/954/954 955/955/955
f 956/956/956 957/957/957 958/958/958
f 957/957/957 956/956/956 959/959/959
f 960/960/960 961/961/961 962/962/962
f 960/960/960 962/962/962 963/963/963
f 942/942/942 964/964/964 965/965/965
f 964/964/964 942/942/942 944/944/944
f 952/952/952 943/943/943 945/945/945
f 943/943/943 952/952/952 951/951/951
f 957/957/957 966/966/966 958/958/958
f 958/958/958 966/966/966 967/967/967
f 968/968/968 949/949/949 955/955/955
f 968/968/968 955/955/955 969/969/969
f 970/970/970 964/964/964 944/944/944
f 970/970/970 944/944/944 971/971/971
f 944/944/944 943/943/943 972/972/972
f 944/944/944 972/972/972 971/971/971
f 973/973/973 953/953/953 974/974/974
f 953/953/953 973/973/973 951/951/951
f 951/951/951 972/972/972 943/943/943
f 972/972/972 951/951/951 973/973/973
f 975/975/975 945/945/945 942/942/942
f 945/945/945 975/975/975 976/976/976
f 950/950/950 977/977/977 978/978/978
f 977/977/977 950/950/950 952/952/952
f 979/979/979 980/980/980 981/981/981
f 980/980/980 979/979/979 978/978/978
f 982/982/982 954/954/954 946/946/946
f 946/946/946 983/983/983 982/982/982
f 984/984/984 983/983/983 985/985/985
f 983/983/983 984/984/984 986/986/986
f 965/965/965 987/987/987 975/975/975
f 965/965/965 975/975/975 942/942/942
f 977/977/977 945/945/945 976/976/976
f 945/945/945 977/977/977 952/952/952
f 988/988/988 959/959/959 989/989/989
f 956/956/956 989/989/989 959/959/959
f 978/978/978 990/990/990 980/980/980
f 990/990/990 978/978/978 977/977/977
f 991/991/991 978/978/978 979/979/979
f 978/978/978 991/991/991 950/950/950
f 989/989/989 981/981/981 992/992/992
f 981/981/981 989/989/989 979/979/979
f 983/983/983 993/993/993 982/982/982
f 993/993/993 983/983/983 986/986/986
f 948/948/948 985/985/985 983/983/983
f 948/948/948 983/983/983 946/946/946
f 961/961/961 994/994/994 995/995/995
f 994/994/994 961/961/961 960/960/960
f 996/996/996 997/997/997 998/998/998
f 997/997/997 996/996/996 999/999/999
f 958/958/958 1000/1000/1000 1001/1001/1001
f 1000/1000/1000 958/958/958 967/967/967
f 947/947/947 968/968/968 1002/1002/1002
f 968/968/968 947/947/947 949/949/949
f 992/992/992 1003/1003/1003 989/989/989
f 1003/1003/1003 988/988/988 989/989/989
f 999/999/999 1004/1004/1004 997/997/997
f 1004/1004/1004 999/999/999 1005/1005/1005
f 1006/1006/1006 995/995/995 1007/1007/1007
f 995/995/995 1006/1006/1006 961/961/961
f 998/998/998 1008/1008/1008 1009/1009/1009
f 1008/1008/1008 998/998/998 997/997/997
f 1004/1004/1004 1010/1010/1010 997/997/997
f 1008/1008/1008 997/997/997 1010/1010/1010
f 1011/1011/1011 1012/1012/1012 1013/1013/1013
f 1012/1012/1012 1011/1011/1011 1014/1014/1014
f 964/964/964 970/970/970 955/955/955
f 969/969/969 955/955/955 970/970/970
f 955/955/955 965/965/965 964/964/964
f 965/965/965 955/955/955 954/954/954
f 954/954/954 982/982/982 987/987/987
f 954/954/954 987/987/987 965/965/965
f 1015/1015/1015 1016/1016/1016 1017/1017/1017
f 1015/1015/1015 1017/1017/1017 1018/1018/1018
f 1019/1019/1019 1018/1018/1018 1020/1020/1020
f 1018/1018/1018 1019/1019/1019 1015/1015/1015
f 1021/1021/1021 1022/1022/1022 1023/1023/1023
f 1022/1022/1022 1021/1021/1021 1024/1024/1024
f 1025/1025/1025 1026/1026/1026 1027/1027/1027
f 1026/1026/1026 1025/1025/1025 1028/1028/1028
f 1025/1025/1025 1029/1029/1029 1030/1030/1030
f 1029/1029/1029 1025/1025/1025 1027/1027/1027
f 1031/1031/1031 1032/1032/1032 1033/1033/1033
f 1032/1032/1032 1031/1031/1031 1034/1034/1034
f 1035/1035/1035 1036/1036/1036 1037/1037/1037
f 1035/1035/1035 1037/1037/1037 1038/1038/1038
f 1018/1018/1018 1017/1017/1017 1039/1039/1039
f 1017/1017/1017 1040/1040/1040 1039/1039/1039
f 1041/1041/1041 1042/1042/1042 1020/1020/1020
f 1020/1020/1020 1043/1043/1043 1041/1041/1041
f 1044/1044/1044 1045/1045/1045 1046/1046/1046
f 1045/1045/1045 1044/1044/1044 1024/1024/1024
f 1022/1022/1022 1024/1024/1024 1047/1047/1047
f 1024/1024/1024 1044/1044/1044 1047/1047/1047
f 1025/1025/1025 1048/1048/1048 1049/1049/1049
f 1048/1048/1048 1025/1025/1025 1030/1030/1030
f 1017/1017/1017 1050/1050/1050 1040/1040/1040
f 1050/1050/1050 1051/1051/1051 1040/1040/1040
f 1052/1052/1052 1044/1044/1044 1046/1046/1046
f 1044/1044/1044 1052/1052/1052 1053/1053/1053
f 1044/1044/1044 1054/1054/1054 1047/1047/1047
f 1054/1054/1054 1044/1044/1044 1053/1053/1053
f 1055/1055/1055 1056/1056/1056 1057/1057/1057
f 1056/1056/1056 1055/1055/1055 1058/1058/1058
f 1059/1059/1059 1060/1060/1060 1056/1056/1056
f 1056/1056/1056 1060/1060/1060 1061/1061/1061
f 1057/1057/1057 1061/1061/1061 1062/1062/1062
f 1061/1061/1061 1057/1057/1057 1056/1056/1056
f 1063/1063/1063 1064/1064/1064 1065/1065/1065
f 1064/1064/1064 1063/1063/1063 1066/1066/1066
f 1061/1061/1061 1067/1067/1067 1068/1068/1068
f 1067/1067/1067 1061/1061/1061 1060/1060/1060
f 1062/1062/1062 1068/1068/1068 1069/1069/1069
f 1068/1068/1068 1062/1062/1062 1061/1061/1061
f 1064/1064/1064 1070/1070/1070 1071/1071/1071
f 1070/1070/1070 1064/1064/1064 1066/1066/1066
f 1072/1072/1072 1066/1066/1066 1073/1073/1073
f 1066/1066/1066 1072/1072/1072 1070/1070/1070
f 1074/1074/1074 1075/1075/1075 1076/1076/1076
f 1075/1075/1075 1077/1077/1077 1076/1076/1076
f 1078/1078/1078 1079/1079/1079 1080/1080/1080
f 1078/1078/1078 1080/1080/1080 1081/1081/1081
f 1082/1082/1082 1036/1036/1036 1035/1035/1035
f 1036/1036/1036 1082/1082/1082 1083/1083/1083
f 1032/1032/1032 1084/1084/1084 1085/1085/1085
f 1032/1032/1032 1085/1085/1085 1086/1086/1086
f 1087/1087/1087 1085/1085/1085 1084/1084/1084
f 1085/1085/1085 1087/1087/1087 1088/1088/1088
f 1080/1080/1080 1089/1089/1089 1081/1081/1081
f 1089/1089/1089 1080/1080/1080 1090/1090/1090
f 1080/1080/1080 1091/1091/1091 1090/1090/1090
f 1091/1091/1091 1080/1080/1080 1092/1092/1092
f 1093/1093/1093 1083/1083/1083 1094/1094/1094
f 1082/1082/1082 1094/1094/1094 1083/1083/1083
f 1091/1091/1091 1092/1092/1092 1093/1093/1093
f 1083/1083/1083 1093/1093/1093 1092/1092/1092
f 1095/1095/1095 1096/1096/1096 1097/1097/1097
f 1096/1096/1096 1095/1095/1095 1098/1098/1098
f 1090/1090/1090 1099/1099/1099 1100/1100/1100
f 1099/1099/1099 1090/1090/1090 1091/1091/1091
f 1093/1093/1093 1099/1099/1099 1091/1091/1091
f 1099/1099/1099 1093/1093/1093 1101/1101/1101
f 1100/1100/1100 1099/1099/1099 1102/1102/1102
f 1099/1099/1099 1103/1103/1103 1102/1102/1102
f 1104/1104/1104 1099/1099/1099 1101/1101/1101
f 1099/1099/1099 1104/1104/1104 1103/1103/1103
f 1105/1105/1105 1106/1106/1106 1107/1107/1107
f 1105/1105/1105 1108/1108/1108 1106/1106/1106
f 1074/1074/1074 1109/1109/1109 1110/1110/1110
f 1109/1109/1109 1074/1074/1074 1076/1076/1076
f 1111/1111/1111 1112/1112/1112 1076/1076/1076
f 1076/1076/1076 1112/1112/1112 1109/1109/1109
f 1113/1113/1113 1114/1114/1114 1115/1115/1115
f 1114/1114/1114 1113/1113/1113 1116/1116/1116
f 1114/1114/1114 1112/1112/1112 1111/1111/1111
f 1112/1112/1112 1114/1114/1114 1116/1116/1116
f 1117/1117/1117 1118/1118/1118 1119/1119/1119
f 1118/1118/1118 1120/1120/1120 1119/1119/1119
f 1112/1112/1112 1121/1121/1121 1109/1109/1109
f 1121/1121/1121 1112/1112/1112 1122/1122/1122
f 1112/1112/1112 1123/1123/1123 1122/1122/1122
f 1123/1123/1123 1112/1112/1112 1116/1116/1116
f 1124/1124/1124 1121/1121/1121 1122/1122/1122
f 1121/1121/1121 1124/1124/1124 1125/1125/1125
f 1126/1126/1126 1123/1123/1123 1127/1127/1127
f 1127/1127/1127 1123/1123/1123 1128/1128/1128
f 1123/1123/1123 1126/1126/1126 1124/1124/1124
f 1124/1124/1124 1122/1122/1122 1123/1123/1123
f 1129/1129/1129 1130/1130/1130 1131/1131/1131
f 1130/1130/1130 1129/1129/1129 1132/1132/1132
f 1133/1133/1133 1134/1134/1134 1135/1135/1135
f 1134/1134/1134 1133/1133/1133 1136/1136/1136
f 1137/1137/1137 1133/1133/1133 1135/1135/1135
f 1137/1137/1137 1138/1138/1138 1133/1133/1133
f 1137/1137/1137 1139/1139/1139 1138/1138/1138
f 1139/1139/1139 1137/1137/1137 1140/1140/1140
f 1141/1141/1141 1130/1130/1130 1132/1132/1132
f 1130/1130/1130 1141/1141/1141 1142/1142/1142
f 1136/1136/1136 1143/1143/1143 1144/1144/1144
f 1143/1143/1143 1136/1136/1136 1133/1133/1133
f 1145/1145/1145 1133/1133/1133 1138/1138/1138
f 1133/1133/1133 1145/1145/1145 1143/1143/1143
f 1139/1139/1139 1146/1146/1146 1145/1145/1145
f 1139/1139/1139 1145/1145/1145 1138/1138/1138
f 1147/1147/1147 1142/1142/1142 1141/1141/1141
f 1142/1142/1142 1147/1147/1147 1148/1148/1148
f 1086/1086/1086 1137/1137/1137 1135/1135/1135
f 1137/1137/1137 1086/1086/1086 1085/1085/1085
f 1088/1088/1088 1137/1137/1137 1085/1085/1085
f 1137/1137/1137 1088/1088/1088 1140/1140/1140
f 1149/1149/1149 1150/1150/1150 1151/1151/1151
f 1150/1150/1150 1149/1149/1149 1152/1152/1152
f 1153/1153/1153 1154/1154/1154 1152/1152/1152
f 1152/1152/1152 1154/1154/1154 1150/1150/1150
f 1155/1155/1155 1156/1156/1156 1157/1157/1157
f 1156/1156/1156 1155/1155/1155 1158/1158/1158
f 1158/1158/1158 1153/1153/1153 1156/1156/1156
f 1153/1153/1153 1158/1158/1158 1154/1154/1154
f 1154/1154/1154 1159/1159/1159 1160/1160/1160
f 1154/1154/1154 1160/1160/1160 1150/1150/1150
f 1154/1154/1154 1161/1161/1161 1159/1159/1159
f 1161/1161/1161 1154/1154/1154 1158/1158/1158
f 1162/1162/1162 1163/1163/1163 1164/1164/1164
f 1163/1163/1163 1162/1162/1162 1165/1165/1165
f 1166/1166/1166 1163/1163/1163 1167/1167/1167
f 1163/1163/1163 1166/1166/1166 1168/1168/1168
f 1169/1169/1169 1160/1160/1160 1159/1159/1159
f 1160/1160/1160 1169/1169/1169 1170/1170/1170
f 1161/1161/1161 1171/1171/1171 1169/1169/1169
f 1169/1169/1169 1159/1159/1159 1161/1161/1161
f 1168/1168/1168 1166/1166/1166 1172/1172/1172
f 1166/1166/1166 1173/1173/1173 1172/1172/1172
f 1053/1053/1053 1052/1052/1052 1058/1058/1058
f 1052/1052/1052 1059/1059/1059 1058/1058/1058
f 1053/1053/1053 1055/1055/1055 1054/1054/1054
f 1055/1055/1055 1053/1053/1053 1058/1058/1058
f 1174/1174/1174 1065/1065/1065 1175/1175/1175
f 1065/1065/1065 1174/1174/1174 1176/1176/1176
f 1177/1177/1177 1178/1178/1178 1179/1179/1179
f 1178/1178/1178 1177/1177/1177 1174/1174/1174
f 1041/1041/1041 1043/1043/1043 1031/1031/1031
f 1031/1031/1031 1043/1043/1043 1034/1034/1034
f 1180/1180/1180 1066/1066/1066 1063/1063/1063
f 1066/1066/1066 1180/1180/1180 1073/1073/1073
f 1181/1181/1181 1182/1182/1182 1183/1183/1183
f 1182/1182/1182 1181/1181/1181 1184/1184/1184
f 1185/1185/1185 1186/1186/1186 1119/1119/1119
f 1119/1119/1119 1186/1186/1186 1187/1187/1187
f 1188/1188/1188 1189/1189/1189 1140/1140/1140
f 1188/1188/1188 1140/1140/1140 1088/1088/1088
f 1146/1146/1146 1190/1190/1190 1191/1191/1191
f 1190/1190/1190 1146/1146/1146 1139/1139/1139
f 1192/1192/1192 1193/1193/1193 1194/1194/1194
f 1193/1193/1193 1192/1192/1192 1195/1195/1195
f 1196/1196/1196 1197/1197/1197 1198/1198/1198
f 1199/1199/1199 1198/1198/1198 1197/1197/1197
f 1174/1174/1174 1177/1177/1177 1176/1176/1176
f 1177/1177/1177 1200/1200/1200 1176/1176/1176
f 1201/1201/1201 1202/1202/1202 1203/1203/1203
f 1203/1203/1203 1202/1202/1202 1204/1204/1204
f 1200/1200/1200 1180/1180/1180 1176/1176/1176
f 1176/1176/1176 1180/1180/1180 1063/1063/1063
f 1205/1205/1205 1095/1095/1095 1097/1097/1097
f 1095/1095/1095 1205/1205/1205 1206/1206/1206
f 1196/1196/1196 1207/1207/1207 1165/1165/1165
f 1207/1207/1207 1196/1196/1196 1208/1208/1208
f 1184/1184/1184 1209/1209/1209 1182/1182/1182
f 1209/1209/1209 1184/1184/1184 1117/1117/1117
f 1210/1210/1210 1017/1017/1017 1016/1016/1016
f 1017/1017/1017 1210/1210/1210 1050/1050/1050
f 1211/1211/1211 1097/1097/1097 1096/1096/1096
f 1211/1211/1211 1096/1096/1096 1212/1212/1212
f 1213/1213/1213 1106/1106/1106 1214/1214/1214
f 1106/1106/1106 1213/1213/1213 1107/1107/1107
f 1211/1211/1211 1215/1215/1215 1205/1205/1205
f 1205/1205/1205 1097/1097/1097 1211/1211/1211
f 1165/1165/1165 1207/1207/1207 1163/1163/1163
f 1207/1207/1207 1167/1167/1167 1163/1163/1163
f 1164/1164/1164 1168/1168/1168 1216/1216/1216
f 1168/1168/1168 1164/1164/1164 1163/1163/1163
f 1216/1216/1216 1172/1172/1172 1217/1217/1217
f 1172/1172/1172 1216/1216/1216 1168/1168/1168
f 1197/1197/1197 1196/1196/1196 1162/1162/1162
f 1196/1196/1196 1165/1165/1165 1162/1162/1162
f 1196/1196/1196 1183/1183/1183 1208/1208/1208
f 1183/1183/1183 1196/1196/1196 1198/1198/1198
f 1209/1209/1209 1117/1117/1117 1119/1119/1119
f 1209/1209/1209 1119/1119/1119 1187/1187/1187
f 1181/1181/1181 1194/1194/1194 1218/1218/1218
f 1181/1181/1181 1218/1218/1218 1184/1184/1184
f 1218/1218/1218 1118/1118/1118 1184/1184/1184
f 1184/1184/1184 1118/1118/1118 1117/1117/1117
f 1219/1219/1219 1119/1119/1119 1120/1120/1120
f 1119/1119/1119 1219/1219/1219 1185/1185/1185
f 1220/1220/1220 1130/1130/1130 1142/1142/1142
f 1130/1130/1130 1220/1220/1220 1221/1221/1221
f 1222/1222/1222 1142/1142/1142 1148/1148/1148
f 1142/1142/1142 1222/1222/1222 1220/1220/1220
f 1223/1223/1223 1224/1224/1224 1049/1049/1049
f 1224/1224/1224 1223/1223/1223 1225/1225/1225
f 1049/1049/1049 1226/1226/1226 1223/1223/1223
f 1226/1226/1226 1049/1049/1049 1048/1048/1048
f 1020/1020/1020 1039/1039/1039 1043/1043/1043
f 1039/1039/1039 1020/1020/1020 1018/1018/1018
f 1025/1025/1025 1224/1224/1224 1028/1028/1028
f 1224/1224/1224 1025/1025/1025 1049/1049/1049
f 1033/1033/1033 1086/1086/1086 1227/1227/1227
f 1086/1086/1086 1033/1033/1033 1032/1032/1032
f 1219/1219/1219 1228/1228/1228 1185/1185/1185
f 1228/1228/1228 1229/1229/1229 1185/1185/1185
f 1230/1230/1230 1231/1231/1231 1175/1175/1175
f 1231/1231/1231 1178/1178/1178 1175/1175/1175
f 1030/1030/1030 1232/1232/1232 1231/1231/1231
f 1232/1232/1232 1030/1030/1030 1029/1029/1029
f 1205/1205/1205 1233/1233/1233 1234/1234/1234
f 1233/1233/1233 1205/1205/1205 1215/1215/1215
f 1199/1199/1199 1205/1205/1205 1234/1234/1234
f 1205/1205/1205 1199/1199/1199 1206/1206/1206
f 1090/1090/1090 1100/1100/1100 1089/1089/1089
f 1089/1089/1089 1100/1100/1100 1235/1235/1235
f 1093/1093/1093 1236/1236/1236 1101/1101/1101
f 1236/1236/1236 1093/1093/1093 1094/1094/1094
f 1102/1102/1102 1237/1237/1237 1238/1238/1238
f 1102/1102/1102 1238/1238/1238 1239/1239/1239
f 1121/1121/1121 1110/1110/1110 1109/1109/1109
f 1110/1110/1110 1121/1121/1121 1240/1240/1240
f 1116/1116/1116 1128/1128/1128 1123/1123/1123
f 1128/1128/1128 1116/1116/1116 1113/1113/1113
f 1241/1241/1241 1240/1240/1240 1125/1125/1125
f 1125/1125/1125 1240/1240/1240 1121/1121/1121
f 1242/1242/1242 1126/1126/1126 1127/1127/1127
f 1242/1242/1242 1127/1127/1127 1243/1243/1243
f 1244/1244/1244 1146/1146/1146 1245/1245/1245
f 1245/1245/1245 1146/1146/1146 1191/1191/1191
f 1158/1158/1158 1246/1246/1246 1161/1161/1161
f 1246/1246/1246 1158/1158/1158 1155/1155/1155
f 1170/1170/1170 1247/1247/1247 1160/1160/1160
f 1247/1247/1247 1170/1170/1170 1248/1248/1248
f 1171/1171/1171 1161/1161/1161 1249/1249/1249
f 1161/1161/1161 1246/1246/1246 1249/1249/1249
f 1034/1034/1034 1084/1084/1084 1032/1032/1032
f 1084/1084/1084 1034/1034/1034 1250/1250/1250
f 1036/1036/1036 1251/1251/1251 1037/1037/1037
f 1251/1251/1251 1036/1036/1036 1252/1252/1252
f 1250/1250/1250 1253/1253/1253 1084/1084/1084
f 1253/1253/1253 1087/1087/1087 1084/1084/1084
f 1104/1104/1104 1254/1254/1254 1255/1255/1255
f 1254/1254/1254 1104/1104/1104 1256/1256/1256
f 1170/1170/1170 1257/1257/1257 1258/1258/1258
f 1258/1258/1258 1248/1248/1248 1170/1170/1170
f 1171/1171/1171 1259/1259/1259 1260/1260/1260
f 1259/1259/1259 1171/1171/1171 1249/1249/1249
f 1241/1241/1241 1261/1261/1261 1262/1262/1262
f 1261/1261/1261 1241/1241/1241 1125/1125/1125
f 1143/1143/1143 1263/1263/1263 1144/1144/1144
f 1263/1263/1263 1143/1143/1143 1264/1264/1264
f 1232/1232/1232 1178/1178/1178 1231/1231/1231
f 1178/1178/1178 1232/1232/1232 1265/1265/1265
f 1027/1027/1027 1266/1266/1266 1192/1192/1192
f 1266/1266/1266 1027/1027/1027 1026/1026/1026
f 1201/1201/1201 1267/1267/1267 1202/1202/1202
f 1267/1267/1267 1201/1201/1201 1268/1268/1268
f 1185/1185/1185 1229/1229/1229 1269/1269/1269
f 1269/1269/1269 1186/1186/1186 1185/1185/1185
f 1192/1192/1192 1270/1270/1270 1195/1195/1195
f 1270/1270/1270 1192/1192/1192 1266/1266/1266
f 1042/1042/1042 1019/1019/1019 1020/1020/1020
f 1019/1019/1019 1042/1042/1042 1271/1271/1271
f 1048/1048/1048 1272/1272/1272 1226/1226/1226
f 1272/1272/1272 1048/1048/1048 1273/1273/1273
f 1140/1140/1140 1190/1190/1190 1139/1139/1139
f 1190/1190/1190 1140/1140/1140 1189/1189/1189
f 1130/1130/1130 1274/1274/1274 1131/1131/1131
f 1274/1274/1274 1130/1130/1130 1221/1221/1221
f 1227/1227/1227 1135/1135/1135 1134/1134/1134
f 1135/1135/1135 1227/1227/1227 1086/1086/1086
f 1270/1270/1270 1129/1129/1129 1195/1195/1195
f 1195/1195/1195 1129/1129/1129 1131/1131/1131
f 1195/1195/1195 1274/1274/1274 1193/1193/1193
f 1274/1274/1274 1195/1195/1195 1131/1131/1131
f 1236/1236/1236 1256/1256/1256 1101/1101/1101
f 1104/1104/1104 1101/1101/1101 1256/1256/1256
f 1212/1212/1212 1107/1107/1107 1213/1213/1213
f 1107/1107/1107 1212/1212/1212 1096/1096/1096
f 1098/1098/1098 1107/1107/1107 1096/1096/1096
f 1107/1107/1107 1098/1098/1098 1105/1105/1105
f 1100/1100/1100 1239/1239/1239 1235/1235/1235
f 1239/1239/1239 1100/1100/1100 1102/1102/1102
f 1048/1048/1048 1030/1030/1030 1273/1273/1273
f 1273/1273/1273 1030/1030/1030 1275/1275/1275
f 577/577/577 1276/1276/1276 1277/1277/1277
f 577/577/577 1277/1277/1277 580/580/580
f 1276/1276/1276 1278/1278/1278 1277/1277/1277
f 1278/1278/1278 1279/1279/1279 1277/1277/1277
f 583/583/583 1280/1280/1280 1281/1281/1281
f 1280/1280/1280 583/583/583 586/586/586
f 1276/1276/1276 587/587/587 1282/1282/1282
f 587/587/587 1276/1276/1276 577/577/577
f 1278/1278/1278 1282/1282/1282 1283/1283/1283
f 1282/1282/1282 1278/1278/1278 1276/1276/1276
f 1281/1281/1281 1280/1280/1280 1284/1284/1284
f 1281/1281/1281 1284/1284/1284 1285/1285/1285
f 1281/1281/1281 1285/1285/1285 1286/1286/1286
f 1286/1286/1286 1285/1285/1285 1287/1287/1287
f 1288/1288/1288 1289/1289/1289 1290/1290/1290
f 1289/1289/1289 1291/1291/1291 1290/1290/1290
f 1292/1292/1292 1293/1293/1293 1291/1291/1291
f 1292/1292/1292 1291/1291/1291 1289/1289/1289
f 1294/1294/1294 1288/1288/1288 1295/1295/1295
f 1288/1288/1288 1290/1290/1290 1295/1295/1295
f 602/602/602 1296/1296/1296 1297/1297/1297
f 602/602/602 1297/1297/1297 605/605/605
f 1298/1298/1298 606/606/606 1299/1299/1299
f 606/606/606 608/608/608 1299/1299/1299
f 1300/1300/1300 1301/1301/1301 1302/1302/1302
f 1301/1301/1301 1300/1300/1300 1303/1303/1303
f 614/614/614 1304/1304/1304 1305/1305/1305
f 614/614/614 1305/1305/1305 617/617/617
f 1306/1306/1306 1307/1307/1307 1308/1308/1308
f 1307/1307/1307 1306/1306/1306 1309/1309/1309
f 1301/1301/1301 1310/1310/1310 1311/1311/1311
f 1310/1310/1310 1301/1301/1301 1312/1312/1312
f 625/625/625 1313/1313/1313 1314/1314/1314
f 1313/1313/1313 625/625/625 627/627/627
f 1315/1315/1315 1316/1316/1316 1289/1289/1289
f 1316/1316/1316 1292/1292/1292 1289/1289/1289
f 1303/1303/1303 1312/1312/1312 1301/1301/1301
f 1312/1312/1312 1303/1303/1303 1317/1317/1317
f 632/632/632 1318/1318/1318 1319/1319/1319
f 1318/1318/1318 632/632/632 635/635/635
f 1320/1320/1320 637/637/637 639/639/639
f 637/637/637 1320/1320/1320 1321/1321/1321
f 586/586/586 1322/1322/1322 1280/1280/1280
f 1322/1322/1322 586/586/586 641/641/641
f 1298/1298/1298 1316/1316/1316 1323/1323/1323
f 1316/1316/1316 1298/1298/1298 1292/1292/1292
f 1312/1312/1312 1324/1324/1324 1310/1310/1310
f 1324/1324/1324 1312/1312/1312 1325/1325/1325
f 1326/1326/1326 1327/1327/1327 1294/1294/1294
f 1327/1327/1327 1288/1288/1288 1294/1294/1294
f 1312/1312/1312 1317/1317/1317 1325/1325/1325
f 1317/1317/1317 1328/1328/1328 1325/1325/1325
f 1302/1302/1302 1311/1311/1311 1329/1329/1329
f 1311/1311/1311 1302/1302/1302 1301/1301/1301
f 1330/1330/1330 632/632/632 1319/1319/1319
f 632/632/632 1330/1330/1330 650/650/650
f 1319/1319/1319 1328/1328/1328 1317/1317/1317
f 1328/1328/1328 1319/1319/1319 1318/1318/1318
f 635/635/635 1323/1323/1323 1318/1318/1318
f 1323/1323/1323 635/635/635 651/651/651
f 1277/1277/1277 652/652/652 580/580/580
f 652/652/652 1277/1277/1277 1331/1331/1331
f 1332/1332/1332 654/654/654 1333/1333/1333
f 654/654/654 1332/1332/1332 657/657/657
f 1329/1329/1329 1334/1334/1334 1335/1335/1335
f 1334/1334/1334 1329/1329/1329 1311/1311/1311
f 1336/1336/1336 1337/1337/1337 1338/1338/1338
f 1338/1338/1338 1333/1333/1333 1336/1336/1336
f 1325/1325/1325 1327/1327/1327 1324/1324/1324
f 1327/1327/1327 1325/1325/1325 1315/1315/1315
f 627/627/627 1339/1339/1339 1313/1313/1313
f 1339/1339/1339 627/627/627 664/664/664
f 1340/1340/1340 665/665/665 667/667/667
f 665/665/665 1340/1340/1340 1341/1341/1341
f 1342/1342/1342 1343/1343/1343 1344/1344/1344
f 1343/1343/1343 1342/1342/1342 1345/1345/1345
f 1277/1277/1277 1279/1279/1279 1331/1331/1331
f 1279/1279/1279 1346/1346/1346 1331/1331/1331
f 674/674/674 1333/1333/1333 654/654/654
f 1333/1333/1333 674/674/674 1336/1336/1336
f 1333/1333/1333 1347/1347/1347 1332/1332/1332
f 1347/1347/1347 1333/1333/1333 1338/1338/1338
f 617/617/617 1348/1348/1348 677/677/677
f 1348/1348/1348 617/617/617 1305/1305/1305
f 1305/1305/1305 1349/1349/1349 1306/1306/1306
f 1305/1305/1305 1306/1306/1306 1348/1348/1348
f 1311/1311/1311 1309/1309/1309 1334/1334/1334
f 1309/1309/1309 1311/1311/1311 1310/1310/1310
f 1309/1309/1309 1310/1310/1310 1307/1307/1307
f 1310/1310/1310 1324/1324/1324 1307/1307/1307
f 1335/1335/1335 1349/1349/1349 1350/1350/1350
f 1349/1349/1349 1335/1335/1335 1334/1334/1334
f 1306/1306/1306 1349/1349/1349 1334/1334/1334
f 1334/1334/1334 1309/1309/1309 1306/1306/1306
f 1351/1351/1351 1294/1294/1294 1295/1295/1295
f 1295/1295/1295 1352/1352/1352 1351/1351/1351
f 1353/1353/1353 1326/1326/1326 1294/1294/1294
f 1294/1294/1294 1351/1351/1351 1353/1353/1353
f 1328/1328/1328 1315/1315/1315 1325/1325/1325
f 1315/1315/1315 1328/1328/1328 1316/1316/1316
f 1316/1316/1316 1318/1318/1318 1323/1323/1323
f 1318/1318/1318 1316/1316/1316 1328/1328/1328
f 1324/1324/1324 1326/1326/1326 1307/1307/1307
f 1326/1326/1326 1324/1324/1324 1327/1327/1327
f 651/651/651 1298/1298/1298 1323/1323/1323
f 1298/1298/1298 651/651/651 606/606/606
f 683/683/683 1354/1354/1354 686/686/686
f 1354/1354/1354 683/683/683 1355/1355/1355
f 1308/1308/1308 1326/1326/1326 1353/1353/1353
f 1326/1326/1326 1308/1308/1308 1307/1307/1307
f 1350/1350/1350 1349/1349/1349 1304/1304/1304
f 1304/1304/1304 1349/1349/1349 1305/1305/1305
f 1348/1348/1348 1306/1306/1306 1308/1308/1308
f 1348/1348/1348 1308/1308/1308 1355/1355/1355
f 1355/1355/1355 1308/1308/1308 1353/1353/1353
f 1355/1355/1355 1353/1353/1353 1354/1354/1354
f 664/664/664 1330/1330/1330 1339/1339/1339
f 1330/1330/1330 664/664/664 650/650/650
f 677/677/677 1348/1348/1348 1355/1355/1355
f 677/677/677 1355/1355/1355 683/683/683
f 1327/1327/1327 1315/1315/1315 1288/1288/1288
f 1315/1315/1315 1289/1289/1289 1288/1288/1288
f 1356/1356/1356 689/689/689 688/688/688
f 688/688/688 1357/1357/1357 1356/1356/1356
f 1358/1358/1358 1359/1359/1359 1360/1360/1360
f 1359/1359/1359 1358/1358/1358 1361/1361/1361
f 688/688/688 1314/1314/1314 1357/1357/1357
f 1314/1314/1314 688/688/688 625/625/625
f 1362/1362/1362 1337/1337/1337 1363/1363/1363
f 1337/1337/1337 1362/1362/1362 1338/1338/1338
f 1364/1364/1364 1338/1338/1338 1362/1362/1362
f 1338/1338/1338 1364/1364/1364 1347/1347/1347
f 689/689/689 1356/1356/1356 698/698/698
f 698/698/698 1356/1356/1356 1365/1365/1365
f 700/700/700 1365/1365/1365 1366/1366/1366
f 1365/1365/1365 700/700/700 698/698/698
f 1330/1330/1330 1317/1317/1317 1303/1303/1303
f 1317/1317/1317 1330/1330/1330 1319/1319/1319
f 1366/1366/1366 1345/1345/1345 1342/1342/1342
f 1345/1345/1345 1366/1366/1366 1365/1365/1365
f 703/703/703 1304/1304/1304 614/614/614
f 1304/1304/1304 703/703/703 1367/1367/1367
f 1367/1367/1367 1350/1350/1350 1304/1304/1304
f 1350/1350/1350 1367/1367/1367 1368/1368/1368
f 1321/1321/1321 667/667/667 637/637/637
f 667/667/667 1321/1321/1321 1340/1340/1340
f 1369/1369/1369 1321/1321/1321 1320/1320/1320
f 1321/1321/1321 1369/1369/1369 1370/1370/1370
f 1371/1371/1371 1344/1344/1344 1372/1372/1372
f 1344/1344/1344 1371/1371/1371 1342/1342/1342
f 641/641/641 1366/1366/1366 1322/1322/1322
f 1366/1366/1366 641/641/641 700/700/700
f 1366/1366/1366 1342/1342/1342 1322/1322/1322
f 1371/1371/1371 1322/1322/1322 1342/1342/1342
f 1370/1370/1370 1373/1373/1373 1358/1358/1358
f 1358/1358/1358 1360/1360/1360 1370/1370/1370
f 1331/1331/1331 639/639/639 652/652/652
f 639/639/639 1331/1331/1331 1320/1320/1320
f 1346/1346/1346 1320/1320/1320 1331/1331/1331
f 1320/1320/1320 1346/1346/1346 1369/1369/1369
f 1374/1374/1374 1375/1375/1375 1376/1376/1376
f 1374/1374/1374 1376/1376/1376 1377/1377/1377
f 1378/1378/1378 803/803/803 800/800/800
f 848/848/848 805/805/805 1379/1379/1379
f 805/805/805 804/804/804 1379/1379/1379
f 224/224/224 1380/1380/1380 887/887/887
f 808/808/808 805/805/805 806/806/806
f 919/919/919 917/917/917 71/71/71
f 717/717/717 719/719/719 1381/1381/1381
f 719/719/719 890/890/890 1379/1379/1379
f 1382/1382/1382 941/941/941 1383/1383/1383
f 846/846/846 1384/1384/1384 797/797/797
f 723/723/723 909/909/909 1380/1380/1380
f 938/938/938 910/910/910 1382/1382/1382
f 912/912/912 938/938/938 899/899/899
f 1384/1384/1384 939/939/939 1383/1383/1383
f 77/77/77 886/886/886 933/933/933
f 1379/1379/1379 890/890/890 848/848/848
f 60/60/60 885/885/885 886/886/886
f 1385/1385/1385 937/937/937 936/936/936
f 846/846/846 845/845/845 892/892/892
f 887/887/887 1380/1380/1380 850/850/850
f 1384/1384/1384 1385/1385/1385 936/936/936
f 939/939/939 1382/1382/1382 1383/1383/1383
f 846/846/846 940/940/940 1384/1384/1384
f 804/804/804 1381/1381/1381 1379/1379/1379
f 890/890/890 847/847/847 848/848/848
f 846/846/846 892/892/892 940/940/940
f 1384/1384/1384 936/936/936 797/797/797
f 845/845/845 893/893/893 892/892/892
f 224/224/224 723/723/723 1380/1380/1380
f 1385/1385/1385 1378/1378/1378 937/937/937
f 1384/1384/1384 1383/1383/1383 1385/1385/1385
f 939/939/939 938/938/938 1382/1382/1382
f 941/941/941 803/803/803 1385/1385/1385
f 941/941/941 1385/1385/1385 1383/1383/1383
f 911/911/911 1382/1382/1382 910/910/910
f 1380/1380/1380 909/909/909 910/910/910
f 938/938/938 1380/1380/1380 910/910/910
f 723/723/723 202/202/202 909/909/909
f 911/911/911 941/941/941 1382/1382/1382
f 1384/1384/1384 940/940/940 939/939/939
f 1378/1378/1378 1385/1385/1385 803/803/803
f 912/912/912 1380/1380/1380 938/938/938
f 719/719/719 1379/1379/1379 1381/1381/1381
f 848/848/848 806/806/806 805/805/805
f 719/719/719 231/231/231 890/890/890
f 1380/1380/1380 912/912/912 850/850/850
f 60/60/60 886/886/886 77/77/77
f 919/919/919 71/71/71 73/73/73
f 950/950/950 991/991/991 953/953/953
f 958/958/958 1001/1001/1001 956/956/956
f 1007/1007/1007 1386/1386/1386 1006/1006/1006
f 1006/1006/1006 1013/1013/1013 1387/1387/1387
f 1000/1000/1000 974/974/974 1001/1001/1001
f 989/989/989 991/991/991 979/979/979
f 962/962/962 961/961/961 1387/1387/1387
f 1388/1388/1388 1011/1011/1011 1386/1386/1386
f 1389/1389/1389 1050/1050/1050 1023/1023/1023
f 1390/1390/1390 1391/1391/1391 1392/1392/1392
f 1393/1393/1393 1111/1111/1111 1077/1077/1077
f 1394/1394/1394 1395/1395/1395 1114/1114/1114
f 1080/1080/1080 1079/1079/1079 1092/1092/1092
f 1396/1396/1396 1153/1153/1153 1397/1397/1397
f 1188/1188/1188 1088/1088/1088 1075/1075/1075
f 1114/1114/1114 1111/1111/1111 1394/1394/1394
f 1083/1083/1083 1252/1252/1252 1036/1036/1036
f 1156/1156/1156 1153/1153/1153 1398/1398/1398
f 1389/1389/1389 1399/1399/1399 1050/1050/1050
f 1045/1045/1045 1024/1024/1024 1021/1021/1021
f 1265/1265/1265 1179/1179/1179 1178/1178/1178
f 1389/1389/1389 1022/1022/1022 1047/1047/1047
f 1275/1275/1275 1231/1231/1231 1230/1230/1230
f 1268/1268/1268 1054/1054/1054 1267/1267/1267
f 1392/1392/1392 1057/1057/1057 1062/1062/1062
f 1069/1069/1069 1392/1392/1392 1062/1062/1062
f 1397/1397/1397 1152/1152/1152 1395/1395/1395
f 1398/1398/1398 1157/1157/1157 1156/1156/1156
f 1102/1102/1102 1103/1103/1103 1237/1237/1237
f 1104/1104/1104 1255/1255/1255 1103/1103/1103
f 1125/1125/1125 1124/1124/1124 1261/1261/1261
f 1126/1126/1126 1242/1242/1242 1124/1124/1124
f 1143/1143/1143 1145/1145/1145 1264/1264/1264
f 1146/1146/1146 1244/1244/1244 1145/1145/1145
f 1170/1170/1170 1169/1169/1169 1257/1257/1257
f 1171/1171/1171 1260/1260/1260 1169/1169/1169
f 1055/1055/1055 1267/1267/1267 1054/1054/1054
f 1192/1192/1192 1194/1194/1194 1027/1027/1027
f 1181/1181/1181 1183/1183/1183 1029/1029/1029
f 1198/1198/1198 1199/1199/1199 1232/1232/1232
f 1232/1232/1232 1199/1199/1199 1234/1234/1234
f 1268/1268/1268 1038/1038/1038 1037/1037/1037
f 1399/1399/1399 1251/1251/1251 1051/1051/1051
f 1040/1040/1040 1400/1400/1400 1401/1401/1401
f 1040/1040/1040 1402/1402/1402 1039/1039/1039
f 1043/1043/1043 1250/1250/1250 1034/1034/1034
f 1023/1023/1023 1022/1022/1022 1389/1389/1389
f 1403/1403/1403 1404/1404/1404 1265/1265/1265
f 1399/1399/1399 1389/1389/1389 1405/1405/1405
f 1275/1275/1275 1030/1030/1030 1231/1231/1231
f 1057/1057/1057 1391/1391/1391 1055/1055/1055
f 1406/1406/1406 1407/1407/1407 1391/1391/1391
f 1392/1392/1392 1408/1408/1408 1390/1390/1390
f 1409/1409/1409 1390/1390/1390 1408/1408/1408
f 1068/1068/1068 1410/1410/1410 1069/1069/1069
f 1262/1262/1262 1261/1261/1261 1411/1411/1411
f 1244/1244/1244 1245/1245/1245 1412/1412/1412
f 1160/1160/1160 1151/1151/1151 1150/1150/1150
f 1259/1259/1259 1413/1413/1413 1260/1260/1260
f 1391/1391/1391 1407/1407/1407 1202/1202/1202
f 1254/1254/1254 1414/1414/1414 1255/1255/1255
f 1079/1079/1079 1078/1078/1078 1398/1398/1398
f 1402/1402/1402 1393/1393/1393 1253/1253/1253
f 1251/1251/1251 1252/1252/1252 1415/1415/1415
f 1400/1400/1400 1396/1396/1396 1401/1401/1401
f 1067/1067/1067 1410/1410/1410 1068/1068/1068
f 1069/1069/1069 1410/1410/1410 1408/1408/1408
f 1408/1408/1408 1410/1410/1410 1409/1409/1409
f 1079/1079/1079 1398/1398/1398 1415/1415/1415
f 1402/1402/1402 1401/1401/1401 1393/1393/1393
f 1400/1400/1400 1415/1415/1415 1396/1396/1396
f 1087/1087/1087 1253/1253/1253 1077/1077/1077
f 1394/1394/1394 1401/1401/1401 1397/1397/1397
f 1397/1397/1397 1395/1395/1395 1394/1394/1394
f 1077/1077/1077 1075/1075/1075 1087/1087/1087
f 1234/1234/1234 1403/1403/1403 1265/1265/1265
f 1067/1067/1067 1416/1416/1416 1410/1410/1410
f 1056/1056/1056 1058/1058/1058 1059/1059/1059
f 1176/1176/1176 1063/1063/1063 1065/1065/1065
f 1247/1247/1247 1151/1151/1151 1160/1160/1160
f 1414/1414/1414 1238/1238/1238 1237/1237/1237
f 1417/1417/1417 1413/1413/1413 1257/1257/1257
f 1412/1412/1412 1263/1263/1263 1264/1264/1264
f 1409/1409/1409 1410/1410/1410 1416/1416/1416
f 1265/1265/1265 1232/1232/1232 1234/1234/1234
f 1267/1267/1267 1391/1391/1391 1202/1202/1202
f 1389/1389/1389 1047/1047/1047 1405/1405/1405
f 1268/1268/1268 1037/1037/1037 1405/1405/1405
f 1037/1037/1037 1251/1251/1251 1399/1399/1399
f 1415/1415/1415 1400/1400/1400 1051/1051/1051
f 1401/1401/1401 1402/1402/1402 1040/1040/1040
f 1253/1253/1253 1250/1250/1250 1039/1039/1039
f 1408/1408/1408 1392/1392/1392 1069/1069/1069
f 1391/1391/1391 1057/1057/1057 1392/1392/1392
f 1258/1258/1258 1413/1413/1413 1418/1418/1418
f 1029/1029/1029 1198/1198/1198 1232/1232/1232
f 1183/1183/1183 1198/1198/1198 1029/1029/1029
f 1027/1027/1027 1181/1181/1181 1029/1029/1029
f 1194/1194/1194 1181/1181/1181 1027/1027/1027
f 1174/1174/1174 1175/1175/1175 1178/1178/1178
f 1419/1419/1419 1238/1238/1238 1414/1414/1414
f 1419/1419/1419 1414/1414/1414 1254/1254/1254
f 1418/1418/1418 1413/1413/1413 1259/1259/1259
f 1243/1243/1243 1411/1411/1411 1242/1242/1242
f 1420/1420/1420 1262/1262/1262 1411/1411/1411
f 1078/1078/1078 1157/1157/1157 1398/1398/1398
f 1421/1421/1421 1272/1272/1272 1422/1422/1422
f 1243/1243/1243 1420/1420/1420 1411/1411/1411
f 1422/1422/1422 1273/1273/1273 1230/1230/1230
f 1257/1257/1257 1413/1413/1413 1258/1258/1258
f 1260/1260/1260 1413/1413/1413 1417/1417/1417
f 1255/1255/1255 1414/1414/1414 1423/1423/1423
f 1414/1414/1414 1237/1237/1237 1423/1423/1423
f 1411/1411/1411 1261/1261/1261 1424/1424/1424
f 1242/1242/1242 1411/1411/1411 1424/1424/1424
f 1412/1412/1412 1264/1264/1264 1425/1425/1425
f 1244/1244/1244 1412/1412/1412 1425/1425/1425
f 1286/1286/1286 766/766/766 765/765/765
f 1426/1426/1426 1287/1287/1287 1427/1427/1427
f 1285/1285/1285 1428/1428/1428 1429/1429/1429
f 1279/1279/1279 1430/1430/1430 1431/1431/1431
f 1432/1432/1432 1283/1283/1283 1433/1433/1433
f 1434/1434/1434 1426/1426/1426 1427/1427/1427
f 1283/1283/1283 1432/1432/1432 1278/1278/1278
f 1435/1435/1435 1351/1351/1351 1436/1436/1436
f 1298/1298/1298 1299/1299/1299 1292/1292/1292
f 1300/1300/1300 1339/1339/1339 1330/1330/1330
f 1313/1313/1313 1339/1339/1339 1437/1437/1437
f 1296/1296/1296 1354/1354/1354 1435/1435/1435
f 1360/1360/1360 1340/1340/1340 1370/1370/1370
f 1435/1435/1435 1353/1353/1353 1351/1351/1351
f 1438/1438/1438 1439/1439/1439 1440/1440/1440
f 1370/1370/1370 1441/1441/1441 1373/1373/1373
f 1437/1437/1437 1300/1300/1300 1438/1438/1438
f 1359/1359/1359 1340/1340/1340 1360/1360/1360
f 1442/1442/1442 1443/1443/1443 1376/1376/1376
f 1284/1284/1284 1371/1371/1371 1428/1428/1428
f 1343/1343/1343 1345/1345/1345 1444/1444/1444
f 1431/1431/1431 1346/1346/1346 1279/1279/1279
f 1280/1280/1280 1322/1322/1322 1284/1284/1284
f 1445/1445/1445 1446/1446/1446 1444/1444/1444
f 1332/1332/1332 703/703/703 657/657/657
f 1302/1302/1302 1329/1329/1329 1438/1438/1438
f 1347/1347/1347 1367/1367/1367 1332/1332/1332
f 1438/1438/1438 1443/1443/1443 1437/1437/1437
f 1354/1354/1354 1296/1296/1296 686/686/686
f 1439/1439/1439 1447/1447/1447 1448/1448/1448
f 1447/1447/1447 1368/1368/1368 1364/1364/1364
f 1361/1361/1361 1449/1449/1449 1359/1359/1359
f 1329/1329/1329 1335/1335/1335 1439/1439/1439
f 1450/1450/1450 1357/1357/1357 1442/1442/1442
f 1435/1435/1435 1451/1451/1451 1296/1296/1296
f 1336/1336/1336 1341/1341/1341 1359/1359/1359
f 1443/1443/1443 1438/1438/1438 1452/1452/1452
f 1445/1445/1445 1356/1356/1356 1450/1450/1450
f 1350/1350/1350 1368/1368/1368 1335/1335/1335
f 1375/1375/1375 1450/1450/1450 1376/1376/1376
f 674/674/674 1341/1341/1341 1336/1336/1336
f 1313/1313/1313 1437/1437/1437 1442/1442/1442
f 1356/1356/1356 1445/1445/1445 1365/1365/1365
f 1283/1283/1283 1453/1453/1453 1433/1433/1433
f 1279/1279/1279 1278/1278/1278 1432/1432/1432
f 1285/1285/1285 1284/1284/1284 1428/1428/1428
f 1296/1296/1296 602/602/602 686/686/686
f 1435/1435/1435 1354/1354/1354 1353/1353/1353
f 1454/1454/1454 1336/1336/1336 1359/1359/1359
f 1337/1337/1337 1336/1336/1336 1454/1454/1454
f 1356/1356/1356 1357/1357/1357 1450/1450/1450
f 1357/1357/1357 1314/1314/1314 1442/1442/1442
f 1435/1435/1435 1436/1436/1436 1451/1451/1451
f 1451/1451/1451 1297/1297/1297 1296/1296/1296
f 1368/1368/1368 1447/1447/1447 1335/1335/1335
f 1351/1351/1351 1352/1352/1352 1436/1436/1436
f 1445/1445/1445 1345/1345/1345 1365/1365/1365
f 1299/1299/1299 1293/1293/1293 1292/1292/1292
f 674/674/674 665/665/665 1341/1341/1341
f 1445/1445/1445 1450/1450/1450 1446/1446/1446
f 1443/1443/1443 1442/1442/1442 1437/1437/1437
f 1335/1335/1335 1447/1447/1447 1439/1439/1439
f 1345/1345/1345 1445/1445/1445 1444/1444/1444
f 1438/1438/1438 1440/1440/1440 1452/1452/1452
f 1329/1329/1329 1439/1439/1439 1438/1438/1438
f 1439/1439/1439 1448/1448/1448 1440/1440/1440
f 1368/1368/1368 1347/1347/1347 1364/1364/1364
f 1347/1347/1347 1368/1368/1368 1367/1367/1367
f 1332/1332/1332 1367/1367/1367 703/703/703
f 1376/1376/1376 1450/1450/1450 1442/1442/1442
f 1438/1438/1438 1300/1300/1300 1302/1302/1302
f 1313/1313/1313 1442/1442/1442 1314/1314/1314
f 1437/1437/1437 1339/1339/1339 1300/1300/1300
f 1300/1300/1300 1330/1330/1330 1303/1303/1303
f 765/765/765 1281/1281/1281 1286/1286/1286
f 765/765/765 583/583/583 1281/1281/1281
f 1431/1431/1431 1441/1441/1441 1346/1346/1346
f 1377/1377/1377 1376/1376/1376 1443/1443/1443
f 961/961/961 1006/1006/1006 1387/1387/1387
f 1386/1386/1386 1013/1013/1013 1006/1006/1006
f 1011/1011/1011 1013/1013/1013 1386/1386/1386
f 1013/1013/1013 1012/1012/1012 1387/1387/1387
f 1371/1371/1371 1372/1372/1372 1428/1428/1428
f 1322/1322/1322 1371/1371/1371 1284/1284/1284
f 1340/1340/1340 1321/1321/1321 1370/1370/1370
f 1370/1370/1370 1369/1369/1369 1441/1441/1441
f 1441/1441/1441 1369/1369/1369 1346/1346/1346
f 1279/1279/1279 1432/1432/1432 1430/1430/1430
f 1429/1429/1429 1427/1427/1427 1285/1285/1285
f 1359/1359/1359 1341/1341/1341 1340/1340/1340
f 1449/1449/1449 1454/1454/1454 1359/1359/1359
f 991/991/991 1001/1001/1001 953/953/953
f 1001/1001/1001 991/991/991 956/956/956
f 989/989/989 956/956/956 991/991/991
f 974/974/974 953/953/953 1001/1001/1001
f 1050/1050/1050 1210/1210/1210 1023/1023/1023
f 1399/1399/1399 1051/1051/1051 1050/1050/1050
f 1272/1272/1272 1273/1273/1273 1422/1422/1422
f 1055/1055/1055 1391/1391/1391 1267/1267/1267
f 1390/1390/1390 1406/1406/1406 1391/1391/1391
f 1273/1273/1273 1275/1275/1275 1230/1230/1230
f 1047/1047/1047 1054/1054/1054 1405/1405/1405
f 1037/1037/1037 1399/1399/1399 1405/1405/1405
f 1404/1404/1404 1179/1179/1179 1265/1265/1265
f 1268/1268/1268 1405/1405/1405 1054/1054/1054
f 1268/1268/1268 1201/1201/1201 1038/1038/1038
f 1234/1234/1234 1233/1233/1233 1403/1403/1403
f 1407/1407/1407 1204/1204/1204 1202/1202/1202
f 1083/1083/1083 1092/1092/1092 1252/1252/1252
f 1251/1251/1251 1415/1415/1415 1051/1051/1051
f 1400/1400/1400 1040/1040/1040 1051/1051/1051
f 1153/1153/1153 1152/1152/1152 1397/1397/1397
f 1153/1153/1153 1396/1396/1396 1398/1398/1398
f 1252/1252/1252 1079/1079/1079 1415/1415/1415
f 1396/1396/1396 1397/1397/1397 1401/1401/1401
f 1415/1415/1415 1398/1398/1398 1396/1396/1396
f 1079/1079/1079 1252/1252/1252 1092/1092/1092
f 1402/1402/1402 1253/1253/1253 1039/1039/1039
f 1250/1250/1250 1043/1043/1043 1039/1039/1039
f 1393/1393/1393 1077/1077/1077 1253/1253/1253
f 1401/1401/1401 1394/1394/1394 1393/1393/1393
f 1111/1111/1111 1076/1076/1076 1077/1077/1077
f 1111/1111/1111 1393/1393/1393 1394/1394/1394
f 1088/1088/1088 1087/1087/1087 1075/1075/1075
f 1395/1395/1395 1115/1115/1115 1114/1114/1114
f 1152/1152/1152 1149/1149/1149 1395/1395/1395
f 1103/1103/1103 1423/1423/1423 1237/1237/1237
f 1255/1255/1255 1423/1423/1423 1103/1103/1103
f 1169/1169/1169 1417/1417/1417 1257/1257/1257
f 1260/1260/1260 1417/1417/1417 1169/1169/1169
f 1124/1124/1124 1424/1424/1424 1261/1261/1261
f 1242/1242/1242 1424/1424/1424 1124/1124/1124
f 1145/1145/1145 1425/1425/1425 1264/1264/1264
f 1244/1244/1244 1425/1425/1425 1145/1145/1145
f 808/808/808 799/799/799 805/805/805
f 1427/1427/1427 1287/1287/1287 1285/1285/1285
